{
  "parent": "minecraft:item/generated",
  "textures": {
    "layer0": "minecraft:item/diamond_chestplate"
  },
  "overrides": [
    { "predicate": { "custom_model_data": 1 }, "model": "yungwilder:novelty_backpacks/burger_suit" },
	{ "predicate": { "custom_model_data": 2 }, "model": "yungwilder:novelty_backpacks/claw_machine" },
	{ "predicate": { "custom_model_data": 3 }, "model": "yungwilder:novelty_backpacks/gear" },
	{ "predicate": { "custom_model_data": 4 }, "model": "yungwilder:novelty_backpacks/giant_scroll" },
	{ "predicate": { "custom_model_data": 5 }, "model": "yungwilder:novelty_backpacks/life_preserver" },
	{ "predicate": { "custom_model_data": 6 }, "model": "yungwilder:novelty_backpacks/pauldrons" },
	{ "predicate": { "custom_model_data": 7 }, "model": "yungwilder:novelty_backpacks/sword" },
	{ "predicate": { "custom_model_data": 8 }, "model": "yungwilder:novelty_backpacks/treadmill" },
	{ "predicate": { "custom_model_data": 9 }, "model": "yungwilder:novelty_backpacks/turtle_shell_blue" },
	{ "predicate": { "custom_model_data": 10 }, "model": "yungwilder:novelty_backpacks/turtle_shell_green" },
	{ "predicate": { "custom_model_data": 11 }, "model": "yungwilder:novelty_backpacks/turtle_shell_red" },
	{ "predicate": { "custom_model_data": 12 }, "model": "yungwilder:novelty_backpacks/wind_up" }
  ]
}