{"credit":"Made with Blockbench by yungwilder","texture_size":[32,32],"textures":{"0":"models/eddies_guitar","particle":"custom/eddies_guitar"},"elements":[{"from":[3.87955,-1.66061,0.025],"to":[6.87955,5.33939,1.975],"rotation":{"angle":-22.5,"axis":"z","origin":[5.87955,1.83939,1]},"faces":{"north":{"uv":[0,5,1.5,8.5],"texture":"#0"},"east":{"uv":[5.5,0,6.5,3.5],"texture":"#0"},"south":{"uv":[1.5,5,3,8.5],"texture":"#0"},"west":{"uv":[5.5,3.5,6.5,7],"texture":"#0"},"up":{"uv":[2.5,9.5,1,8.5],"texture":"#0"},"down":{"uv":[9.5,8.5,8,9.5],"texture":"#0"}}},{"from":[5.87955,-3.66061,0.025],"to":[6.87955,-1.66061,1.975],"rotation":{"angle":-22.5,"axis":"z","origin":[5.87955,1.83939,1]},"faces":{"north":{"uv":[11.5,5,12,6],"texture":"#0"},"east":{"uv":[9.5,10.5,10.5,11.5],"texture":"#0"},"south":{"uv":[8,11.5,8.5,12.5],"texture":"#0"},"west":{"uv":[1,11,2,12],"texture":"#0"},"up":{"uv":[12,9,11.5,8],"texture":"#0"},"down":{"uv":[9,11.5,8.5,12.5],"texture":"#0"}}},{"from":[4.87955,-2.66061,0.025],"to":[5.87955,-1.66061,1.975],"rotation":{"angle":-22.5,"axis":"z","origin":[5.87955,1.83939,1]},"faces":{"north":{"uv":[6.5,12,7,12.5],"texture":"#0"},"east":{"uv":[11.5,9,12.5,9.5],"texture":"#0"},"south":{"uv":[12,6.5,12.5,7],"texture":"#0"},"west":{"uv":[9.5,11.5,10.5,12],"texture":"#0"},"up":{"uv":[12,10.5,11.5,9.5],"texture":"#0"},"down":{"uv":[12,10.5,11.5,11.5],"texture":"#0"}}},{"from":[3.15224,-3.94061,0],"to":[4.15224,0.05939,2],"rotation":{"angle":22.5,"axis":"z","origin":[4.65224,-1.44061,1.5]},"faces":{"north":{"uv":[9,10.5,9.5,12.5],"texture":"#0"},"east":{"uv":[7,8,8,10],"texture":"#0"},"south":{"uv":[10.5,9,11,11],"texture":"#0"},"west":{"uv":[0,8.5,1,10.5],"texture":"#0"},"up":{"uv":[3.5,12.5,3,11.5],"texture":"#0"},"down":{"uv":[12,4,11.5,5],"texture":"#0"}}},{"from":[5.34358,-0.35509,0],"to":[8.34358,0.64491,2],"rotation":{"angle":0,"axis":"z","origin":[4.84358,0.64491,1]},"faces":{"north":{"uv":[11,1,12.5,1.5],"texture":"#0"},"east":{"uv":[11.5,3,12.5,3.5],"texture":"#0"},"south":{"uv":[11,1.5,12.5,2],"texture":"#0"},"west":{"uv":[11.5,3.5,12.5,4],"texture":"#0"},"up":{"uv":[10.5,10.5,9,9.5],"texture":"#0"},"down":{"uv":[11.5,0,10,1],"texture":"#0"}}},{"from":[3.04716,5.28491,-0.025],"to":[6.04716,7.28491,2.025],"rotation":{"angle":-45,"axis":"z","origin":[4.79716,5.53491,0.5]},"faces":{"north":{"uv":[9,2,10.5,3],"texture":"#0"},"east":{"uv":[10.5,2,11.5,3],"texture":"#0"},"south":{"uv":[9,3,10.5,4],"texture":"#0"},"west":{"uv":[10.5,3,11.5,4],"texture":"#0"},"up":{"uv":[10.5,5,9,4],"texture":"#0"},"down":{"uv":[10.5,5,9,6],"texture":"#0"}}},{"from":[3.91891,6.29005,0],"to":[4.91891,9.29005,2],"rotation":{"angle":-22.5,"axis":"z","origin":[4.41891,7.79005,1]},"faces":{"north":{"uv":[5.5,11,6,12.5],"texture":"#0"},"east":{"uv":[9.5,7.5,10.5,9],"texture":"#0"},"south":{"uv":[6,11,6.5,12.5],"texture":"#0"},"west":{"uv":[8,9.5,9,11],"texture":"#0"},"up":{"uv":[11,12,10.5,11],"texture":"#0"},"down":{"uv":[11.5,11,11,12],"texture":"#0"}}},{"from":[7.57933,3.42596,0],"to":[9.57933,9.42596,2],"rotation":{"angle":-45,"axis":"z","origin":[8.57933,6.42596,1]},"faces":{"north":{"uv":[3.5,6.5,4.5,9.5],"texture":"#0"},"east":{"uv":[4.5,6.5,5.5,9.5],"texture":"#0"},"south":{"uv":[7,2,8,5],"texture":"#0"},"west":{"uv":[7,5,8,8],"texture":"#0"},"up":{"uv":[11,2,10,1],"texture":"#0"},"down":{"uv":[11,6,10,7],"texture":"#0"}}},{"from":[10.13925,7.19003,0],"to":[11.13925,10.19003,2],"rotation":{"angle":22.5,"axis":"z","origin":[9.63925,8.19003,1]},"faces":{"north":{"uv":[4.5,11,5,12.5],"texture":"#0"},"east":{"uv":[4.5,9.5,5.5,11],"texture":"#0"},"south":{"uv":[5,11,5.5,12.5],"texture":"#0"},"west":{"uv":[5.5,9.5,6.5,11],"texture":"#0"},"up":{"uv":[11.5,10,11,9],"texture":"#0"},"down":{"uv":[11.5,10,11,11],"texture":"#0"}}},{"from":[8.72577,3.82241,0.025],"to":[9.72577,6.82241,1.975],"rotation":{"angle":0,"axis":"z","origin":[8.22577,6.07241,1]},"faces":{"north":{"uv":[3.5,11,4,12.5],"texture":"#0"},"east":{"uv":[2,9.5,3,11],"texture":"#0"},"south":{"uv":[4,11,4.5,12.5],"texture":"#0"},"west":{"uv":[3.5,9.5,4.5,11],"texture":"#0"},"up":{"uv":[7,12,6.5,11],"texture":"#0"},"down":{"uv":[11.5,8,11,9],"texture":"#0"}}},{"from":[5.61313,-0.91761,-0.025],"to":[12.61313,4.08239,2.025],"rotation":{"angle":-45,"axis":"z","origin":[9.11313,1.58239,0.5]},"faces":{"north":{"uv":[0,0,3.5,2.5],"texture":"#0"},"east":{"uv":[5.5,7,6.5,9.5],"texture":"#0"},"south":{"uv":[0,2.5,3.5,5],"texture":"#0"},"west":{"uv":[8,2,9,4.5],"texture":"#0"},"up":{"uv":[10,1,6.5,0],"texture":"#0"},"down":{"uv":[10,1,6.5,2],"texture":"#0"}}},{"from":[10.73888,-4.04189,0],"to":[11.73888,-0.04189,2],"rotation":{"angle":-22.5,"axis":"z","origin":[11.23888,-0.54189,1]},"faces":{"north":{"uv":[0.5,10.5,1,12.5],"texture":"#0"},"east":{"uv":[8,4.5,9,6.5],"texture":"#0"},"south":{"uv":[10.5,7,11,9],"texture":"#0"},"west":{"uv":[8,6.5,9,8.5],"texture":"#0"},"up":{"uv":[12,1,11.5,0],"texture":"#0"},"down":{"uv":[12,2,11.5,3],"texture":"#0"}}},{"from":[6.5,6,-0.5],"to":[8.5,19,0.5],"faces":{"north":{"uv":[3.5,0,4.5,6.5],"texture":"#0"},"east":{"uv":[3,5,3.5,11.5],"texture":"#0"},"south":{"uv":[4.5,0,5.5,6.5],"texture":"#0"},"west":{"uv":[6.5,2,7,8.5],"texture":"#0"},"up":{"uv":[10.5,9.5,9.5,9],"texture":"#0"},"down":{"uv":[12,6,11,6.5],"texture":"#0"}}},{"from":[6.5,6,0.5],"to":[8.5,9,1.5],"faces":{"north":{"uv":[3.5,0,4.5,6.5],"texture":"#0"},"east":{"uv":[3,9.5,3.5,11],"texture":"#0"},"south":{"uv":[4.5,5,5.5,6.5],"texture":"#0"},"west":{"uv":[6.5,6.5,7,8],"texture":"#0"},"up":{"uv":[10.5,9.5,9.5,9],"texture":"#0"},"down":{"uv":[12,6,11,6.5],"texture":"#0"}}},{"from":[6.5,19,-0.5],"to":[8.5,21,0.5],"faces":{"north":{"uv":[10.5,4,11.5,5],"texture":"#0"},"east":{"uv":[2.5,8.5,3,9.5],"texture":"#0"},"south":{"uv":[10.5,5,11.5,6],"texture":"#0"},"west":{"uv":[9,7.5,9.5,8.5],"texture":"#0"},"up":{"uv":[12,7,11,6.5],"texture":"#0"},"down":{"uv":[12,7,11,7.5],"texture":"#0"}}},{"from":[4.70076,20.04537,-0.375],"to":[6.70076,23.04537,0.375],"rotation":{"angle":22.5,"axis":"z","origin":[5.20076,25.04537,0]},"faces":{"north":{"uv":[9,6,10,7.5],"texture":"#0"},"east":{"uv":[2,11,2.5,12.5],"texture":"#0"},"south":{"uv":[1,9.5,2,11],"texture":"#0"},"west":{"uv":[2.5,11,3,12.5],"texture":"#0"},"up":{"uv":[12,8,11,7.5],"texture":"#0"},"down":{"uv":[9,11,8,11.5],"texture":"#0"}}},{"from":[5.70076,23.04537,-0.375],"to":[6.70076,25.04537,0.375],"rotation":{"angle":22.5,"axis":"z","origin":[5.20076,25.04537,0]},"faces":{"north":{"uv":[11.5,11.5,12,12.5],"texture":"#0"},"east":{"uv":[12,0,12.5,1],"texture":"#0"},"south":{"uv":[1,12,1.5,13],"texture":"#0"},"west":{"uv":[1.5,12,2,13],"texture":"#0"},"up":{"uv":[12.5,7.5,12,7],"texture":"#0"},"down":{"uv":[12.5,7.5,12,8],"texture":"#0"}}},{"from":[8.2315,20.34985,-0.375],"to":[9.2315,25.34985,0.375],"rotation":{"angle":22.5,"axis":"z","origin":[6.7315,21.34985,0]},"faces":{"north":{"uv":[6.5,8.5,7,11],"texture":"#0"},"east":{"uv":[7,10,7.5,12.5],"texture":"#0"},"south":{"uv":[7.5,10,8,12.5],"texture":"#0"},"west":{"uv":[0,10.5,0.5,13],"texture":"#0"},"up":{"uv":[10.5,7.5,10,7],"texture":"#0"},"down":{"uv":[12.5,2,12,2.5],"texture":"#0"}}},{"from":[9.2315,20.34985,0.125],"to":[10.2315,21.34985,0.125],"rotation":{"angle":22.5,"axis":"z","origin":[6.7315,21.34985,0]},"faces":{"north":{"uv":[12,2.5,12.5,3],"texture":"#0"},"east":{"uv":[0,0,0,0.5],"texture":"#0"},"south":{"uv":[12,4,12.5,4.5],"texture":"#0"},"west":{"uv":[0,0,0,0.5],"texture":"#0"},"up":{"uv":[0.5,0,0,0],"texture":"#0"},"down":{"uv":[0.5,0,0,0],"texture":"#0"}}},{"from":[9.2315,24.34985,0.125],"to":[10.2315,25.34985,0.125],"rotation":{"angle":22.5,"axis":"z","origin":[6.7315,21.34985,0]},"faces":{"north":{"uv":[12,5.5,12.5,6],"texture":"#0"},"east":{"uv":[0,0,0,0.5],"texture":"#0"},"south":{"uv":[12,6,12.5,6.5],"texture":"#0"},"west":{"uv":[0,0,0,0.5],"texture":"#0"},"up":{"uv":[0.5,0,0,0],"texture":"#0"},"down":{"uv":[0.5,0,0,0],"texture":"#0"}}},{"from":[9.2315,22.34985,0.125],"to":[10.2315,23.34985,0.125],"rotation":{"angle":22.5,"axis":"z","origin":[6.7315,21.34985,0]},"faces":{"north":{"uv":[12,4.5,12.5,5],"texture":"#0"},"east":{"uv":[0,0,0,0.5],"texture":"#0"},"south":{"uv":[12,5,12.5,5.5],"texture":"#0"},"west":{"uv":[0,0,0,0.5],"texture":"#0"},"up":{"uv":[0.5,0,0,0],"texture":"#0"},"down":{"uv":[0.5,0,0,0],"texture":"#0"}}},{"from":[6.5,4,-0.5],"to":[8.5,5,0.5],"faces":{"north":{"uv":[9,6.5,10,7],"texture":"#0"},"east":{"uv":[9,6.5,9.5,7],"texture":"#0"},"south":{"uv":[9.5,6.5,10,7],"texture":"#0"},"west":{"uv":[9.5,6.5,10,7],"texture":"#0"},"up":{"uv":[9,6.5,10,7],"rotation":180,"texture":"#0"},"down":{"uv":[9,6.5,10,7],"rotation":180,"texture":"#0"}}},{"from":[6.5,2,-0.5],"to":[8.5,3,0.5],"faces":{"north":{"uv":[9,6.5,10,7],"texture":"#0"},"east":{"uv":[9,6.5,9.5,7],"texture":"#0"},"south":{"uv":[9.5,6.5,10,7],"texture":"#0"},"west":{"uv":[9.5,6.5,10,7],"texture":"#0"},"up":{"uv":[9,6.5,10,7],"rotation":180,"texture":"#0"},"down":{"uv":[9,6.5,10,7],"rotation":180,"texture":"#0"}}},{"from":[6.5,0,-0.5],"to":[8.5,1,0.5],"faces":{"north":{"uv":[9,6.5,10,7],"texture":"#0"},"east":{"uv":[9,6.5,9.5,7],"texture":"#0"},"south":{"uv":[9.5,6.5,10,7],"texture":"#0"},"west":{"uv":[9.5,6.5,10,7],"texture":"#0"},"up":{"uv":[9,6.5,10,7],"rotation":180,"texture":"#0"},"down":{"uv":[9,6.5,10,7],"rotation":180,"texture":"#0"}}},{"from":[4.3,0.5,-0.5],"to":[5.3,1.5,0.5],"rotation":{"angle":-22.5,"axis":"z","origin":[5,0.5,0]},"faces":{"north":{"uv":[9.5,6.5,10,7],"texture":"#0"},"east":{"uv":[9.5,6.5,10,7],"texture":"#0"},"south":{"uv":[9.5,6.5,10,7],"texture":"#0"},"west":{"uv":[9.5,6.5,10,7],"texture":"#0"},"up":{"uv":[9.5,6.5,10,7],"texture":"#0"},"down":{"uv":[9.5,6.5,10,7],"texture":"#0"}}},{"from":[4.3,-1.5,-0.5],"to":[5.3,-0.5,0.5],"rotation":{"angle":-22.5,"axis":"z","origin":[5,0.5,0]},"faces":{"north":{"uv":[9.5,6.5,10,7],"texture":"#0"},"east":{"uv":[9.5,6.5,10,7],"texture":"#0"},"south":{"uv":[9.5,6.5,10,7],"texture":"#0"},"west":{"uv":[9.5,6.5,10,7],"texture":"#0"},"up":{"uv":[9.5,6.5,10,7],"texture":"#0"},"down":{"uv":[9.5,6.5,10,7],"texture":"#0"}}},{"from":[5.94054,0,-1.7471],"to":[5.94054,5,0.2529],"rotation":{"angle":-22.5,"axis":"x","origin":[5.94054,2.5,-0.7471]},"faces":{"north":{"uv":[0,0,0.5,0.5],"texture":"#missing"},"east":{"uv":[12.5,0,13.5,2.5],"texture":"#0"},"south":{"uv":[0,0,0.5,0.5],"texture":"#missing"},"west":{"uv":[13.5,0,12.5,2.5],"texture":"#0"},"up":{"uv":[0,0,0.5,0.5],"texture":"#missing"},"down":{"uv":[0,0,0.5,0.5],"texture":"#missing"}}}],"gui_light":"front","display":{"thirdperson_righthand":{"rotation":[-180,80,0],"translation":[8,8,0]},"thirdperson_lefthand":{"rotation":[-180,80,0],"translation":[8,8,-0.5]},"firstperson_righthand":{"rotation":[135,80,0],"translation":[4,4,0],"scale":[0.7,0.7,0.7]},"firstperson_lefthand":{"rotation":[135,80,0],"translation":[4,4,0],"scale":[0.7,0.7,0.7]},"ground":{"rotation":[45,45,0],"translation":[2.5,1,1],"scale":[0.5,0.5,0.5]},"gui":{"rotation":[20,-165,45],"translation":[-2.25,1,0],"scale":[0.6,0.6,0.6]},"head":{"rotation":[0,0,30],"translation":[0,12,4],"scale":[0.7,0.7,0.7]},"fixed":{"rotation":[0,0,45],"translation":[2,-1,4.75],"scale":[0.8,0.8,0.8]}}}