{
  "parent": "minecraft:item/handheld",
  "textures": {
    "layer0": "minecraft:item/feather"
  },
    "overrides": [
        { "predicate": {"custom_model_data": 1}, "model": "item/toffy/xmasdecor/toffy_christmas_tree"},
		{ "predicate": {"custom_model_data": 2}, "model": "item/toffy/xmasdecor/toffy_xmasdecor_hanging"},
		{ "predicate": {"custom_model_data": 3}, "model": "item/toffy/xmasdecor/toffy_xmasdecor_basket"},
		{ "predicate": {"custom_model_data": 4}, "model": "item/toffy/xmasdecor/toffy_xmasdecor_wreath"},
		{ "predicate": {"custom_model_data": 5}, "model": "item/toffy/xmasdecor/toffy_xmasdecor_gift"},
		{ "predicate": {"custom_model_data": 6}, "model": "item/toffy/xmasdecor/toffy_xmasdecor_giftlarge"},
		{ "predicate": {"custom_model_data": 7}, "model": "item/toffy/xmasdecor/toffy_xmasdecor_santafigure"},
		{ "predicate": {"custom_model_data": 10}, "model": "item/toffy/xmasdecor/toffy_xmasdecor_snowman"},
		{ "predicate": {"custom_model_data": 12}, "model": "item/toffy/xmasdecor/toffy_xmasdecor_socks"},
		{ "predicate": {"custom_model_data": 16}, "model": "item/toffy/xmasdecor/toffy_xmasdecor_balloons"}
    ]
}