{
    "parent": "item/handheld_rod",
    "textures": {
        "layer0": "item/fishing_rod"
    },
    "overrides": [
        { "predicate": { "cast": 1 }, "model": "item/fishing_rod_cast" },
		
		{ "predicate": { "custom_model_data": 1 }, "model": "yungwilder:independence_set/independence_fishing_rod" },
		{ "predicate": { "custom_model_data": 1, "cast": 1 }, "model": "yungwilder:independence_set/independence_fishing_rod_cast" },
        { "predicate": {"custom_model_data": 5600}, "model": "item/jeqo/gem_set/red_gem_rod" },
        { "predicate": {"cast": 1, "custom_model_data": 5600}, "model": "item/jeqo/gem_set/red_gem_rod_cast" },
        { "predicate": {"custom_model_data": 5601}, "model": "item/jeqo/gem_set/blue_gem_rod" },
        { "predicate": {"cast": 1, "custom_model_data": 5601}, "model": "item/jeqo/gem_set/blue_gem_rod_cast" },
        { "predicate": {"custom_model_data": 5}, "model": "item/jeqo/gem_set/green_gem_rod" },
        { "predicate": {"cast": 1, "custom_model_data": 5602}, "model": "item/jeqo/gem_set/green_gem_rod_cast" },
        { "predicate": {"custom_model_data": 5603}, "model": "item/jeqo/gem_set/purple_gem_rod" },
        { "predicate": {"cast": 1, "custom_model_data": 5603}, "model": "item/jeqo/gem_set/purple_gem_rod_cast" },
        { "predicate": {"custom_model_data": 5604}, "model": "item/jeqo/gem_set/pink_gem_rod" },
        { "predicate": {"cast": 1, "custom_model_data": 5604}, "model": "item/jeqo/gem_set/pink_gem_rod_cast" },
        { "predicate": {"custom_model_data": 5605}, "model": "item/jeqo/gem_set/gray_gem_rod" },
        { "predicate": {"cast": 1, "custom_model_data": 5605}, "model": "item/jeqo/gem_set/gray_gem_rod_cast" },
        {	"predicate": { "custom_model_data": 6000 }, "model": "custom/feather_rod" },
        { "predicate": { "custom_model_data": 6000, "cast": 1 }, "model": "custom/feather_rod_cast" }
        
        ]
}
