{"parent":"minecraft:item/generated","textures":{"layer0":"minecraft:item/leather_horse_armor"},"overrides":[{"predicate":{"custom_model_data":1},"model":"modelengine:finaldragon/headgroup"},{"predicate":{"custom_model_data":2},"model":"modelengine:finaldragon/leftwinggroup"},{"predicate":{"custom_model_data":3},"model":"modelengine:finaldragon/leftwingtipgroup"},{"predicate":{"custom_model_data":4},"model":"modelengine:finaldragon/rightwinggroup"},{"predicate":{"custom_model_data":5},"model":"modelengine:finaldragon/rightwingtipgroup"},{"predicate":{"custom_model_data":6},"model":"modelengine:finaldragon/frontleftleggroup"},{"predicate":{"custom_model_data":7},"model":"modelengine:finaldragon/frontleftshingroup"},{"predicate":{"custom_model_data":8},"model":"modelengine:finaldragon/frontleftfootgroup"},{"predicate":{"custom_model_data":9},"model":"modelengine:finaldragon/backleftleggroup"},{"predicate":{"custom_model_data":10},"model":"modelengine:finaldragon/backleftshingroup"},{"predicate":{"custom_model_data":11},"model":"modelengine:finaldragon/backleftfootgroup"},{"predicate":{"custom_model_data":12},"model":"modelengine:finaldragon/frontrightleggroup"},{"predicate":{"custom_model_data":13},"model":"modelengine:finaldragon/frontrightshingroup"},{"predicate":{"custom_model_data":14},"model":"modelengine:finaldragon/frontrightfootgroup"},{"predicate":{"custom_model_data":15},"model":"modelengine:finaldragon/backrightleggroup"},{"predicate":{"custom_model_data":16},"model":"modelengine:finaldragon/backrightshingroup"},{"predicate":{"custom_model_data":17},"model":"modelengine:finaldragon/backrightfootgroup"},{"predicate":{"custom_model_data":18},"model":"modelengine:finaldragon/spinegroup"},{"predicate":{"custom_model_data":19},"model":"modelengine:finaldragon/bodygroup"},{"predicate":{"custom_model_data":20},"model":"modelengine:finaldragon/backspinegroup"},{"predicate":{"custom_model_data":21},"model":"modelengine:finaldragon/otherbackspinegroup"},{"predicate":{"custom_model_data":22},"model":"modelengine:turkeybot/turkey"},{"predicate":{"custom_model_data":23},"model":"modelengine:turkeybot/tail1"},{"predicate":{"custom_model_data":24},"model":"modelengine:turkeybot/tail2"},{"predicate":{"custom_model_data":25},"model":"modelengine:turkeybot/leftwing"},{"predicate":{"custom_model_data":26},"model":"modelengine:turkeybot/rightwing"},{"predicate":{"custom_model_data":27},"model":"modelengine:turkeybot/leftleg"},{"predicate":{"custom_model_data":28},"model":"modelengine:turkeybot/leftshin"},{"predicate":{"custom_model_data":29},"model":"modelengine:turkeybot/rightleg"},{"predicate":{"custom_model_data":30},"model":"modelengine:turkeybot/rightshin"},{"predicate":{"custom_model_data":31},"model":"modelengine:turkeybot/neck1"},{"predicate":{"custom_model_data":32},"model":"modelengine:turkeybot/neck2"},{"predicate":{"custom_model_data":33},"model":"modelengine:turkeybot/head"},{"predicate":{"custom_model_data":34},"model":"modelengine:turkeybot/jaw"},{"predicate":{"custom_model_data":35},"model":"modelengine:turkeybot/neck3"},{"predicate":{"custom_model_data":36},"model":"modelengine:turkeybot_baby/turkeybaby"},{"predicate":{"custom_model_data":37},"model":"modelengine:turkeybot_baby/rightwing"},{"predicate":{"custom_model_data":38},"model":"modelengine:turkeybot_baby/head"},{"predicate":{"custom_model_data":39},"model":"modelengine:turkeybot_baby/leftwing"},{"predicate":{"custom_model_data":40},"model":"modelengine:turkeybot_baby/leftleg"},{"predicate":{"custom_model_data":41},"model":"modelengine:turkeybot_baby/rightleg"},{"predicate":{"custom_model_data":42},"model":"modelengine:turkeybot_dinner/turkey"},{"predicate":{"custom_model_data":43},"model":"modelengine:turkeybot_dinner/left_wing"},{"predicate":{"custom_model_data":44},"model":"modelengine:turkeybot_dinner/right_wing"},{"predicate":{"custom_model_data":45},"model":"modelengine:turkeybot_dinner/left_leg"},{"predicate":{"custom_model_data":46},"model":"modelengine:turkeybot_dinner/right_leg"},{"predicate":{"custom_model_data":47},"model":"modelengine:turkeybot_egg/egg"}]}