{
  "parent": "minecraft:item/handheld",
  "textures": {
    "layer0": "minecraft:item/netherite_sword"
  },
  "overrides": [
    { "predicate": { "custom_model_data": 2000 }, "model": "yungwilder:independence_set/independence_sword" },
       { "predicate": {"custom_model_data": 2001}, "model": "item/solar_sword"},
        {"predicate":{"custom_model_data":5600},"model":"item/jeqo/gem_set/red_gem_sword"},
        {"predicate":{"custom_model_data":5601},"model":"item/jeqo/gem_set/blue_gem_sword"},
        {"predicate":{"custom_model_data":5602},"model":"item/jeqo/gem_set/green_gem_sword"},
        {"predicate":{"custom_model_data":5603},"model":"item/jeqo/gem_set/purple_gem_sword"},
        {"predicate":{"custom_model_data":5604},"model":"item/jeqo/gem_set/pink_gem_sword"},
        {"predicate":{"custom_model_data":5605},"model":"item/jeqo/gem_set/gray_gem_sword"},
        { "predicate": {"custom_model_data": 10000}, "model": "custom/pumpkin_sword"},
        { "predicate": { "custom_model_data": 15000 }, "model": "yungwilder:halloween_pack/vampire_sword" },
        { "predicate": {"custom_model_data": 15001}, "model": "custom/leaf_sword"}
        

  ]
}