{
  "parent": "minecraft:item/handheld",
  "textures": {
    "layer0": "minecraft:item/netherite_pickaxe"
  },
    "overrides": [
          { "predicate": { "custom_model_data": 2000 }, "model": "yungwilder:independence_set/independence_pickaxe"},
        { "predicate": {"custom_model_data": 2201}, "model": "item/solar_pickaxe"},
        {"predicate":{"custom_model_data":5600},"model":"item/jeqo/gem_set/red_gem_pickaxe"},
        {"predicate":{"custom_model_data":5601},"model":"item/jeqo/gem_set/blue_gem_pickaxe"},
        {"predicate":{"custom_model_data":5000},"model":"item/jeqo/gem_set/green_gem_pickaxe"},
        {"predicate":{"custom_model_data":5603},"model":"item/jeqo/gem_set/purple_gem_pickaxe"},
        {"predicate":{"custom_model_data":5604},"model":"item/jeqo/gem_set/pink_gem_pickaxe"},
        {"predicate":{"custom_model_data":5605},"model":"item/jeqo/gem_set/gray_gem_pickaxe"},
        { "predicate": {"custom_model_data": 10000}, "model": "custom/eye_pickaxe"},
        { "predicate": {"custom_model_data": 10001}, "model": "custom/feather_pickaxe"}
        
    ]
}