{
  "parent": "minecraft:item/handheld",
  "textures": {
    "layer0": "minecraft:item/netherite_axe"
  },
  "overrides": [
      { "predicate": { "custom_model_data": 1 }, "model": "yungwilder:independence_set/independence_axe" },
        {"predicate": {"custom_model_data": 2000}, "model": "item/solar_axe"},
        {"predicate":{"custom_model_data":5600},"model":"item/jeqo/gem_set/red_gem_axe"},
        {"predicate":{"custom_model_data":5601},"model":"item/jeqo/gem_set/blue_gem_axe"},
        {"predicate":{"custom_model_data":5602},"model":"item/jeqo/gem_set/green_gem_axe"},
        {"predicate":{"custom_model_data":5603},"model":"item/jeqo/gem_set/purple_gem_axe"},
        {"predicate":{"custom_model_data":5604},"model":"item/jeqo/gem_set/pink_gem_axe"},
        {"predicate":{"custom_model_data":5605},"model":"item/jeqo/gem_set/gray_gem_axe"},
        { "predicate": {"custom_model_data": 6000}, "model": "custom/skull_axe"},
        { "predicate": {"custom_model_data": 6001}, "model": "custom/turkey_leg"}
  ]
}