{
  "parent": "minecraft:item/handheld",
  "textures": {
    "layer0": "minecraft:item/netherite_hoe"
  },
  "overrides": [
    { "predicate": { "custom_model_data": 1 }, "model": "yungwilder:independence_set/independence_hoe" },
        { "predicate": {"custom_model_data": 2000}, "model": "item/solar_axe"},
        {"predicate":{"custom_model_data":5600},"model":"item/jeqo/gem_set/red_gem_hoe"},
        {"predicate":{"custom_model_data":5601},"model":"item/jeqo/gem_set/blue_gem_hoe"},
        {"predicate":{"custom_model_data":5602},"model":"item/jeqo/gem_set/green_gem_hoe"},
        {"predicate":{"custom_model_data":5603},"model":"item/jeqo/gem_set/purple_gem_hoe"},
        {"predicate":{"custom_model_data":5604},"model":"item/jeqo/gem_set/pink_gem_hoe"},
        {"predicate":{"custom_model_data":5605},"model":"item/jeqo/gem_set/gray_gem_hoe"},
        { "predicate": {"custom_model_data": 10000}, "model": "custom/scythe_hoe"}


  ]
}