{
  "parent": "minecraft:item/handheld",
  "textures": {
    "layer0": "minecraft:item/red_dye"
  },
  "overrides":[
    {"predicate":{"custom_model_data":301},"model":"custom/359"},
    {"predicate":{"custom_model_data":302},"model":"custom/359b"},
    {"predicate":{"custom_model_data":303},"model":"custom/360"},
    {"predicate":{"custom_model_data":304},"model":"custom/360b"},
    {"predicate":{"custom_model_data":305},"model":"custom/362"},
    {"predicate":{"custom_model_data":306},"model":"custom/363"},
    {"predicate":{"custom_model_data":307},"model":"custom/364"},
    {"predicate":{"custom_model_data":308},"model":"custom/365"},
    {"predicate":{"custom_model_data":309},"model":"custom/366"},
    {"predicate":{"custom_model_data":310},"model":"custom/367"}
  ]
}