{
	"texture_size": [64, 64],
	"textures": {
		"1": "solar/solar_shield_hexadecagon"
	},
	"elements": [
		{
			"name": "handle",
			"from": [7, 8, 13],
			"to": [9, 14, 19],
			"faces": {
				"north": {"uv": [0, 9, 0.5, 10.5], "texture": "#1"},
				"east": {"uv": [6, 6, 7.5, 7.5], "texture": "#1"},
				"south": {"uv": [9, 0, 9.5, 1.5], "texture": "#1"},
				"west": {"uv": [6, 7.5, 7.5, 9], "texture": "#1"},
				"up": {"uv": [1, 10.5, 0.5, 9], "texture": "#1"},
				"down": {"uv": [1.5, 9, 1, 10.5], "texture": "#1"}
			}
		},
		{
			"name": "shield",
			"from": [2, 5, 12],
			"to": [14, 17, 13],
			"faces": {
				"north": {"uv": [0, 0, 3, 3], "texture": "#1"},
				"east": {"uv": [1.5, 9, 1.75, 12], "texture": "#1"},
				"south": {"uv": [0, 3, 3, 6], "texture": "#1"},
				"west": {"uv": [9, 1.5, 9.25, 4.5], "texture": "#1"},
				"up": {"uv": [4.75, 9.25, 1.75, 9], "texture": "#1"},
				"down": {"uv": [12, 4.5, 9, 4.75], "texture": "#1"}
			}
		},
		{
			"name": "shield",
			"from": [1.997, 4.997, 11.997],
			"to": [14.003, 17.003, 13.003],
			"rotation": {"angle": 45, "axis": "z", "origin": [8, 11, 12.5]},
			"faces": {
				"north": {"uv": [3, 0, 6, 3], "texture": "#1"},
				"east": {"uv": [4.75, 9, 5, 12], "texture": "#1"},
				"south": {"uv": [3, 3, 6, 6], "texture": "#1"},
				"west": {"uv": [9, 4.75, 9.25, 7.75], "texture": "#1"},
				"up": {"uv": [12, 8, 9, 7.75], "texture": "#1"},
				"down": {"uv": [12.25, 1.5, 9.25, 1.75], "texture": "#1"}
			}
		},
		{
			"name": "shield",
			"from": [4.997, 8.997, 11.497],
			"to": [11.003, 13.003, 12.503],
			"rotation": {"angle": 45, "axis": "z", "origin": [8, 11, 12.5]},
			"faces": {
				"north": {"uv": [7.5, 6, 9, 7], "texture": "#1"},
				"east": {"uv": [6, 9.25, 6.25, 10.25], "texture": "#1"},
				"south": {"uv": [7.5, 7, 9, 8], "texture": "#1"},
				"west": {"uv": [6.25, 9.25, 6.5, 10.25], "texture": "#1"},
				"up": {"uv": [7.5, 9.25, 6, 9], "texture": "#1"},
				"down": {"uv": [10.75, 2.5, 9.25, 2.75], "texture": "#1"}
			}
		},
		{
			"name": "shield",
			"from": [5.997, 7.997, 11.497],
			"to": [10.003, 14.003, 12.503],
			"rotation": {"angle": 45, "axis": "z", "origin": [8, 11, 12.5]},
			"faces": {
				"north": {"uv": [7.5, 8, 8.5, 9.5], "texture": "#1"},
				"east": {"uv": [9.25, 2.75, 9.5, 4.25], "texture": "#1"},
				"south": {"uv": [8.5, 8, 9.5, 9.5], "texture": "#1"},
				"west": {"uv": [9.25, 4.75, 9.5, 6.25], "texture": "#1"},
				"up": {"uv": [10.25, 4.5, 9.25, 4.25], "texture": "#1"},
				"down": {"uv": [10.25, 6.25, 9.25, 6.5], "texture": "#1"}
			}
		},
		{
			"name": "shield",
			"from": [1.999, 4.999, 11.999],
			"to": [14.001, 17.001, 13.001],
			"rotation": {"angle": -22.5, "axis": "z", "origin": [8, 11, 12.5]},
			"faces": {
				"north": {"uv": [0, 6, 3, 9], "texture": "#1"},
				"east": {"uv": [5, 9, 5.25, 12], "texture": "#1"},
				"south": {"uv": [6, 0, 9, 3], "texture": "#1"},
				"west": {"uv": [5.25, 9, 5.5, 12], "texture": "#1"},
				"up": {"uv": [4.75, 9.5, 1.75, 9.25], "texture": "#1"},
				"down": {"uv": [12.25, 1.75, 9.25, 2], "texture": "#1"}
			}
		},
		{
			"name": "shield",
			"from": [1.998, 4.998, 11.998],
			"to": [14.002, 17.002, 13.002],
			"rotation": {"angle": 22.5, "axis": "z", "origin": [8, 11, 12.5]},
			"faces": {
				"north": {"uv": [3, 6, 6, 9], "texture": "#1"},
				"east": {"uv": [5.5, 9, 5.75, 12], "texture": "#1"},
				"south": {"uv": [6, 3, 9, 6], "texture": "#1"},
				"west": {"uv": [5.75, 9, 6, 12], "texture": "#1"},
				"up": {"uv": [12.25, 2.25, 9.25, 2], "texture": "#1"},
				"down": {"uv": [12.25, 2.25, 9.25, 2.5], "texture": "#1"}
			}
		}
	],
	"display": {
		"thirdperson_righthand": {
			"rotation": [90, -90, 90],
			"translation": [8, -5, 3]
		},
		"thirdperson_lefthand": {
			"rotation": [90, -90, 90],
			"translation": [8, -5, 3]
		},
		"firstperson_righthand": {
			"rotation": [-180, -160, 135],
			"translation": [-6, -3, -1]
		},
		"firstperson_lefthand": {
			"rotation": [-180, -160, 135],
			"translation": [-6, -3, -1]
		},
		"ground": {
			"translation": [0, 0, -5]
		},
		"gui": {
			"rotation": [-22.25, 152.25, 30.5],
			"translation": [-3.5, -1.25, 0]
		},
		"head": {
			"rotation": [90, 0, 0],
			"translation": [0, 11.5, -3]
		},
		"fixed": {
			"translation": [0, -3, -5]
		}
	},
	"groups": [
		{
			"name": "shield",
			"origin": [0, 11, 1],
			"color": 0,
			"children": [0, 1, 2, 3, 4, 5, 6]
		}
	]
}