{
	"texture_size": [64, 64],
	"textures": {
		"2": "solar/solar_fishing_rod",
		"particle": "solar/solar_fishing_rod"
	},
	"elements": [
		{
			"from": [6.5, -14, 6.5],
			"to": [9.5, -11, 9.5],
			"rotation": {"angle": -45, "axis": "z", "origin": [8, -12.5, 8]},
			"faces": {
				"north": {"uv": [5.5, 3.5, 6.25, 4.25], "texture": "#2"},
				"east": {"uv": [5.5, 4.25, 6.25, 5], "texture": "#2"},
				"south": {"uv": [5.5, 5, 6.25, 5.75], "texture": "#2"},
				"west": {"uv": [4.5, 5.75, 5.25, 6.5], "texture": "#2"},
				"up": {"uv": [6, 6.5, 5.25, 5.75], "texture": "#2"},
				"down": {"uv": [6.75, 5.75, 6, 6.5], "texture": "#2"}
			}
		},
		{
			"from": [8.75, -14.5, 7.5],
			"to": [9.75, -12.5, 8.5],
			"rotation": {"angle": 45, "axis": "z", "origin": [9.75, -12.5, 8.5]},
			"faces": {
				"north": {"uv": [3, 5.5, 3.25, 6], "texture": "#2"},
				"east": {"uv": [3.25, 5.5, 3.5, 6], "texture": "#2"},
				"south": {"uv": [6.25, 2.25, 6.5, 2.75], "texture": "#2"},
				"west": {"uv": [6.5, 3, 6.75, 3.5], "texture": "#2"},
				"up": {"uv": [8.5, 1.25, 8.25, 1], "texture": "#2"},
				"down": {"uv": [8.5, 1.25, 8.25, 1.5], "texture": "#2"}
			}
		},
		{
			"from": [6.25, -14.5, 7.5],
			"to": [7.25, -12.5, 8.5],
			"rotation": {"angle": -45, "axis": "z", "origin": [6.25, -12.5, 8.5]},
			"faces": {
				"north": {"uv": [6.75, 3, 7, 3.5], "texture": "#2"},
				"east": {"uv": [7.25, 0, 7.5, 0.5], "texture": "#2"},
				"south": {"uv": [7.25, 2.25, 7.5, 2.75], "texture": "#2"},
				"west": {"uv": [3.5, 7.25, 3.75, 7.75], "texture": "#2"},
				"up": {"uv": [8.5, 1.75, 8.25, 1.5], "texture": "#2"},
				"down": {"uv": [8.5, 1.75, 8.25, 2], "texture": "#2"}
			}
		},
		{
			"from": [8, -15.5, 7.5],
			"to": [9, -13.5, 8.5],
			"rotation": {"angle": 22.5, "axis": "z", "origin": [9, -13.5, 8.5]},
			"faces": {
				"north": {"uv": [3.75, 7.25, 4, 7.75], "texture": "#2"},
				"east": {"uv": [4, 7.25, 4.25, 7.75], "texture": "#2"},
				"south": {"uv": [4.25, 7.25, 4.5, 7.75], "texture": "#2"},
				"west": {"uv": [4.5, 7.25, 4.75, 7.75], "texture": "#2"},
				"up": {"uv": [2.25, 8.5, 2, 8.25], "texture": "#2"},
				"down": {"uv": [8.5, 2, 8.25, 2.25], "texture": "#2"}
			}
		},
		{
			"from": [7, -15.5, 7.5],
			"to": [8, -13.5, 8.5],
			"rotation": {"angle": -22.5, "axis": "z", "origin": [7, -13.5, 8.5]},
			"faces": {
				"north": {"uv": [4.75, 7.25, 5, 7.75], "texture": "#2"},
				"east": {"uv": [5, 7.25, 5.25, 7.75], "texture": "#2"},
				"south": {"uv": [5.25, 7.25, 5.5, 7.75], "texture": "#2"},
				"west": {"uv": [5.5, 7.25, 5.75, 7.75], "texture": "#2"},
				"up": {"uv": [2.5, 8.5, 2.25, 8.25], "texture": "#2"},
				"down": {"uv": [2.75, 8.25, 2.5, 8.5], "texture": "#2"}
			}
		},
		{
			"from": [7.001, -11.999, 7.001],
			"to": [8.999, 23.999, 8.999],
			"rotation": {"angle": 0, "axis": "y", "origin": [0, 18, 0]},
			"faces": {
				"north": {"uv": [0, 0, 0.5, 9], "texture": "#2"},
				"east": {"uv": [0.5, 0, 1, 9], "texture": "#2"},
				"south": {"uv": [1, 0, 1.5, 9], "texture": "#2"},
				"west": {"uv": [1.5, 0, 2, 9], "texture": "#2"},
				"up": {"uv": [3.5, 5, 3, 4.5], "texture": "#2"},
				"down": {"uv": [3.5, 5, 3, 5.5], "texture": "#2"}
			}
		},
		{
			"from": [6.501, -9.999, 6.501],
			"to": [9.499, -1.001, 9.499],
			"rotation": {"angle": 0, "axis": "y", "origin": [0, 18, 0]},
			"faces": {
				"north": {"uv": [2, 0, 2.75, 2.25], "texture": "#2"},
				"east": {"uv": [2, 2.25, 2.75, 4.5], "texture": "#2"},
				"south": {"uv": [2.75, 0, 3.5, 2.25], "texture": "#2"},
				"west": {"uv": [2.75, 2.25, 3.5, 4.5], "texture": "#2"},
				"up": {"uv": [7, 1.5, 6.25, 0.75], "texture": "#2"},
				"down": {"uv": [7, 1.5, 6.25, 2.25], "texture": "#2"}
			}
		},
		{
			"from": [6.501, 8.001, 6.501],
			"to": [9.499, 10.999, 9.499],
			"rotation": {"angle": 0, "axis": "y", "origin": [0, 18, 0]},
			"faces": {
				"north": {"uv": [2, 6.25, 2.75, 7], "texture": "#2"},
				"east": {"uv": [2.75, 6.25, 3.5, 7], "texture": "#2"},
				"south": {"uv": [6.25, 3.5, 7, 4.25], "texture": "#2"},
				"west": {"uv": [6.25, 4.25, 7, 5], "texture": "#2"},
				"up": {"uv": [7, 5.75, 6.25, 5], "texture": "#2"},
				"down": {"uv": [7.25, 0, 6.5, 0.75], "texture": "#2"}
			}
		},
		{
			"from": [6.501, 16.001, 6.501],
			"to": [9.499, 18.999, 9.499],
			"rotation": {"angle": 0, "axis": "y", "origin": [0, 18, 0]},
			"faces": {
				"north": {"uv": [2, 6.25, 2.75, 7], "texture": "#2"},
				"east": {"uv": [2.75, 6.25, 3.5, 7], "texture": "#2"},
				"south": {"uv": [6.25, 3.5, 7, 4.25], "texture": "#2"},
				"west": {"uv": [6.25, 4.25, 7, 5], "texture": "#2"},
				"up": {"uv": [7, 5.75, 6.25, 5], "texture": "#2"},
				"down": {"uv": [7.25, 0, 6.5, 0.75], "texture": "#2"}
			}
		},
		{
			"from": [6.501, 24.001, 6.501],
			"to": [9.499, 26.999, 9.499],
			"rotation": {"angle": 0, "axis": "y", "origin": [0, 18, 0]},
			"faces": {
				"north": {"uv": [2, 6.25, 2.75, 7], "texture": "#2"},
				"east": {"uv": [2.75, 6.25, 3.5, 7], "texture": "#2"},
				"south": {"uv": [6.25, 3.5, 7, 4.25], "texture": "#2"},
				"west": {"uv": [6.25, 4.25, 7, 5], "texture": "#2"},
				"up": {"uv": [7, 5.75, 6.25, 5], "texture": "#2"},
				"down": {"uv": [7.25, 0, 6.5, 0.75], "texture": "#2"}
			}
		},
		{
			"from": [6.5, 5, 8],
			"to": [7.5, 24, 8],
			"rotation": {"angle": 0, "axis": "y", "origin": [6.5, 25.5, 8]},
			"faces": {
				"north": {"uv": [3.5, 2, 3.75, 6.75], "texture": "#2"},
				"east": {"uv": [0, 0, 0, 4.5], "texture": "#2"},
				"south": {"uv": [3.75, 2, 4, 6.75], "texture": "#2"},
				"west": {"uv": [0, 0, 0, 4.5], "texture": "#2"},
				"up": {"uv": [0.25, 0, 0, 0], "texture": "#2"},
				"down": {"uv": [0.25, 0, 0, 0], "texture": "#2"}
			}
		},
		{
			"from": [6.25, 8.25, 8],
			"to": [7.25, 26.25, 8],
			"rotation": {"angle": -22.5, "axis": "z", "origin": [6.5, 25.5, 8]},
			"faces": {
				"north": {"uv": [4, 2, 4.25, 6.5], "texture": "#2"},
				"east": {"uv": [0, 0, 0, 4.5], "texture": "#2"},
				"south": {"uv": [4.25, 2, 4.5, 6.5], "texture": "#2"},
				"west": {"uv": [0, 0, 0, 4.5], "texture": "#2"},
				"up": {"uv": [0.25, 0, 0, 0], "texture": "#2"},
				"down": {"uv": [0.25, 0, 0, 0], "texture": "#2"}
			}
		},
		{
			"from": [-2.25666, 6.53882, 8],
			"to": [2.74334, 10.53882, 8],
			"rotation": {"angle": -22.5, "axis": "z", "origin": [-2.50666, 10.28882, 8]},
			"faces": {
				"north": {"uv": [3.5, 0, 4.75, 1], "texture": "#2"},
				"east": {"uv": [0, 0, 0, 1], "texture": "#2"},
				"south": {"uv": [3.5, 1, 4.75, 2], "texture": "#2"},
				"west": {"uv": [0, 0, 0, 1], "texture": "#2"},
				"up": {"uv": [1.25, 0, 0, 0], "texture": "#2"},
				"down": {"uv": [1.25, 0, 0, 0], "texture": "#2"}
			}
		},
		{
			"from": [5.03036, 0.5665, 6.485],
			"to": [9.06036, 4.5965, 9.515],
			"rotation": {"angle": -45, "axis": "z", "origin": [8.04536, 1.6315, 6.995]},
			"faces": {
				"north": {"uv": [2, 4.5, 3, 5.5], "texture": "#2"},
				"east": {"uv": [4.75, 0, 5.5, 1], "texture": "#2"},
				"south": {"uv": [4.5, 2, 5.5, 3], "texture": "#2"},
				"west": {"uv": [4.75, 1, 5.5, 2], "texture": "#2"},
				"up": {"uv": [5.5, 5.75, 4.5, 5], "texture": "#2"},
				"down": {"uv": [6.5, 0, 5.5, 0.75], "texture": "#2"}
			}
		},
		{
			"from": [5.99, 0.99, 6.49],
			"to": [10.01, 5.01, 9.51],
			"rotation": {"angle": 0, "axis": "y", "origin": [9, 2, 7]},
			"faces": {
				"north": {"uv": [4.5, 3, 5.5, 4], "texture": "#2"},
				"east": {"uv": [5.5, 0.75, 6.25, 1.75], "texture": "#2"},
				"south": {"uv": [4.5, 4, 5.5, 5], "texture": "#2"},
				"west": {"uv": [5.5, 1.75, 6.25, 2.75], "texture": "#2"},
				"up": {"uv": [3, 6.25, 2, 5.5], "texture": "#2"},
				"down": {"uv": [6.5, 2.75, 5.5, 3.5], "texture": "#2"}
			}
		},
		{
			"from": [10.001, 1.401, 7.501],
			"to": [11.999, 2.399, 8.499],
			"rotation": {"angle": -22.5, "axis": "z", "origin": [10, 2.4, 7.65]},
			"faces": {
				"north": {"uv": [3, 6, 3.5, 6.25], "texture": "#2"},
				"east": {"uv": [2.75, 8.25, 3, 8.5], "texture": "#2"},
				"south": {"uv": [7.25, 0.5, 7.75, 0.75], "texture": "#2"},
				"west": {"uv": [8.25, 2.75, 8.5, 3], "texture": "#2"},
				"up": {"uv": [7.75, 3, 7.25, 2.75], "texture": "#2"},
				"down": {"uv": [6.25, 7.25, 5.75, 7.5], "texture": "#2"}
			}
		},
		{
			"from": [8.751, 1.151, 7.501],
			"to": [11.749, 2.149, 8.499],
			"rotation": {"angle": -45, "axis": "z", "origin": [8.75, 2.15, 7.65]},
			"faces": {
				"north": {"uv": [7, 3.75, 7.75, 4], "texture": "#2"},
				"east": {"uv": [3, 8.25, 3.25, 8.5], "texture": "#2"},
				"south": {"uv": [7, 4, 7.75, 4.25], "texture": "#2"},
				"west": {"uv": [8.25, 3, 8.5, 3.25], "texture": "#2"},
				"up": {"uv": [7.75, 4.5, 7, 4.25], "texture": "#2"},
				"down": {"uv": [7.75, 4.5, 7, 4.75], "texture": "#2"}
			}
		},
		{
			"from": [4.251, 1.151, 7.501],
			"to": [7.249, 2.149, 8.499],
			"rotation": {"angle": 45, "axis": "z", "origin": [7.25, 2.15, 7.65]},
			"faces": {
				"north": {"uv": [7, 4.75, 7.75, 5], "texture": "#2"},
				"east": {"uv": [3.25, 8.25, 3.5, 8.5], "texture": "#2"},
				"south": {"uv": [7, 5, 7.75, 5.25], "texture": "#2"},
				"west": {"uv": [8.25, 3.25, 8.5, 3.5], "texture": "#2"},
				"up": {"uv": [7.75, 5.5, 7, 5.25], "texture": "#2"},
				"down": {"uv": [7.75, 5.5, 7, 5.75], "texture": "#2"}
			}
		},
		{
			"from": [4.001, 1.401, 7.501],
			"to": [5.999, 2.399, 8.499],
			"rotation": {"angle": 22.5, "axis": "z", "origin": [6, 2.4, 7.65]},
			"faces": {
				"north": {"uv": [6.25, 7.25, 6.75, 7.5], "texture": "#2"},
				"east": {"uv": [3.5, 8.25, 3.75, 8.5], "texture": "#2"},
				"south": {"uv": [7.25, 6.5, 7.75, 6.75], "texture": "#2"},
				"west": {"uv": [8.25, 3.5, 8.5, 3.75], "texture": "#2"},
				"up": {"uv": [7.25, 7.5, 6.75, 7.25], "texture": "#2"},
				"down": {"uv": [7.75, 6.75, 7.25, 7], "texture": "#2"}
			}
		},
		{
			"from": [9, 3.6, 9.4],
			"to": [11, 4.6, 9.4],
			"rotation": {"angle": 45, "axis": "z", "origin": [9, 4.6, 9.4]},
			"faces": {
				"north": {"uv": [7.25, 7, 7.75, 7.25], "texture": "#2"},
				"east": {"uv": [0, 0, 0, 0.25], "texture": "#2"},
				"south": {"uv": [7.25, 7.25, 7.75, 7.5], "texture": "#2"},
				"west": {"uv": [0, 0, 0, 0.25], "texture": "#2"},
				"up": {"uv": [0.5, 0, 0, 0], "texture": "#2"},
				"down": {"uv": [0.5, 0, 0, 0], "texture": "#2"}
			}
		},
		{
			"from": [10.41421, 5.01421, 9.41],
			"to": [12.41421, 6.01421, 9.41],
			"rotation": {"angle": 22.5, "axis": "z", "origin": [10.41421, 6.01421, 9.4]},
			"faces": {
				"north": {"uv": [7.5, 0, 8, 0.25], "texture": "#2"},
				"east": {"uv": [0, 0, 0, 0.25], "texture": "#2"},
				"south": {"uv": [7.5, 0.25, 8, 0.5], "texture": "#2"},
				"west": {"uv": [0, 0, 0, 0.25], "texture": "#2"},
				"up": {"uv": [0.5, 0, 0, 0], "texture": "#2"},
				"down": {"uv": [0.5, 0, 0, 0], "texture": "#2"}
			}
		},
		{
			"from": [12.64466, 5.8557, 9.42],
			"to": [14.64466, 6.8557, 9.42],
			"rotation": {"angle": 45, "axis": "z", "origin": [12.64466, 5.8557, 9.4]},
			"faces": {
				"north": {"uv": [7.5, 2.25, 8, 2.5], "texture": "#2"},
				"east": {"uv": [0, 0, 0, 0.25], "texture": "#2"},
				"south": {"uv": [7.5, 2.5, 8, 2.75], "texture": "#2"},
				"west": {"uv": [0, 0, 0, 0.25], "texture": "#2"},
				"up": {"uv": [0.5, 0, 0, 0], "texture": "#2"},
				"down": {"uv": [0.5, 0, 0, 0], "texture": "#2"}
			}
		},
		{
			"from": [9.7, 2.85, 9.4],
			"to": [11.7, 3.85, 9.4],
			"rotation": {"angle": -22.5, "axis": "z", "origin": [9.7, 2.85, 9.4]},
			"faces": {
				"north": {"uv": [5.75, 7.5, 6.25, 7.75], "texture": "#2"},
				"east": {"uv": [0, 0, 0, 0.25], "texture": "#2"},
				"south": {"uv": [7.5, 5.75, 8, 6], "texture": "#2"},
				"west": {"uv": [0, 0, 0, 0.25], "texture": "#2"},
				"up": {"uv": [0.5, 0, 0, 0], "texture": "#2"},
				"down": {"uv": [0.5, 0, 0, 0], "texture": "#2"}
			}
		},
		{
			"from": [11.54776, 2.08463, 9.41],
			"to": [13.54776, 3.08463, 9.41],
			"rotation": {"angle": 22.5, "axis": "z", "origin": [11.54776, 2.08463, 9.4]},
			"faces": {
				"north": {"uv": [7.5, 6, 8, 6.25], "texture": "#2"},
				"east": {"uv": [0, 0, 0, 0.25], "texture": "#2"},
				"south": {"uv": [6.25, 7.5, 6.75, 7.75], "texture": "#2"},
				"west": {"uv": [0, 0, 0, 0.25], "texture": "#2"},
				"up": {"uv": [0.5, 0, 0, 0], "texture": "#2"},
				"down": {"uv": [0.5, 0, 0, 0], "texture": "#2"}
			}
		},
		{
			"from": [13.01283, 2.77388, 9.42],
			"to": [15.01283, 3.77388, 9.42],
			"rotation": {"angle": 0, "axis": "y", "origin": [13.01283, 3.77388, 9.4]},
			"faces": {
				"north": {"uv": [7.5, 6.25, 8, 6.5], "texture": "#2"},
				"east": {"uv": [0, 0, 0, 0.25], "texture": "#2"},
				"south": {"uv": [6.75, 7.5, 7.25, 7.75], "texture": "#2"},
				"west": {"uv": [0, 0, 0, 0.25], "texture": "#2"},
				"up": {"uv": [0.5, 0, 0, 0], "texture": "#2"},
				"down": {"uv": [0.5, 0, 0, 0], "texture": "#2"}
			}
		},
		{
			"from": [9, 1.4, 9.4],
			"to": [11, 2.4, 9.4],
			"rotation": {"angle": -45, "axis": "z", "origin": [9, 1.4, 9.4]},
			"faces": {
				"north": {"uv": [7.25, 7.5, 7.75, 7.75], "texture": "#2"},
				"east": {"uv": [0, 0, 0, 0.25], "texture": "#2"},
				"south": {"uv": [7.75, 0.5, 8.25, 0.75], "texture": "#2"},
				"west": {"uv": [0, 0, 0, 0.25], "texture": "#2"},
				"up": {"uv": [0.5, 0, 0, 0], "texture": "#2"},
				"down": {"uv": [0.5, 0, 0, 0], "texture": "#2"}
			}
		},
		{
			"from": [10.41421, -0.01421, 9.41],
			"to": [12.41421, 0.98579, 9.41],
			"rotation": {"angle": -22.5, "axis": "z", "origin": [10.41421, -0.01421, 9.4]},
			"faces": {
				"north": {"uv": [7.75, 0.75, 8.25, 1], "texture": "#2"},
				"east": {"uv": [0, 0, 0, 0.25], "texture": "#2"},
				"south": {"uv": [7.75, 1, 8.25, 1.25], "texture": "#2"},
				"west": {"uv": [0, 0, 0, 0.25], "texture": "#2"},
				"up": {"uv": [0.5, 0, 0, 0], "texture": "#2"},
				"down": {"uv": [0.5, 0, 0, 0], "texture": "#2"}
			}
		},
		{
			"from": [12.64466, -0.8557, 9.42],
			"to": [14.64466, 0.1443, 9.42],
			"rotation": {"angle": -45, "axis": "z", "origin": [12.64466, 0.1443, 9.4]},
			"faces": {
				"north": {"uv": [7.75, 1.25, 8.25, 1.5], "texture": "#2"},
				"east": {"uv": [0, 0, 0, 0.25], "texture": "#2"},
				"south": {"uv": [7.75, 1.5, 8.25, 1.75], "texture": "#2"},
				"west": {"uv": [0, 0, 0, 0.25], "texture": "#2"},
				"up": {"uv": [0.5, 0, 0, 0], "texture": "#2"},
				"down": {"uv": [0.5, 0, 0, 0], "texture": "#2"}
			}
		},
		{
			"from": [5, 3.6, 9.4],
			"to": [7, 4.6, 9.4],
			"rotation": {"angle": -45, "axis": "z", "origin": [7, 4.6, 9.4]},
			"faces": {
				"north": {"uv": [7.75, 1.75, 8.25, 2], "texture": "#2"},
				"east": {"uv": [0, 0, 0, 0.25], "texture": "#2"},
				"south": {"uv": [2, 7.75, 2.5, 8], "texture": "#2"},
				"west": {"uv": [0, 0, 0, 0.25], "texture": "#2"},
				"up": {"uv": [0.5, 0, 0, 0], "texture": "#2"},
				"down": {"uv": [0.5, 0, 0, 0], "texture": "#2"}
			}
		},
		{
			"from": [3.58579, 5.01421, 9.41],
			"to": [5.58579, 6.01421, 9.41],
			"rotation": {"angle": -22.5, "axis": "z", "origin": [5.58579, 6.01421, 9.4]},
			"faces": {
				"north": {"uv": [7.75, 2, 8.25, 2.25], "texture": "#2"},
				"east": {"uv": [0, 0, 0, 0.25], "texture": "#2"},
				"south": {"uv": [2.5, 7.75, 3, 8], "texture": "#2"},
				"west": {"uv": [0, 0, 0, 0.25], "texture": "#2"},
				"up": {"uv": [0.5, 0, 0, 0], "texture": "#2"},
				"down": {"uv": [0.5, 0, 0, 0], "texture": "#2"}
			}
		},
		{
			"from": [1.35534, 5.8557, 9.42],
			"to": [3.35534, 6.8557, 9.42],
			"rotation": {"angle": -45, "axis": "z", "origin": [3.35534, 5.8557, 9.4]},
			"faces": {
				"north": {"uv": [7.75, 2.75, 8.25, 3], "texture": "#2"},
				"east": {"uv": [0, 0, 0, 0.25], "texture": "#2"},
				"south": {"uv": [3, 7.75, 3.5, 8], "texture": "#2"},
				"west": {"uv": [0, 0, 0, 0.25], "texture": "#2"},
				"up": {"uv": [0.5, 0, 0, 0], "texture": "#2"},
				"down": {"uv": [0.5, 0, 0, 0], "texture": "#2"}
			}
		},
		{
			"from": [4.3, 2.85, 9.4],
			"to": [6.3, 3.85, 9.4],
			"rotation": {"angle": 22.5, "axis": "z", "origin": [6.3, 2.85, 9.4]},
			"faces": {
				"north": {"uv": [7.75, 3, 8.25, 3.25], "texture": "#2"},
				"east": {"uv": [0, 0, 0, 0.25], "texture": "#2"},
				"south": {"uv": [7.75, 3.25, 8.25, 3.5], "texture": "#2"},
				"west": {"uv": [0, 0, 0, 0.25], "texture": "#2"},
				"up": {"uv": [0.5, 0, 0, 0], "texture": "#2"},
				"down": {"uv": [0.5, 0, 0, 0], "texture": "#2"}
			}
		},
		{
			"from": [2.45224, 2.08463, 9.41],
			"to": [4.45224, 3.08463, 9.41],
			"rotation": {"angle": -22.5, "axis": "z", "origin": [4.45224, 2.08463, 9.4]},
			"faces": {
				"north": {"uv": [3.5, 7.75, 4, 8], "texture": "#2"},
				"east": {"uv": [0, 0, 0, 0.25], "texture": "#2"},
				"south": {"uv": [7.75, 3.5, 8.25, 3.75], "texture": "#2"},
				"west": {"uv": [0, 0, 0, 0.25], "texture": "#2"},
				"up": {"uv": [0.5, 0, 0, 0], "texture": "#2"},
				"down": {"uv": [0.5, 0, 0, 0], "texture": "#2"}
			}
		},
		{
			"from": [0.98717, 2.77388, 9.42],
			"to": [2.98717, 3.77388, 9.42],
			"rotation": {"angle": 0, "axis": "y", "origin": [2.98717, 3.77388, 9.4]},
			"faces": {
				"north": {"uv": [7.75, 3.75, 8.25, 4], "texture": "#2"},
				"east": {"uv": [0, 0, 0, 0.25], "texture": "#2"},
				"south": {"uv": [4, 7.75, 4.5, 8], "texture": "#2"},
				"west": {"uv": [0, 0, 0, 0.25], "texture": "#2"},
				"up": {"uv": [0.5, 0, 0, 0], "texture": "#2"},
				"down": {"uv": [0.5, 0, 0, 0], "texture": "#2"}
			}
		},
		{
			"from": [5, 1.4, 9.4],
			"to": [7, 2.4, 9.4],
			"rotation": {"angle": 45, "axis": "z", "origin": [7, 1.4, 9.4]},
			"faces": {
				"north": {"uv": [7.75, 4, 8.25, 4.25], "texture": "#2"},
				"east": {"uv": [0, 0, 0, 0.25], "texture": "#2"},
				"south": {"uv": [7.75, 4.25, 8.25, 4.5], "texture": "#2"},
				"west": {"uv": [0, 0, 0, 0.25], "texture": "#2"},
				"up": {"uv": [0.5, 0, 0, 0], "texture": "#2"},
				"down": {"uv": [0.5, 0, 0, 0], "texture": "#2"}
			}
		},
		{
			"from": [3.58579, -0.01421, 9.41],
			"to": [5.58579, 0.98579, 9.41],
			"rotation": {"angle": 22.5, "axis": "z", "origin": [5.58579, -0.01421, 9.4]},
			"faces": {
				"north": {"uv": [4.5, 7.75, 5, 8], "texture": "#2"},
				"east": {"uv": [0, 0, 0, 0.25], "texture": "#2"},
				"south": {"uv": [7.75, 4.5, 8.25, 4.75], "texture": "#2"},
				"west": {"uv": [0, 0, 0, 0.25], "texture": "#2"},
				"up": {"uv": [0.5, 0, 0, 0], "texture": "#2"},
				"down": {"uv": [0.5, 0, 0, 0], "texture": "#2"}
			}
		},
		{
			"from": [1.35534, -0.8557, 9.42],
			"to": [3.35534, 0.1443, 9.42],
			"rotation": {"angle": 45, "axis": "z", "origin": [3.35534, 0.1443, 9.4]},
			"faces": {
				"north": {"uv": [7.75, 4.75, 8.25, 5], "texture": "#2"},
				"east": {"uv": [0, 0, 0, 0.25], "texture": "#2"},
				"south": {"uv": [5, 7.75, 5.5, 8], "texture": "#2"},
				"west": {"uv": [0, 0, 0, 0.25], "texture": "#2"},
				"up": {"uv": [0.5, 0, 0, 0], "texture": "#2"},
				"down": {"uv": [0.5, 0, 0, 0], "texture": "#2"}
			}
		},
		{
			"from": [9, 3.6, 6.6],
			"to": [11, 4.6, 6.6],
			"rotation": {"angle": 45, "axis": "z", "origin": [9, 4.6, 6.6]},
			"faces": {
				"north": {"uv": [7.75, 5, 8.25, 5.25], "texture": "#2"},
				"east": {"uv": [0, 0, 0, 0.25], "texture": "#2"},
				"south": {"uv": [7.75, 5.25, 8.25, 5.5], "texture": "#2"},
				"west": {"uv": [0, 0, 0, 0.25], "texture": "#2"},
				"up": {"uv": [0.5, 0, 0, 0], "texture": "#2"},
				"down": {"uv": [0.5, 0, 0, 0], "texture": "#2"}
			}
		},
		{
			"from": [10.41421, 5.01421, 6.59],
			"to": [12.41421, 6.01421, 6.59],
			"rotation": {"angle": 22.5, "axis": "z", "origin": [10.41421, 6.01421, 6.6]},
			"faces": {
				"north": {"uv": [5.5, 7.75, 6, 8], "texture": "#2"},
				"east": {"uv": [0, 0, 0, 0.25], "texture": "#2"},
				"south": {"uv": [7.75, 5.5, 8.25, 5.75], "texture": "#2"},
				"west": {"uv": [0, 0, 0, 0.25], "texture": "#2"},
				"up": {"uv": [0.5, 0, 0, 0], "texture": "#2"},
				"down": {"uv": [0.5, 0, 0, 0], "texture": "#2"}
			}
		},
		{
			"from": [12.64466, 5.8557, 6.58],
			"to": [14.64466, 6.8557, 6.58],
			"rotation": {"angle": 45, "axis": "z", "origin": [12.64466, 5.8557, 6.6]},
			"faces": {
				"north": {"uv": [6, 7.75, 6.5, 8], "texture": "#2"},
				"east": {"uv": [0, 0, 0, 0.25], "texture": "#2"},
				"south": {"uv": [6.5, 7.75, 7, 8], "texture": "#2"},
				"west": {"uv": [0, 0, 0, 0.25], "texture": "#2"},
				"up": {"uv": [0.5, 0, 0, 0], "texture": "#2"},
				"down": {"uv": [0.5, 0, 0, 0], "texture": "#2"}
			}
		},
		{
			"from": [9.7, 2.85, 6.6],
			"to": [11.7, 3.85, 6.6],
			"rotation": {"angle": -22.5, "axis": "z", "origin": [9.7, 2.85, 6.6]},
			"faces": {
				"north": {"uv": [7.75, 6.5, 8.25, 6.75], "texture": "#2"},
				"east": {"uv": [0, 0, 0, 0.25], "texture": "#2"},
				"south": {"uv": [7.75, 6.75, 8.25, 7], "texture": "#2"},
				"west": {"uv": [0, 0, 0, 0.25], "texture": "#2"},
				"up": {"uv": [0.5, 0, 0, 0], "texture": "#2"},
				"down": {"uv": [0.5, 0, 0, 0], "texture": "#2"}
			}
		},
		{
			"from": [11.54776, 2.08463, 6.59],
			"to": [13.54776, 3.08463, 6.59],
			"rotation": {"angle": 22.5, "axis": "z", "origin": [11.54776, 2.08463, 6.6]},
			"faces": {
				"north": {"uv": [7, 7.75, 7.5, 8], "texture": "#2"},
				"east": {"uv": [0, 0, 0, 0.25], "texture": "#2"},
				"south": {"uv": [7.75, 7, 8.25, 7.25], "texture": "#2"},
				"west": {"uv": [0, 0, 0, 0.25], "texture": "#2"},
				"up": {"uv": [0.5, 0, 0, 0], "texture": "#2"},
				"down": {"uv": [0.5, 0, 0, 0], "texture": "#2"}
			}
		},
		{
			"from": [13.01283, 2.77388, 6.58],
			"to": [15.01283, 3.77388, 6.58],
			"rotation": {"angle": 0, "axis": "y", "origin": [13.01283, 3.77388, 6.6]},
			"faces": {
				"north": {"uv": [7.75, 7.25, 8.25, 7.5], "texture": "#2"},
				"east": {"uv": [0, 0, 0, 0.25], "texture": "#2"},
				"south": {"uv": [7.5, 7.75, 8, 8], "texture": "#2"},
				"west": {"uv": [0, 0, 0, 0.25], "texture": "#2"},
				"up": {"uv": [0.5, 0, 0, 0], "texture": "#2"},
				"down": {"uv": [0.5, 0, 0, 0], "texture": "#2"}
			}
		},
		{
			"from": [9, 1.4, 6.6],
			"to": [11, 2.4, 6.6],
			"rotation": {"angle": -45, "axis": "z", "origin": [9, 1.4, 6.6]},
			"faces": {
				"north": {"uv": [7.75, 7.5, 8.25, 7.75], "texture": "#2"},
				"east": {"uv": [0, 0, 0, 0.25], "texture": "#2"},
				"south": {"uv": [8, 0, 8.5, 0.25], "texture": "#2"},
				"west": {"uv": [0, 0, 0, 0.25], "texture": "#2"},
				"up": {"uv": [0.5, 0, 0, 0], "texture": "#2"},
				"down": {"uv": [0.5, 0, 0, 0], "texture": "#2"}
			}
		},
		{
			"from": [10.41421, -0.01421, 6.59],
			"to": [12.41421, 0.98579, 6.59],
			"rotation": {"angle": -22.5, "axis": "z", "origin": [10.41421, -0.01421, 6.6]},
			"faces": {
				"north": {"uv": [8, 0.25, 8.5, 0.5], "texture": "#2"},
				"east": {"uv": [0, 0, 0, 0.25], "texture": "#2"},
				"south": {"uv": [2, 8, 2.5, 8.25], "texture": "#2"},
				"west": {"uv": [0, 0, 0, 0.25], "texture": "#2"},
				"up": {"uv": [0.5, 0, 0, 0], "texture": "#2"},
				"down": {"uv": [0.5, 0, 0, 0], "texture": "#2"}
			}
		},
		{
			"from": [12.64466, -0.8557, 6.58],
			"to": [14.64466, 0.1443, 6.58],
			"rotation": {"angle": -45, "axis": "z", "origin": [12.64466, 0.1443, 6.6]},
			"faces": {
				"north": {"uv": [8, 2.25, 8.5, 2.5], "texture": "#2"},
				"east": {"uv": [0, 0, 0, 0.25], "texture": "#2"},
				"south": {"uv": [2.5, 8, 3, 8.25], "texture": "#2"},
				"west": {"uv": [0, 0, 0, 0.25], "texture": "#2"},
				"up": {"uv": [0.5, 0, 0, 0], "texture": "#2"},
				"down": {"uv": [0.5, 0, 0, 0], "texture": "#2"}
			}
		},
		{
			"from": [5, 3.6, 6.6],
			"to": [7, 4.6, 6.6],
			"rotation": {"angle": -45, "axis": "z", "origin": [7, 4.6, 6.6]},
			"faces": {
				"north": {"uv": [8, 2.5, 8.5, 2.75], "texture": "#2"},
				"east": {"uv": [0, 0, 0, 0.25], "texture": "#2"},
				"south": {"uv": [3, 8, 3.5, 8.25], "texture": "#2"},
				"west": {"uv": [0, 0, 0, 0.25], "texture": "#2"},
				"up": {"uv": [0.5, 0, 0, 0], "texture": "#2"},
				"down": {"uv": [0.5, 0, 0, 0], "texture": "#2"}
			}
		},
		{
			"from": [3.58579, 5.01421, 6.59],
			"to": [5.58579, 6.01421, 6.59],
			"rotation": {"angle": -22.5, "axis": "z", "origin": [5.58579, 6.01421, 6.6]},
			"faces": {
				"north": {"uv": [3.5, 8, 4, 8.25], "texture": "#2"},
				"east": {"uv": [0, 0, 0, 0.25], "texture": "#2"},
				"south": {"uv": [4, 8, 4.5, 8.25], "texture": "#2"},
				"west": {"uv": [0, 0, 0, 0.25], "texture": "#2"},
				"up": {"uv": [0.5, 0, 0, 0], "texture": "#2"},
				"down": {"uv": [0.5, 0, 0, 0], "texture": "#2"}
			}
		},
		{
			"from": [1.35534, 5.8557, 6.58],
			"to": [3.35534, 6.8557, 6.58],
			"rotation": {"angle": -45, "axis": "z", "origin": [3.35534, 5.8557, 6.6]},
			"faces": {
				"north": {"uv": [4.5, 8, 5, 8.25], "texture": "#2"},
				"east": {"uv": [0, 0, 0, 0.25], "texture": "#2"},
				"south": {"uv": [5, 8, 5.5, 8.25], "texture": "#2"},
				"west": {"uv": [0, 0, 0, 0.25], "texture": "#2"},
				"up": {"uv": [0.5, 0, 0, 0], "texture": "#2"},
				"down": {"uv": [0.5, 0, 0, 0], "texture": "#2"}
			}
		},
		{
			"from": [4.3, 2.85, 6.6],
			"to": [6.3, 3.85, 6.6],
			"rotation": {"angle": 22.5, "axis": "z", "origin": [6.3, 2.85, 6.6]},
			"faces": {
				"north": {"uv": [5.5, 8, 6, 8.25], "texture": "#2"},
				"east": {"uv": [0, 0, 0, 0.25], "texture": "#2"},
				"south": {"uv": [8, 5.75, 8.5, 6], "texture": "#2"},
				"west": {"uv": [0, 0, 0, 0.25], "texture": "#2"},
				"up": {"uv": [0.5, 0, 0, 0], "texture": "#2"},
				"down": {"uv": [0.5, 0, 0, 0], "texture": "#2"}
			}
		},
		{
			"from": [2.45224, 2.08463, 6.59],
			"to": [4.45224, 3.08463, 6.59],
			"rotation": {"angle": -22.5, "axis": "z", "origin": [4.45224, 2.08463, 6.6]},
			"faces": {
				"north": {"uv": [6, 8, 6.5, 8.25], "texture": "#2"},
				"east": {"uv": [0, 0, 0, 0.25], "texture": "#2"},
				"south": {"uv": [8, 6, 8.5, 6.25], "texture": "#2"},
				"west": {"uv": [0, 0, 0, 0.25], "texture": "#2"},
				"up": {"uv": [0.5, 0, 0, 0], "texture": "#2"},
				"down": {"uv": [0.5, 0, 0, 0], "texture": "#2"}
			}
		},
		{
			"from": [0.98717, 2.77388, 6.58],
			"to": [2.98717, 3.77388, 6.58],
			"rotation": {"angle": 0, "axis": "y", "origin": [2.98717, 3.77388, 6.6]},
			"faces": {
				"north": {"uv": [8, 6.25, 8.5, 6.5], "texture": "#2"},
				"east": {"uv": [0, 0, 0, 0.25], "texture": "#2"},
				"south": {"uv": [6.5, 8, 7, 8.25], "texture": "#2"},
				"west": {"uv": [0, 0, 0, 0.25], "texture": "#2"},
				"up": {"uv": [0.5, 0, 0, 0], "texture": "#2"},
				"down": {"uv": [0.5, 0, 0, 0], "texture": "#2"}
			}
		},
		{
			"from": [5, 1.4, 6.6],
			"to": [7, 2.4, 6.6],
			"rotation": {"angle": 45, "axis": "z", "origin": [7, 1.4, 6.6]},
			"faces": {
				"north": {"uv": [7, 8, 7.5, 8.25], "texture": "#2"},
				"east": {"uv": [0, 0, 0, 0.25], "texture": "#2"},
				"south": {"uv": [7.5, 8, 8, 8.25], "texture": "#2"},
				"west": {"uv": [0, 0, 0, 0.25], "texture": "#2"},
				"up": {"uv": [0.5, 0, 0, 0], "texture": "#2"},
				"down": {"uv": [0.5, 0, 0, 0], "texture": "#2"}
			}
		},
		{
			"from": [3.58579, -0.01421, 6.59],
			"to": [5.58579, 0.98579, 6.59],
			"rotation": {"angle": 22.5, "axis": "z", "origin": [5.58579, -0.01421, 6.6]},
			"faces": {
				"north": {"uv": [8, 7.75, 8.5, 8], "texture": "#2"},
				"east": {"uv": [0, 0, 0, 0.25], "texture": "#2"},
				"south": {"uv": [8, 8, 8.5, 8.25], "texture": "#2"},
				"west": {"uv": [0, 0, 0, 0.25], "texture": "#2"},
				"up": {"uv": [0.5, 0, 0, 0], "texture": "#2"},
				"down": {"uv": [0.5, 0, 0, 0], "texture": "#2"}
			}
		},
		{
			"from": [1.35534, -0.8557, 6.58],
			"to": [3.35534, 0.1443, 6.58],
			"rotation": {"angle": 45, "axis": "z", "origin": [3.35534, 0.1443, 6.6]},
			"faces": {
				"north": {"uv": [8.25, 0.5, 8.75, 0.75], "texture": "#2"},
				"east": {"uv": [0, 0, 0, 0.25], "texture": "#2"},
				"south": {"uv": [8.25, 0.75, 8.75, 1], "texture": "#2"},
				"west": {"uv": [0, 0, 0, 0.25], "texture": "#2"},
				"up": {"uv": [0.5, 0, 0, 0], "texture": "#2"},
				"down": {"uv": [0.5, 0, 0, 0], "texture": "#2"}
			}
		}
	],
	"gui_light": "front",
	"display": {
		"thirdperson_righthand": {
			"rotation": [-10, -90, 0],
			"translation": [0, 6, 0],
			"scale": [0.6, 0.6, 0.6]
		},
		"thirdperson_lefthand": {
			"rotation": [-10, 90, 0],
			"translation": [0, 6, 0],
			"scale": [0.6, 0.6, 0.6]
		},
		"firstperson_righthand": {
			"rotation": [-20, -90, 0],
			"translation": [2, 4, 0.5],
			"scale": [0.6, 0.6, 0.6]
		},
		"firstperson_lefthand": {
			"rotation": [-20, 90, 0],
			"translation": [2, 4, 0.5],
			"scale": [0.6, 0.6, 0.6]
		},
		"ground": {
			"rotation": [0, 0, 25],
			"translation": [0, 7, 0],
			"scale": [0.5, 0.5, 0.5]
		},
		"gui": {
			"rotation": [0, 0, 22],
			"translation": [0.75, 1, -0.75],
			"scale": [0.38, 0.38, 0.38]
		},
		"head": {
			"rotation": [0, -90, 22],
			"translation": [0.25, 8.5, -6.25],
			"scale": [0.6, 0.6, 0.6]
		},
		"fixed": {
			"rotation": [0, 0, 22],
			"translation": [0.25, 0.75, -0.75],
			"scale": [0.45, 0.45, 0.45]
		}
	},
	"groups": [
		{
			"name": "pickaxe",
			"origin": [8, 8, 8],
			"color": 0,
			"children": [
				{
					"name": "pommel",
					"origin": [8, 8, 8],
					"color": 0,
					"children": [0, 1, 2, 3, 4]
				},
				{
					"name": "grip",
					"origin": [8, 8, 8],
					"color": 0,
					"children": [5,
						{
							"name": "handle",
							"origin": [8, 8, 8],
							"color": 0,
							"children": [6, 7, 8, 9, 10]
						},
						{
							"name": "string",
							"origin": [8, 8, 8],
							"color": 0,
							"children": [11, 12]
						}
					]
				},
				{
					"name": "guard",
					"origin": [8, 8, 8],
					"color": 0,
					"children": [
						{
							"name": "cross-guard",
							"origin": [8, 8, 8],
							"color": 0,
							"children": [13, 14,
								{
									"name": "group",
									"origin": [9, 20, 7],
									"color": 0,
									"children": [15, 16, 17, 18]
								},
								{
									"name": "out-south",
									"origin": [8, 8, 8],
									"color": 0,
									"children": [
										{
											"name": "1",
											"origin": [8, 8, 8],
											"color": 0,
											"children": [
												{
													"name": "group",
													"origin": [9, 20, 7],
													"color": 0,
													"children": [19, 20, 21]
												},
												{
													"name": "group",
													"origin": [8, 8, 8],
													"color": 0,
													"children": [22, 23, 24]
												},
												{
													"name": "group",
													"origin": [9, 20, 7],
													"color": 0,
													"children": [25, 26, 27]
												}
											]
										},
										{
											"name": "2",
											"origin": [8, 8, 8],
											"color": 0,
											"children": [
												{
													"name": "group",
													"origin": [9, 20, 7],
													"color": 0,
													"children": [28, 29, 30]
												},
												{
													"name": "group",
													"origin": [8, 8, 8],
													"color": 0,
													"children": [31, 32, 33]
												},
												{
													"name": "group",
													"origin": [9, 20, 7],
													"color": 0,
													"children": [34, 35, 36]
												}
											]
										}
									]
								},
								{
									"name": "out-north",
									"origin": [8, 8, 8],
									"color": 0,
									"children": [
										{
											"name": "1",
											"origin": [8, 8, 8],
											"color": 0,
											"children": [
												{
													"name": "group",
													"origin": [9, 20, 7],
													"color": 0,
													"children": [37, 38, 39]
												},
												{
													"name": "group",
													"origin": [8, 8, 8],
													"color": 0,
													"children": [40, 41, 42]
												},
												{
													"name": "group",
													"origin": [9, 20, 7],
													"color": 0,
													"children": [43, 44, 45]
												}
											]
										},
										{
											"name": "2",
											"origin": [8, 8, 8],
											"color": 0,
											"children": [
												{
													"name": "group",
													"origin": [9, 20, 7],
													"color": 0,
													"children": [46, 47, 48]
												},
												{
													"name": "group",
													"origin": [8, 8, 8],
													"color": 0,
													"children": [49, 50, 51]
												},
												{
													"name": "group",
													"origin": [9, 20, 7],
													"color": 0,
													"children": [52, 53, 54]
												}
											]
										}
									]
								}
							]
						},
						{
							"name": "rain-guard",
							"origin": [8, 8, 8],
							"color": 0,
							"children": []
						}
					]
				},
				{
					"name": "blade",
					"origin": [8, 8, 8],
					"color": 0,
					"children": []
				}
			]
		}
	]
}