{
	"texture_size": [32, 32],
	"textures": {
		"1": "solar/solar_pickaxe"
	},
	"elements": [
		{
			"from": [6.5, -10.2, 7],
			"to": [9.5, -7.2, 9],
			"rotation": {"angle": -45, "axis": "z", "origin": [8, -8.7, 8.5]},
			"faces": {
				"north": {"uv": [2.5, 11, 4, 12.5], "texture": "#1"},
				"east": {"uv": [12, 0, 13, 1.5], "texture": "#1"},
				"south": {"uv": [7, 11.5, 8.5, 13], "texture": "#1"},
				"west": {"uv": [1, 12, 2, 13.5], "texture": "#1"},
				"up": {"uv": [13.5, 2.5, 12, 1.5], "texture": "#1"},
				"down": {"uv": [5.5, 12, 4, 13], "texture": "#1"}
			}
		},
		{
			"from": [8.75, -10.7, 7.5],
			"to": [9.75, -8.7, 8.5],
			"rotation": {"angle": 45, "axis": "z", "origin": [9.75, -8.7, 8.5]},
			"faces": {
				"north": {"uv": [3.5, 9, 4, 10], "texture": "#1"},
				"east": {"uv": [3.5, 10, 4, 11], "texture": "#1"},
				"south": {"uv": [5, 13, 5.5, 14], "texture": "#1"},
				"west": {"uv": [9.5, 13, 10, 14], "texture": "#1"},
				"up": {"uv": [2.5, 12.5, 2, 12], "texture": "#1"},
				"down": {"uv": [7, 12.5, 6.5, 13], "texture": "#1"}
			}
		},
		{
			"from": [6.25, -10.7, 7.5],
			"to": [7.25, -8.7, 8.5],
			"rotation": {"angle": -45, "axis": "z", "origin": [6.25, -8.7, 8.5]},
			"faces": {
				"north": {"uv": [13, 9.5, 13.5, 10.5], "texture": "#1"},
				"east": {"uv": [10, 13, 10.5, 14], "texture": "#1"},
				"south": {"uv": [10.5, 13, 11, 14], "texture": "#1"},
				"west": {"uv": [11, 13, 11.5, 14], "texture": "#1"},
				"up": {"uv": [13.5, 1.5, 13, 1], "texture": "#1"},
				"down": {"uv": [12.5, 13.5, 12, 14], "texture": "#1"}
			}
		},
		{
			"from": [8, -11.7, 7.5],
			"to": [9, -9.7, 8.5],
			"rotation": {"angle": 22.5, "axis": "z", "origin": [9, -9.7, 8.5]},
			"faces": {
				"north": {"uv": [12.5, 13, 13, 14], "texture": "#1"},
				"east": {"uv": [13, 13, 13.5, 14], "texture": "#1"},
				"south": {"uv": [1, 13.5, 1.5, 14.5], "texture": "#1"},
				"west": {"uv": [13.5, 1, 14, 2], "texture": "#1"},
				"up": {"uv": [11.5, 14.5, 11, 14], "texture": "#1"},
				"down": {"uv": [5.5, 15, 5, 15.5], "texture": "#1"}
			}
		},
		{
			"from": [7, -11.7, 7.5],
			"to": [8, -9.7, 8.5],
			"rotation": {"angle": -22.5, "axis": "z", "origin": [7, -9.7, 8.5]},
			"faces": {
				"north": {"uv": [1.5, 13.5, 2, 14.5], "texture": "#1"},
				"east": {"uv": [13.5, 4, 14, 5], "texture": "#1"},
				"south": {"uv": [13.5, 5, 14, 6], "texture": "#1"},
				"west": {"uv": [13.5, 6, 14, 7], "texture": "#1"},
				"up": {"uv": [15.5, 5.5, 15, 5], "texture": "#1"},
				"down": {"uv": [6, 15, 5.5, 15.5], "texture": "#1"}
			}
		},
		{
			"from": [7, -9.7, 6.5],
			"to": [9, -7.7, 9.5],
			"rotation": {"angle": 45, "axis": "z", "origin": [8, -8.7, 8.5]},
			"faces": {
				"north": {"uv": [4, 13, 5, 14], "texture": "#1"},
				"east": {"uv": [12, 4, 13.5, 5], "texture": "#1"},
				"south": {"uv": [6.5, 13, 7.5, 14], "texture": "#1"},
				"west": {"uv": [12, 5, 13.5, 6], "texture": "#1"},
				"up": {"uv": [3, 14, 2, 12.5], "texture": "#1"},
				"down": {"uv": [4, 12.5, 3, 14], "texture": "#1"}
			}
		},
		{
			"from": [7.001, -8.199, 7.001],
			"to": [8.999, 9.799, 8.999],
			"rotation": {"angle": 0, "axis": "y", "origin": [0, 21.8, 0]},
			"faces": {
				"north": {"uv": [0, 0, 1, 9], "texture": "#1"},
				"east": {"uv": [1, 0, 2, 9], "texture": "#1"},
				"south": {"uv": [2, 0, 3, 9], "texture": "#1"},
				"west": {"uv": [3, 0, 4, 9], "texture": "#1"},
				"up": {"uv": [8.5, 14, 7.5, 13], "texture": "#1"},
				"down": {"uv": [9.5, 13, 8.5, 14], "texture": "#1"}
			}
		},
		{
			"from": [6.501, -6.199, 6.501],
			"to": [9.499, 2.799, 9.499],
			"rotation": {"angle": 0, "axis": "y", "origin": [0, 20.8, 0]},
			"faces": {
				"north": {"uv": [4, 3, 5.5, 7.5], "texture": "#1"},
				"east": {"uv": [5.5, 3, 7, 7.5], "texture": "#1"},
				"south": {"uv": [7, 3, 8.5, 7.5], "texture": "#1"},
				"west": {"uv": [4, 7.5, 5.5, 12], "texture": "#1"},
				"up": {"uv": [10, 13, 8.5, 11.5], "texture": "#1"},
				"down": {"uv": [11.5, 11.5, 10, 13], "texture": "#1"}
			}
		},
		{
			"from": [6, 9.75, 6.5],
			"to": [10, 13.75, 9.5],
			"rotation": {"angle": 0, "axis": "y", "origin": [8, 11.75, 8]},
			"faces": {
				"north": {"uv": [8.5, 4, 10.5, 6], "texture": "#1"},
				"east": {"uv": [2, 9, 3.5, 11], "texture": "#1"},
				"south": {"uv": [5.5, 8.5, 7.5, 10.5], "texture": "#1"},
				"west": {"uv": [9.5, 8.5, 11, 10.5], "texture": "#1"},
				"up": {"uv": [10.5, 7.5, 8.5, 6], "texture": "#1"},
				"down": {"uv": [12, 0, 10, 1.5], "texture": "#1"}
			}
		},
		{
			"from": [5.999, 9.749, 6.499],
			"to": [10.001, 13.751, 9.501],
			"rotation": {"angle": 45, "axis": "z", "origin": [8, 11.75, 8]},
			"faces": {
				"north": {"uv": [7.5, 8.5, 9.5, 10.5], "texture": "#1"},
				"east": {"uv": [10.5, 4, 12, 6], "texture": "#1"},
				"south": {"uv": [0, 9, 2, 11], "texture": "#1"},
				"west": {"uv": [5.5, 10.5, 7, 12.5], "texture": "#1"},
				"up": {"uv": [12, 3, 10, 1.5], "texture": "#1"},
				"down": {"uv": [12.5, 6, 10.5, 7.5], "texture": "#1"}
			}
		},
		{
			"from": [6.999, 10.749, 5.999],
			"to": [9.001, 12.751, 10.001],
			"rotation": {"angle": 45, "axis": "z", "origin": [8, 11.75, 8]},
			"faces": {
				"north": {"uv": [12.5, 12, 13.5, 13], "texture": "#1"},
				"east": {"uv": [11, 9.5, 13, 10.5], "texture": "#1"},
				"south": {"uv": [13, 0, 14, 1], "texture": "#1"},
				"west": {"uv": [11.5, 7.5, 13.5, 8.5], "texture": "#1"},
				"up": {"uv": [12.5, 13.5, 11.5, 11.5], "texture": "#1"},
				"down": {"uv": [1, 12, 0, 14], "texture": "#1"}
			}
		},
		{
			"from": [1.99, 10.24, 6.99],
			"to": [14.01, 13.26, 9.01],
			"rotation": {"angle": 0, "axis": "y", "origin": [9.01, 10.74, 7.99]},
			"faces": {
				"north": {"uv": [4, 0, 10, 1.5], "texture": "#1"},
				"east": {"uv": [5.5, 12.5, 6.5, 14], "texture": "#1"},
				"south": {"uv": [4, 1.5, 10, 3], "texture": "#1"},
				"west": {"uv": [12.5, 6, 13.5, 7.5], "texture": "#1"},
				"up": {"uv": [11.5, 8.5, 5.5, 7.5], "texture": "#1"},
				"down": {"uv": [14.5, 3, 8.5, 4], "texture": "#1"}
			}
		},
		{
			"from": [-3.01, 10.74, 7.49],
			"to": [2.01, 12.76, 8.51],
			"rotation": {"angle": 22.5, "axis": "z", "origin": [2, 12.75, 8]},
			"faces": {
				"north": {"uv": [7, 10.5, 9.5, 11.5], "texture": "#1"},
				"east": {"uv": [13.5, 7, 14, 8], "texture": "#1"},
				"south": {"uv": [9.5, 10.5, 12, 11.5], "texture": "#1"},
				"west": {"uv": [13.5, 8, 14, 9], "texture": "#1"},
				"up": {"uv": [14.5, 3, 12, 2.5], "texture": "#1"},
				"down": {"uv": [14.5, 10.5, 12, 11], "texture": "#1"}
			}
		},
		{
			"from": [13.99, 10.74, 7.49],
			"to": [19.01, 12.76, 8.51],
			"rotation": {"angle": -22.5, "axis": "z", "origin": [14, 12.75, 8]},
			"faces": {
				"north": {"uv": [0, 11, 2.5, 12], "texture": "#1"},
				"east": {"uv": [13.5, 9, 14, 10], "texture": "#1"},
				"south": {"uv": [11, 8.5, 13.5, 9.5], "texture": "#1"},
				"west": {"uv": [11.5, 13.5, 12, 14.5], "texture": "#1"},
				"up": {"uv": [14.5, 11.5, 12, 11], "texture": "#1"},
				"down": {"uv": [15, 11.5, 12.5, 12], "texture": "#1"}
			}
		},
		{
			"from": [9, 12.6, 9.4],
			"to": [11, 13.6, 9.4],
			"rotation": {"angle": 45, "axis": "z", "origin": [9, 13.6, 9.4]},
			"faces": {
				"north": {"uv": [13.5, 2, 14.5, 2.5], "texture": "#1"},
				"east": {"uv": [0, 0, 0, 0.5], "texture": "#1"},
				"south": {"uv": [13.5, 10, 14.5, 10.5], "texture": "#1"},
				"west": {"uv": [0, 0, 0, 0.5], "texture": "#1"},
				"up": {"uv": [1, 0, 0, 0], "texture": "#1"},
				"down": {"uv": [1, 0, 0, 0], "texture": "#1"}
			}
		},
		{
			"from": [10.41421, 14.01421, 9.41],
			"to": [12.41421, 15.01421, 9.41],
			"rotation": {"angle": 22.5, "axis": "z", "origin": [10.41421, 15.01421, 9.4]},
			"faces": {
				"north": {"uv": [13.5, 12, 14.5, 12.5], "texture": "#1"},
				"east": {"uv": [0, 0, 0, 0.5], "texture": "#1"},
				"south": {"uv": [13.5, 12.5, 14.5, 13], "texture": "#1"},
				"west": {"uv": [0, 0, 0, 0.5], "texture": "#1"},
				"up": {"uv": [1, 0, 0, 0], "texture": "#1"},
				"down": {"uv": [1, 0, 0, 0], "texture": "#1"}
			}
		},
		{
			"from": [12.64466, 14.8557, 9.42],
			"to": [14.64466, 15.8557, 9.42],
			"rotation": {"angle": 45, "axis": "z", "origin": [12.64466, 14.8557, 9.4]},
			"faces": {
				"north": {"uv": [13.5, 13, 14.5, 13.5], "texture": "#1"},
				"east": {"uv": [0, 0, 0, 0.5], "texture": "#1"},
				"south": {"uv": [13.5, 13.5, 14.5, 14], "texture": "#1"},
				"west": {"uv": [0, 0, 0, 0.5], "texture": "#1"},
				"up": {"uv": [1, 0, 0, 0], "texture": "#1"},
				"down": {"uv": [1, 0, 0, 0], "texture": "#1"}
			}
		},
		{
			"from": [9.6, 11.85, 9.4],
			"to": [11.6, 12.85, 9.4],
			"rotation": {"angle": -22.5, "axis": "z", "origin": [9.6, 11.85, 9.4]},
			"faces": {
				"north": {"uv": [0, 14, 1, 14.5], "texture": "#1"},
				"east": {"uv": [0, 0, 0, 0.5], "texture": "#1"},
				"south": {"uv": [14, 0, 15, 0.5], "texture": "#1"},
				"west": {"uv": [0, 0, 0, 0.5], "texture": "#1"},
				"up": {"uv": [1, 0, 0, 0], "texture": "#1"},
				"down": {"uv": [1, 0, 0, 0], "texture": "#1"}
			}
		},
		{
			"from": [11.44776, 11.08463, 9.41],
			"to": [13.44776, 12.08463, 9.41],
			"rotation": {"angle": 22.5, "axis": "z", "origin": [11.44776, 11.08463, 9.4]},
			"faces": {
				"north": {"uv": [14, 0.5, 15, 1], "texture": "#1"},
				"east": {"uv": [0, 0, 0, 0.5], "texture": "#1"},
				"south": {"uv": [14, 1, 15, 1.5], "texture": "#1"},
				"west": {"uv": [0, 0, 0, 0.5], "texture": "#1"},
				"up": {"uv": [1, 0, 0, 0], "texture": "#1"},
				"down": {"uv": [1, 0, 0, 0], "texture": "#1"}
			}
		},
		{
			"from": [12.91283, 11.77388, 9.42],
			"to": [14.91283, 12.77388, 9.42],
			"rotation": {"angle": 0, "axis": "y", "origin": [12.91283, 12.77388, 9.4]},
			"faces": {
				"north": {"uv": [14, 1.5, 15, 2], "texture": "#1"},
				"east": {"uv": [0, 0, 0, 0.5], "texture": "#1"},
				"south": {"uv": [2, 14, 3, 14.5], "texture": "#1"},
				"west": {"uv": [0, 0, 0, 0.5], "texture": "#1"},
				"up": {"uv": [1, 0, 0, 0], "texture": "#1"},
				"down": {"uv": [1, 0, 0, 0], "texture": "#1"}
			}
		},
		{
			"from": [9, 10.1, 9.4],
			"to": [11, 11.1, 9.4],
			"rotation": {"angle": -45, "axis": "z", "origin": [9, 10.1, 9.4]},
			"faces": {
				"north": {"uv": [3, 14, 4, 14.5], "texture": "#1"},
				"east": {"uv": [0, 0, 0, 0.5], "texture": "#1"},
				"south": {"uv": [4, 14, 5, 14.5], "texture": "#1"},
				"west": {"uv": [0, 0, 0, 0.5], "texture": "#1"},
				"up": {"uv": [1, 0, 0, 0], "texture": "#1"},
				"down": {"uv": [1, 0, 0, 0], "texture": "#1"}
			}
		},
		{
			"from": [10.41421, 8.68579, 9.41],
			"to": [12.41421, 9.68579, 9.41],
			"rotation": {"angle": -22.5, "axis": "z", "origin": [10.41421, 8.68579, 9.4]},
			"faces": {
				"north": {"uv": [14, 4, 15, 4.5], "texture": "#1"},
				"east": {"uv": [0, 0, 0, 0.5], "texture": "#1"},
				"south": {"uv": [14, 4.5, 15, 5], "texture": "#1"},
				"west": {"uv": [0, 0, 0, 0.5], "texture": "#1"},
				"up": {"uv": [1, 0, 0, 0], "texture": "#1"},
				"down": {"uv": [1, 0, 0, 0], "texture": "#1"}
			}
		},
		{
			"from": [12.64466, 7.8443, 9.42],
			"to": [14.64466, 8.8443, 9.42],
			"rotation": {"angle": -45, "axis": "z", "origin": [12.64466, 8.8443, 9.4]},
			"faces": {
				"north": {"uv": [5, 14, 6, 14.5], "texture": "#1"},
				"east": {"uv": [0, 0, 0, 0.5], "texture": "#1"},
				"south": {"uv": [14, 5, 15, 5.5], "texture": "#1"},
				"west": {"uv": [0, 0, 0, 0.5], "texture": "#1"},
				"up": {"uv": [1, 0, 0, 0], "texture": "#1"},
				"down": {"uv": [1, 0, 0, 0], "texture": "#1"}
			}
		},
		{
			"from": [5, 12.6, 9.4],
			"to": [7, 13.6, 9.4],
			"rotation": {"angle": -45, "axis": "z", "origin": [7, 13.6, 9.4]},
			"faces": {
				"north": {"uv": [14, 5.5, 15, 6], "texture": "#1"},
				"east": {"uv": [0, 0, 0, 0.5], "texture": "#1"},
				"south": {"uv": [6, 14, 7, 14.5], "texture": "#1"},
				"west": {"uv": [0, 0, 0, 0.5], "texture": "#1"},
				"up": {"uv": [1, 0, 0, 0], "texture": "#1"},
				"down": {"uv": [1, 0, 0, 0], "texture": "#1"}
			}
		},
		{
			"from": [3.58579, 14.01421, 9.41],
			"to": [5.58579, 15.01421, 9.41],
			"rotation": {"angle": -22.5, "axis": "z", "origin": [5.58579, 15.01421, 9.4]},
			"faces": {
				"north": {"uv": [14, 6, 15, 6.5], "texture": "#1"},
				"east": {"uv": [0, 0, 0, 0.5], "texture": "#1"},
				"south": {"uv": [14, 6.5, 15, 7], "texture": "#1"},
				"west": {"uv": [0, 0, 0, 0.5], "texture": "#1"},
				"up": {"uv": [1, 0, 0, 0], "texture": "#1"},
				"down": {"uv": [1, 0, 0, 0], "texture": "#1"}
			}
		},
		{
			"from": [1.35534, 14.8557, 9.42],
			"to": [3.35534, 15.8557, 9.42],
			"rotation": {"angle": -45, "axis": "z", "origin": [3.35534, 14.8557, 9.4]},
			"faces": {
				"north": {"uv": [7, 14, 8, 14.5], "texture": "#1"},
				"east": {"uv": [0, 0, 0, 0.5], "texture": "#1"},
				"south": {"uv": [14, 7, 15, 7.5], "texture": "#1"},
				"west": {"uv": [0, 0, 0, 0.5], "texture": "#1"},
				"up": {"uv": [1, 0, 0, 0], "texture": "#1"},
				"down": {"uv": [1, 0, 0, 0], "texture": "#1"}
			}
		},
		{
			"from": [4.4, 11.85, 9.4],
			"to": [6.4, 12.85, 9.4],
			"rotation": {"angle": 22.5, "axis": "z", "origin": [6.4, 11.85, 9.4]},
			"faces": {
				"north": {"uv": [14, 7.5, 15, 8], "texture": "#1"},
				"east": {"uv": [0, 0, 0, 0.5], "texture": "#1"},
				"south": {"uv": [8, 14, 9, 14.5], "texture": "#1"},
				"west": {"uv": [0, 0, 0, 0.5], "texture": "#1"},
				"up": {"uv": [1, 0, 0, 0], "texture": "#1"},
				"down": {"uv": [1, 0, 0, 0], "texture": "#1"}
			}
		},
		{
			"from": [2.55224, 11.08463, 9.41],
			"to": [4.55224, 12.08463, 9.41],
			"rotation": {"angle": -22.5, "axis": "z", "origin": [4.55224, 11.08463, 9.4]},
			"faces": {
				"north": {"uv": [14, 8, 15, 8.5], "texture": "#1"},
				"east": {"uv": [0, 0, 0, 0.5], "texture": "#1"},
				"south": {"uv": [14, 8.5, 15, 9], "texture": "#1"},
				"west": {"uv": [0, 0, 0, 0.5], "texture": "#1"},
				"up": {"uv": [1, 0, 0, 0], "texture": "#1"},
				"down": {"uv": [1, 0, 0, 0], "texture": "#1"}
			}
		},
		{
			"from": [1.08717, 11.77388, 9.42],
			"to": [3.08717, 12.77388, 9.42],
			"rotation": {"angle": 0, "axis": "y", "origin": [3.08717, 12.77388, 9.4]},
			"faces": {
				"north": {"uv": [9, 14, 10, 14.5], "texture": "#1"},
				"east": {"uv": [0, 0, 0, 0.5], "texture": "#1"},
				"south": {"uv": [14, 9, 15, 9.5], "texture": "#1"},
				"west": {"uv": [0, 0, 0, 0.5], "texture": "#1"},
				"up": {"uv": [1, 0, 0, 0], "texture": "#1"},
				"down": {"uv": [1, 0, 0, 0], "texture": "#1"}
			}
		},
		{
			"from": [5, 10.1, 9.4],
			"to": [7, 11.1, 9.4],
			"rotation": {"angle": 45, "axis": "z", "origin": [7, 10.1, 9.4]},
			"faces": {
				"north": {"uv": [14, 9.5, 15, 10], "texture": "#1"},
				"east": {"uv": [0, 0, 0, 0.5], "texture": "#1"},
				"south": {"uv": [10, 14, 11, 14.5], "texture": "#1"},
				"west": {"uv": [0, 0, 0, 0.5], "texture": "#1"},
				"up": {"uv": [1, 0, 0, 0], "texture": "#1"},
				"down": {"uv": [1, 0, 0, 0], "texture": "#1"}
			}
		},
		{
			"from": [3.58579, 8.68579, 9.41],
			"to": [5.58579, 9.68579, 9.41],
			"rotation": {"angle": 22.5, "axis": "z", "origin": [5.58579, 8.68579, 9.4]},
			"faces": {
				"north": {"uv": [12, 14, 13, 14.5], "texture": "#1"},
				"east": {"uv": [0, 0, 0, 0.5], "texture": "#1"},
				"south": {"uv": [13, 14, 14, 14.5], "texture": "#1"},
				"west": {"uv": [0, 0, 0, 0.5], "texture": "#1"},
				"up": {"uv": [1, 0, 0, 0], "texture": "#1"},
				"down": {"uv": [1, 0, 0, 0], "texture": "#1"}
			}
		},
		{
			"from": [1.35534, 7.8443, 9.42],
			"to": [3.35534, 8.8443, 9.42],
			"rotation": {"angle": 45, "axis": "z", "origin": [3.35534, 8.8443, 9.4]},
			"faces": {
				"north": {"uv": [14, 14, 15, 14.5], "texture": "#1"},
				"east": {"uv": [0, 0, 0, 0.5], "texture": "#1"},
				"south": {"uv": [0, 14.5, 1, 15], "texture": "#1"},
				"west": {"uv": [0, 0, 0, 0.5], "texture": "#1"},
				"up": {"uv": [1, 0, 0, 0], "texture": "#1"},
				"down": {"uv": [1, 0, 0, 0], "texture": "#1"}
			}
		},
		{
			"from": [9, 12.6, 6.6],
			"to": [11, 13.6, 6.6],
			"rotation": {"angle": 45, "axis": "z", "origin": [9, 13.6, 6.6]},
			"faces": {
				"north": {"uv": [1, 14.5, 2, 15], "texture": "#1"},
				"east": {"uv": [0, 0, 0, 0.5], "texture": "#1"},
				"south": {"uv": [2, 14.5, 3, 15], "texture": "#1"},
				"west": {"uv": [0, 0, 0, 0.5], "texture": "#1"},
				"up": {"uv": [1, 0, 0, 0], "texture": "#1"},
				"down": {"uv": [1, 0, 0, 0], "texture": "#1"}
			}
		},
		{
			"from": [10.41421, 14.01421, 6.59],
			"to": [12.41421, 15.01421, 6.59],
			"rotation": {"angle": 22.5, "axis": "z", "origin": [10.41421, 15.01421, 6.6]},
			"faces": {
				"north": {"uv": [14.5, 2, 15.5, 2.5], "texture": "#1"},
				"east": {"uv": [0, 0, 0, 0.5], "texture": "#1"},
				"south": {"uv": [14.5, 2.5, 15.5, 3], "texture": "#1"},
				"west": {"uv": [0, 0, 0, 0.5], "texture": "#1"},
				"up": {"uv": [1, 0, 0, 0], "texture": "#1"},
				"down": {"uv": [1, 0, 0, 0], "texture": "#1"}
			}
		},
		{
			"from": [12.64466, 14.8557, 6.58],
			"to": [14.64466, 15.8557, 6.58],
			"rotation": {"angle": 45, "axis": "z", "origin": [12.64466, 14.8557, 6.6]},
			"faces": {
				"north": {"uv": [3, 14.5, 4, 15], "texture": "#1"},
				"east": {"uv": [0, 0, 0, 0.5], "texture": "#1"},
				"south": {"uv": [14.5, 3, 15.5, 3.5], "texture": "#1"},
				"west": {"uv": [0, 0, 0, 0.5], "texture": "#1"},
				"up": {"uv": [1, 0, 0, 0], "texture": "#1"},
				"down": {"uv": [1, 0, 0, 0], "texture": "#1"}
			}
		},
		{
			"from": [9.6, 11.85, 6.6],
			"to": [11.6, 12.85, 6.6],
			"rotation": {"angle": -22.5, "axis": "z", "origin": [9.6, 11.85, 6.6]},
			"faces": {
				"north": {"uv": [14.5, 3.5, 15.5, 4], "texture": "#1"},
				"east": {"uv": [0, 0, 0, 0.5], "texture": "#1"},
				"south": {"uv": [4, 14.5, 5, 15], "texture": "#1"},
				"west": {"uv": [0, 0, 0, 0.5], "texture": "#1"},
				"up": {"uv": [1, 0, 0, 0], "texture": "#1"},
				"down": {"uv": [1, 0, 0, 0], "texture": "#1"}
			}
		},
		{
			"from": [11.44776, 11.08463, 6.59],
			"to": [13.44776, 12.08463, 6.59],
			"rotation": {"angle": 22.5, "axis": "z", "origin": [11.44776, 11.08463, 6.6]},
			"faces": {
				"north": {"uv": [5, 14.5, 6, 15], "texture": "#1"},
				"east": {"uv": [0, 0, 0, 0.5], "texture": "#1"},
				"south": {"uv": [6, 14.5, 7, 15], "texture": "#1"},
				"west": {"uv": [0, 0, 0, 0.5], "texture": "#1"},
				"up": {"uv": [1, 0, 0, 0], "texture": "#1"},
				"down": {"uv": [1, 0, 0, 0], "texture": "#1"}
			}
		},
		{
			"from": [12.91283, 11.77388, 6.58],
			"to": [14.91283, 12.77388, 6.58],
			"rotation": {"angle": 0, "axis": "y", "origin": [12.91283, 12.77388, 6.6]},
			"faces": {
				"north": {"uv": [7, 14.5, 8, 15], "texture": "#1"},
				"east": {"uv": [0, 0, 0, 0.5], "texture": "#1"},
				"south": {"uv": [8, 14.5, 9, 15], "texture": "#1"},
				"west": {"uv": [0, 0, 0, 0.5], "texture": "#1"},
				"up": {"uv": [1, 0, 0, 0], "texture": "#1"},
				"down": {"uv": [1, 0, 0, 0], "texture": "#1"}
			}
		},
		{
			"from": [9, 10.4, 6.6],
			"to": [11, 11.4, 6.6],
			"rotation": {"angle": -45, "axis": "z", "origin": [9, 10.4, 6.6]},
			"faces": {
				"north": {"uv": [9, 14.5, 10, 15], "texture": "#1"},
				"east": {"uv": [0, 0, 0, 0.5], "texture": "#1"},
				"south": {"uv": [10, 14.5, 11, 15], "texture": "#1"},
				"west": {"uv": [0, 0, 0, 0.5], "texture": "#1"},
				"up": {"uv": [1, 0, 0, 0], "texture": "#1"},
				"down": {"uv": [1, 0, 0, 0], "texture": "#1"}
			}
		},
		{
			"from": [10.41421, 8.98579, 6.59],
			"to": [12.41421, 9.98579, 6.59],
			"rotation": {"angle": -22.5, "axis": "z", "origin": [10.41421, 8.98579, 6.6]},
			"faces": {
				"north": {"uv": [14.5, 10, 15.5, 10.5], "texture": "#1"},
				"east": {"uv": [0, 0, 0, 0.5], "texture": "#1"},
				"south": {"uv": [14.5, 10.5, 15.5, 11], "texture": "#1"},
				"west": {"uv": [0, 0, 0, 0.5], "texture": "#1"},
				"up": {"uv": [1, 0, 0, 0], "texture": "#1"},
				"down": {"uv": [1, 0, 0, 0], "texture": "#1"}
			}
		},
		{
			"from": [12.64466, 8.1443, 6.58],
			"to": [14.64466, 9.1443, 6.58],
			"rotation": {"angle": -45, "axis": "z", "origin": [12.64466, 9.1443, 6.6]},
			"faces": {
				"north": {"uv": [11, 14.5, 12, 15], "texture": "#1"},
				"east": {"uv": [0, 0, 0, 0.5], "texture": "#1"},
				"south": {"uv": [14.5, 11, 15.5, 11.5], "texture": "#1"},
				"west": {"uv": [0, 0, 0, 0.5], "texture": "#1"},
				"up": {"uv": [1, 0, 0, 0], "texture": "#1"},
				"down": {"uv": [1, 0, 0, 0], "texture": "#1"}
			}
		},
		{
			"from": [5, 12.6, 6.6],
			"to": [7, 13.6, 6.6],
			"rotation": {"angle": -45, "axis": "z", "origin": [7, 13.6, 6.6]},
			"faces": {
				"north": {"uv": [12, 14.5, 13, 15], "texture": "#1"},
				"east": {"uv": [0, 0, 0, 0.5], "texture": "#1"},
				"south": {"uv": [14.5, 12, 15.5, 12.5], "texture": "#1"},
				"west": {"uv": [0, 0, 0, 0.5], "texture": "#1"},
				"up": {"uv": [1, 0, 0, 0], "texture": "#1"},
				"down": {"uv": [1, 0, 0, 0], "texture": "#1"}
			}
		},
		{
			"from": [3.58579, 14.01421, 6.59],
			"to": [5.58579, 15.01421, 6.59],
			"rotation": {"angle": -22.5, "axis": "z", "origin": [5.58579, 15.01421, 6.6]},
			"faces": {
				"north": {"uv": [14.5, 12.5, 15.5, 13], "texture": "#1"},
				"east": {"uv": [0, 0, 0, 0.5], "texture": "#1"},
				"south": {"uv": [13, 14.5, 14, 15], "texture": "#1"},
				"west": {"uv": [0, 0, 0, 0.5], "texture": "#1"},
				"up": {"uv": [1, 0, 0, 0], "texture": "#1"},
				"down": {"uv": [1, 0, 0, 0], "texture": "#1"}
			}
		},
		{
			"from": [1.35534, 14.8557, 6.58],
			"to": [3.35534, 15.8557, 6.58],
			"rotation": {"angle": -45, "axis": "z", "origin": [3.35534, 14.8557, 6.6]},
			"faces": {
				"north": {"uv": [14.5, 13, 15.5, 13.5], "texture": "#1"},
				"east": {"uv": [0, 0, 0, 0.5], "texture": "#1"},
				"south": {"uv": [14.5, 13.5, 15.5, 14], "texture": "#1"},
				"west": {"uv": [0, 0, 0, 0.5], "texture": "#1"},
				"up": {"uv": [1, 0, 0, 0], "texture": "#1"},
				"down": {"uv": [1, 0, 0, 0], "texture": "#1"}
			}
		},
		{
			"from": [4.4, 11.85, 6.6],
			"to": [6.4, 12.85, 6.6],
			"rotation": {"angle": 22.5, "axis": "z", "origin": [6.4, 11.85, 6.6]},
			"faces": {
				"north": {"uv": [14, 14.5, 15, 15], "texture": "#1"},
				"east": {"uv": [0, 0, 0, 0.5], "texture": "#1"},
				"south": {"uv": [0, 15, 1, 15.5], "texture": "#1"},
				"west": {"uv": [0, 0, 0, 0.5], "texture": "#1"},
				"up": {"uv": [1, 0, 0, 0], "texture": "#1"},
				"down": {"uv": [1, 0, 0, 0], "texture": "#1"}
			}
		},
		{
			"from": [2.55224, 11.08463, 6.59],
			"to": [4.55224, 12.08463, 6.59],
			"rotation": {"angle": -22.5, "axis": "z", "origin": [4.55224, 11.08463, 6.6]},
			"faces": {
				"north": {"uv": [15, 0, 16, 0.5], "texture": "#1"},
				"east": {"uv": [0, 0, 0, 0.5], "texture": "#1"},
				"south": {"uv": [15, 0.5, 16, 1], "texture": "#1"},
				"west": {"uv": [0, 0, 0, 0.5], "texture": "#1"},
				"up": {"uv": [1, 0, 0, 0], "texture": "#1"},
				"down": {"uv": [1, 0, 0, 0], "texture": "#1"}
			}
		},
		{
			"from": [1.08717, 11.77388, 6.58],
			"to": [3.08717, 12.77388, 6.58],
			"rotation": {"angle": 0, "axis": "y", "origin": [3.08717, 12.77388, 6.6]},
			"faces": {
				"north": {"uv": [1, 15, 2, 15.5], "texture": "#1"},
				"east": {"uv": [0, 0, 0, 0.5], "texture": "#1"},
				"south": {"uv": [15, 1, 16, 1.5], "texture": "#1"},
				"west": {"uv": [0, 0, 0, 0.5], "texture": "#1"},
				"up": {"uv": [1, 0, 0, 0], "texture": "#1"},
				"down": {"uv": [1, 0, 0, 0], "texture": "#1"}
			}
		},
		{
			"from": [5, 10.4, 6.6],
			"to": [7, 11.4, 6.6],
			"rotation": {"angle": 45, "axis": "z", "origin": [7, 10.4, 6.6]},
			"faces": {
				"north": {"uv": [15, 1.5, 16, 2], "texture": "#1"},
				"east": {"uv": [0, 0, 0, 0.5], "texture": "#1"},
				"south": {"uv": [2, 15, 3, 15.5], "texture": "#1"},
				"west": {"uv": [0, 0, 0, 0.5], "texture": "#1"},
				"up": {"uv": [1, 0, 0, 0], "texture": "#1"},
				"down": {"uv": [1, 0, 0, 0], "texture": "#1"}
			}
		},
		{
			"from": [3.58579, 8.98579, 6.59],
			"to": [5.58579, 9.98579, 6.59],
			"rotation": {"angle": 22.5, "axis": "z", "origin": [5.58579, 8.98579, 6.6]},
			"faces": {
				"north": {"uv": [3, 15, 4, 15.5], "texture": "#1"},
				"east": {"uv": [0, 0, 0, 0.5], "texture": "#1"},
				"south": {"uv": [4, 15, 5, 15.5], "texture": "#1"},
				"west": {"uv": [0, 0, 0, 0.5], "texture": "#1"},
				"up": {"uv": [1, 0, 0, 0], "texture": "#1"},
				"down": {"uv": [1, 0, 0, 0], "texture": "#1"}
			}
		},
		{
			"from": [1.35534, 8.1443, 6.58],
			"to": [3.35534, 9.1443, 6.58],
			"rotation": {"angle": 45, "axis": "z", "origin": [3.35534, 9.1443, 6.6]},
			"faces": {
				"north": {"uv": [15, 4, 16, 4.5], "texture": "#1"},
				"east": {"uv": [0, 0, 0, 0.5], "texture": "#1"},
				"south": {"uv": [15, 4.5, 16, 5], "texture": "#1"},
				"west": {"uv": [0, 0, 0, 0.5], "texture": "#1"},
				"up": {"uv": [1, 0, 0, 0], "texture": "#1"},
				"down": {"uv": [1, 0, 0, 0], "texture": "#1"}
			}
		}
	],
	"gui_light": "front",
	"display": {
		"thirdperson_righthand": {
			"rotation": [0, -90, 0],
			"translation": [0, 3.75, 1.25],
			"scale": [0.6, 0.6, 0.6]
		},
		"thirdperson_lefthand": {
			"rotation": [0, 90, 0],
			"translation": [0, 3.75, 1.25],
			"scale": [0.6, 0.6, 0.6]
		},
		"firstperson_righthand": {
			"rotation": [20, -90, 0],
			"translation": [2, 4, 0.5],
			"scale": [0.6, 0.6, 0.6]
		},
		"firstperson_lefthand": {
			"rotation": [20, 90, 0],
			"translation": [2, 4, 0.5],
			"scale": [0.6, 0.6, 0.6]
		},
		"ground": {
			"rotation": [0, 0, -45],
			"translation": [2.5, 7, 0],
			"scale": [0.5, 0.5, 0.5]
		},
		"gui": {
			"rotation": [0, 0, -45],
			"translation": [1.5, 1.25, -0.75],
			"scale": [0.55, 0.55, 0.55]
		},
		"head": {
			"rotation": [0, 0, 45],
			"translation": [9.75, 7.5, 0.75],
			"scale": [0.6, 0.6, 0.6]
		},
		"fixed": {
			"rotation": [0, -180, -45],
			"translation": [-1.75, 1.25, -0.75],
			"scale": [0.7, 0.7, 0.7]
		}
	},
	"groups": [
		{
			"name": "pickaxe",
			"origin": [8, 8, 8],
			"color": 0,
			"children": [
				{
					"name": "pommel",
					"origin": [8, 8, 8],
					"color": 0,
					"children": [0, 1, 2, 3, 4, 5]
				},
				{
					"name": "grip",
					"origin": [8, 8, 8],
					"color": 0,
					"children": [6,
						{
							"name": "handle",
							"origin": [8, 8, 8],
							"color": 0,
							"children": [7]
						}
					]
				},
				{
					"name": "guard",
					"origin": [8, 8, 8],
					"color": 0,
					"children": [
						{
							"name": "cross-guard",
							"origin": [8, 8, 8],
							"color": 0,
							"children": [
								{
									"name": "sun",
									"origin": [8, 8, 8],
									"color": 0,
									"children": [8, 9, 10]
								},
								{
									"name": "blade",
									"origin": [8, 8, 8],
									"color": 0,
									"children": [11, 12, 13]
								},
								{
									"name": "out-south",
									"origin": [8, 8, 8],
									"color": 0,
									"children": [
										{
											"name": "1",
											"origin": [8, 8, 8],
											"color": 0,
											"children": [
												{
													"name": "group",
													"origin": [9, 20, 7],
													"color": 0,
													"children": [14, 15, 16]
												},
												{
													"name": "group",
													"origin": [8, 8, 8],
													"color": 0,
													"children": [17, 18, 19]
												},
												{
													"name": "group",
													"origin": [9, 20, 7],
													"color": 0,
													"children": [20, 21, 22]
												}
											]
										},
										{
											"name": "2",
											"origin": [8, 8, 8],
											"color": 0,
											"children": [
												{
													"name": "group",
													"origin": [9, 20, 7],
													"color": 0,
													"children": [23, 24, 25]
												},
												{
													"name": "group",
													"origin": [8, 8, 8],
													"color": 0,
													"children": [26, 27, 28]
												},
												{
													"name": "group",
													"origin": [9, 20, 7],
													"color": 0,
													"children": [29, 30, 31]
												}
											]
										}
									]
								},
								{
									"name": "out-north",
									"origin": [8, 8, 8],
									"color": 0,
									"children": [
										{
											"name": "1",
											"origin": [8, 8, 8],
											"color": 0,
											"children": [
												{
													"name": "group",
													"origin": [9, 20, 7],
													"color": 0,
													"children": [32, 33, 34]
												},
												{
													"name": "group",
													"origin": [8, 8, 8],
													"color": 0,
													"children": [35, 36, 37]
												},
												{
													"name": "group",
													"origin": [9, 20, 7],
													"color": 0,
													"children": [38, 39, 40]
												}
											]
										},
										{
											"name": "2",
											"origin": [8, 8, 8],
											"color": 0,
											"children": [
												{
													"name": "group",
													"origin": [9, 20, 7],
													"color": 0,
													"children": [41, 42, 43]
												},
												{
													"name": "group",
													"origin": [8, 8, 8],
													"color": 0,
													"children": [44, 45, 46]
												},
												{
													"name": "group",
													"origin": [9, 20, 7],
													"color": 0,
													"children": [47, 48, 49]
												}
											]
										}
									]
								}
							]
						}
					]
				}
			]
		}
	]
}