{
	"texture_size": [64, 64],
	"textures": {
		"1": "solar/solar_shield_octagon"
	},
	"elements": [
		{
			"name": "handle",
			"from": [7, 8, 13],
			"to": [9, 14, 19],
			"faces": {
				"north": {"uv": [4.75, 6, 5.25, 7.5], "texture": "#1"},
				"east": {"uv": [0, 6, 1.5, 7.5], "texture": "#1"},
				"south": {"uv": [6, 4.75, 6.5, 6.25], "texture": "#1"},
				"west": {"uv": [6, 0, 7.5, 1.5], "texture": "#1"},
				"up": {"uv": [5.75, 7.5, 5.25, 6], "texture": "#1"},
				"down": {"uv": [6.75, 1.5, 6.25, 3], "texture": "#1"}
			}
		},
		{
			"name": "shield",
			"from": [2, 5, 12],
			"to": [14, 17, 13],
			"faces": {
				"north": {"uv": [3, 0, 6, 3], "texture": "#1"},
				"east": {"uv": [5.75, 6, 6, 9], "texture": "#1"},
				"south": {"uv": [3, 3, 6, 6], "texture": "#1"},
				"west": {"uv": [1.75, 6.25, 2, 9.25], "texture": "#1"},
				"up": {"uv": [9.25, 3.25, 6.25, 3], "texture": "#1"},
				"down": {"uv": [9.25, 3.25, 6.25, 3.5], "texture": "#1"}
			}
		},
		{
			"name": "shield",
			"from": [1.997, 4.997, 11.997],
			"to": [14.003, 17.003, 13.003],
			"rotation": {"angle": 45, "axis": "z", "origin": [8, 11, 12.5]},
			"faces": {
				"north": {"uv": [0, 0, 3, 3], "texture": "#1"},
				"east": {"uv": [1.5, 6, 1.75, 9], "texture": "#1"},
				"south": {"uv": [0, 3, 3, 6], "texture": "#1"},
				"west": {"uv": [6, 1.5, 6.25, 4.5], "texture": "#1"},
				"up": {"uv": [4.75, 6.25, 1.75, 6], "texture": "#1"},
				"down": {"uv": [9, 4.5, 6, 4.75], "texture": "#1"}
			}
		}
	],
	"display": {
		"thirdperson_righthand": {
			"rotation": [90, -90, 90],
			"translation": [8, -5, 3]
		},
		"thirdperson_lefthand": {
			"rotation": [90, -90, 90],
			"translation": [8, -5, 3]
		},
		"firstperson_righthand": {
			"rotation": [90, -90, 90],
			"translation": [8, -5, 3]
		},
		"firstperson_lefthand": {
			"rotation": [90, -90, 90],
			"translation": [8, -5, 3]
		},
		"ground": {
			"translation": [0, 0, -5]
		},
		"gui": {
			"rotation": [-22.25, 152.25, 30.5],
			"translation": [-3.5, -1.25, 0]
		},
		"head": {
			"rotation": [90, 0, 0],
			"translation": [0, 11.75, -3]
		},
		"fixed": {
			"translation": [0, -3, -5]
		}
	},
	"groups": [
		{
			"name": "shield",
			"origin": [0, 11, 1],
			"color": 0,
			"children": [0, 1, 2]
		}
	]
}