{
	"texture_size": [64, 64],
	"textures": {
		"1": "solar/solar_bow",
		"2": "solar/solar_bow_arrow"
	},
	"elements": [
		{
			"from": [3.03036, 5.5665, 6.485],
			"to": [7.06036, 9.5965, 9.515],
			"rotation": {"angle": -45, "axis": "z", "origin": [6.04536, 6.6315, 6.995]},
			"faces": {
				"north": {"uv": [5.25, 3.5, 6.25, 4.5], "texture": "#1"},
				"east": {"uv": [2, 6, 2.75, 7], "texture": "#1"},
				"south": {"uv": [5.25, 4.5, 6.25, 5.5], "texture": "#1"},
				"west": {"uv": [3.75, 6, 4.5, 7], "texture": "#1"},
				"up": {"uv": [7.25, 4.25, 6.25, 3.5], "texture": "#1"},
				"down": {"uv": [7.25, 4.25, 6.25, 5], "texture": "#1"}
			}
		},
		{
			"from": [3.99, 5.99, 6.49],
			"to": [8.01, 10.01, 9.51],
			"rotation": {"angle": 0, "axis": "y", "origin": [7, 7, 7]},
			"faces": {
				"north": {"uv": [5.25, 5.5, 6.25, 6.5], "texture": "#1"},
				"east": {"uv": [6.25, 5, 7, 6], "texture": "#1"},
				"south": {"uv": [5.75, 0, 6.75, 1], "texture": "#1"},
				"west": {"uv": [6.25, 6, 7, 7], "texture": "#1"},
				"up": {"uv": [6.25, 7.25, 5.25, 6.5], "texture": "#1"},
				"down": {"uv": [7.75, 0, 6.75, 0.75], "texture": "#1"}
			}
		},
		{
			"from": [4.499, 3.999, 6.999],
			"to": [7.501, 12.001, 9.001],
			"rotation": {"angle": 0, "axis": "y", "origin": [7, 7, 7]},
			"faces": {
				"north": {"uv": [1.5, 4, 2.25, 6], "texture": "#1"},
				"east": {"uv": [4.75, 5.75, 5.25, 7.75], "texture": "#1"},
				"south": {"uv": [2.25, 4, 3, 6], "texture": "#1"},
				"west": {"uv": [1.5, 6, 2, 8], "texture": "#1"},
				"up": {"uv": [6.5, 1.5, 5.75, 1], "texture": "#1"},
				"down": {"uv": [8.5, 1, 7.75, 1.5], "texture": "#1"}
			}
		},
		{
			"from": [4.501, 12.001, 7],
			"to": [7.501, 16.001, 9],
			"rotation": {"angle": 22.5, "axis": "z", "origin": [7.501, 12.001, 7.021]},
			"faces": {
				"north": {"uv": [0, 7, 0.75, 8], "texture": "#1"},
				"east": {"uv": [6.25, 7, 6.75, 8], "texture": "#1"},
				"south": {"uv": [0.75, 7, 1.5, 8], "texture": "#1"},
				"west": {"uv": [6.75, 7, 7.25, 8], "texture": "#1"},
				"up": {"uv": [8.5, 2, 7.75, 1.5], "texture": "#1"},
				"down": {"uv": [8.5, 2, 7.75, 2.5], "texture": "#1"}
			}
		},
		{
			"from": [4.501, -0.001, 7],
			"to": [7.501, 3.999, 9],
			"rotation": {"angle": -22.5, "axis": "z", "origin": [7.501, 3.999, 7.021]},
			"faces": {
				"north": {"uv": [7, 0.75, 7.75, 1.75], "texture": "#1"},
				"east": {"uv": [7.25, 2.75, 7.75, 3.75], "texture": "#1"},
				"south": {"uv": [7, 1.75, 7.75, 2.75], "texture": "#1"},
				"west": {"uv": [7.25, 3.75, 7.75, 4.75], "texture": "#1"},
				"up": {"uv": [8.5, 3, 7.75, 2.5], "texture": "#1"},
				"down": {"uv": [8.5, 3, 7.75, 3.5], "texture": "#1"}
			}
		},
		{
			"from": [3.19893, 14.54801, 6.999],
			"to": [6.20093, 23.55001, 9.001],
			"rotation": {"angle": -22.5, "axis": "z", "origin": [3.19993, 14.54901, 7.009]},
			"faces": {
				"north": {"uv": [0, 2.5, 0.75, 4.75], "texture": "#1"},
				"east": {"uv": [0, 4.75, 0.5, 7], "texture": "#1"},
				"south": {"uv": [0.75, 2.5, 1.5, 4.75], "texture": "#1"},
				"west": {"uv": [0.5, 4.75, 1, 7], "texture": "#1"},
				"up": {"uv": [8.5, 4, 7.75, 3.5], "texture": "#1"},
				"down": {"uv": [8.5, 4, 7.75, 4.5], "texture": "#1"}
			}
		},
		{
			"from": [6.67614, 19.89268, 7],
			"to": [15.67614, 22.89268, 9],
			"rotation": {"angle": 22.5, "axis": "z", "origin": [6.72884, 22.79701, 7.021]},
			"faces": {
				"north": {"uv": [1.5, 2.5, 3.75, 3.25], "texture": "#1"},
				"east": {"uv": [4.5, 7.75, 5, 8.5], "texture": "#1"},
				"south": {"uv": [1.5, 3.25, 3.75, 4], "texture": "#1"},
				"west": {"uv": [7.75, 4.5, 8.25, 5.25], "texture": "#1"},
				"up": {"uv": [7, 2, 4.75, 1.5], "texture": "#1"},
				"down": {"uv": [7, 2, 4.75, 2.5], "texture": "#1"}
			}
		},
		{
			"from": [13.11785, 23.49743, 6.999],
			"to": [16.11985, 27.49943, 9.001],
			"rotation": {"angle": -22.5, "axis": "z", "origin": [16.21452, 23.55112, 9.031]},
			"faces": {
				"north": {"uv": [2, 7, 2.75, 8], "texture": "#1"},
				"east": {"uv": [5.25, 7.25, 5.75, 8.25], "texture": "#1"},
				"south": {"uv": [3.75, 7, 4.5, 8], "texture": "#1"},
				"west": {"uv": [5.75, 7.25, 6.25, 8.25], "texture": "#1"},
				"up": {"uv": [8.5, 5.75, 7.75, 5.25], "texture": "#1"},
				"down": {"uv": [8.5, 5.75, 7.75, 6.25], "texture": "#1"}
			}
		},
		{
			"from": [6.67614, -6.89268, 7],
			"to": [15.67614, -3.89268, 9],
			"rotation": {"angle": -22.5, "axis": "z", "origin": [6.72884, -6.79701, 7.021]},
			"faces": {
				"north": {"uv": [3.5, 0, 5.75, 0.75], "texture": "#1"},
				"east": {"uv": [7.75, 6.25, 8.25, 7], "texture": "#1"},
				"south": {"uv": [3.5, 0.75, 5.75, 1.5], "texture": "#1"},
				"west": {"uv": [7.75, 7, 8.25, 7.75], "texture": "#1"},
				"up": {"uv": [7, 3, 4.75, 2.5], "texture": "#1"},
				"down": {"uv": [7, 3, 4.75, 3.5], "texture": "#1"}
			}
		},
		{
			"from": [3.19893, -7.55001, 6.999],
			"to": [6.20093, 1.45199, 9.001],
			"rotation": {"angle": 22.5, "axis": "z", "origin": [3.19993, 1.45099, 7.009]},
			"faces": {
				"north": {"uv": [3.75, 1.5, 4.5, 3.75], "texture": "#1"},
				"east": {"uv": [1, 4.75, 1.5, 7], "texture": "#1"},
				"south": {"uv": [3.75, 3.75, 4.5, 6], "texture": "#1"},
				"west": {"uv": [4.75, 3.5, 5.25, 5.75], "texture": "#1"},
				"up": {"uv": [8.5, 8.25, 7.75, 7.75], "texture": "#1"},
				"down": {"uv": [0.75, 8, 0, 8.5], "texture": "#1"}
			}
		},
		{
			"from": [8.508, -6.762, 6.998],
			"to": [10.512, -3.758, 9.002],
			"rotation": {"angle": -45, "axis": "z", "origin": [8.51, -3.76, 7.02]},
			"faces": {
				"north": {"uv": [0.75, 8, 1.25, 8.75], "texture": "#1"},
				"east": {"uv": [1.25, 8, 1.75, 8.75], "texture": "#1"},
				"south": {"uv": [1.75, 8, 2.25, 8.75], "texture": "#1"},
				"west": {"uv": [2.25, 8, 2.75, 8.75], "texture": "#1"},
				"up": {"uv": [7, 1.5, 6.5, 1], "texture": "#1"},
				"down": {"uv": [1, 8.75, 0.5, 9.25], "texture": "#1"}
			}
		},
		{
			"from": [15.008, -10.162, 6.998],
			"to": [17.012, -7.158, 9.002],
			"rotation": {"angle": -45, "axis": "z", "origin": [15.01, -7.16, 7.02]},
			"faces": {
				"north": {"uv": [3.75, 8, 4.25, 8.75], "texture": "#1"},
				"east": {"uv": [6.25, 8, 6.75, 8.75], "texture": "#1"},
				"south": {"uv": [6.75, 8, 7.25, 8.75], "texture": "#1"},
				"west": {"uv": [7.25, 8, 7.75, 8.75], "texture": "#1"},
				"up": {"uv": [1.5, 9.25, 1, 8.75], "texture": "#1"},
				"down": {"uv": [2, 8.75, 1.5, 9.25], "texture": "#1"}
			}
		},
		{
			"from": [3.758, 0.488, 6.998],
			"to": [6.762, 2.492, 9.002],
			"rotation": {"angle": 0, "axis": "y", "origin": [6.76, 4.49, 7.02]},
			"faces": {
				"north": {"uv": [8.25, 0, 9, 0.5], "texture": "#1"},
				"east": {"uv": [2, 8.75, 2.5, 9.25], "texture": "#1"},
				"south": {"uv": [8.25, 0.5, 9, 1], "texture": "#1"},
				"west": {"uv": [2.5, 8.75, 3, 9.25], "texture": "#1"},
				"up": {"uv": [9, 5, 8.25, 4.5], "texture": "#1"},
				"down": {"uv": [5.75, 8.25, 5, 8.75], "texture": "#1"}
			}
		},
		{
			"from": [8.508, 19.758, 6.998],
			"to": [10.512, 22.762, 9.002],
			"rotation": {"angle": 45, "axis": "z", "origin": [8.51, 19.76, 7.02]},
			"faces": {
				"north": {"uv": [5.75, 8.25, 6.25, 9], "texture": "#1"},
				"east": {"uv": [8.25, 6.25, 8.75, 7], "texture": "#1"},
				"south": {"uv": [8.25, 7, 8.75, 7.75], "texture": "#1"},
				"west": {"uv": [7.75, 8.25, 8.25, 9], "texture": "#1"},
				"up": {"uv": [4.25, 9.25, 3.75, 8.75], "texture": "#1"},
				"down": {"uv": [5.5, 8.75, 5, 9.25], "texture": "#1"}
			}
		},
		{
			"from": [15.008, 23.158, 6.998],
			"to": [17.012, 26.162, 9.002],
			"rotation": {"angle": 45, "axis": "z", "origin": [15.01, 23.16, 7.02]},
			"faces": {
				"north": {"uv": [8.25, 8.25, 8.75, 9], "texture": "#1"},
				"east": {"uv": [0, 8.5, 0.5, 9.25], "texture": "#1"},
				"south": {"uv": [8.5, 1, 9, 1.75], "texture": "#1"},
				"west": {"uv": [8.5, 1.75, 9, 2.5], "texture": "#1"},
				"up": {"uv": [6.75, 9.25, 6.25, 8.75], "texture": "#1"},
				"down": {"uv": [9.25, 6.25, 8.75, 6.75], "texture": "#1"}
			}
		},
		{
			"from": [3.758, 13.508, 6.998],
			"to": [6.762, 15.512, 9.002],
			"rotation": {"angle": 0, "axis": "y", "origin": [6.76, 11.51, 7.02]},
			"faces": {
				"north": {"uv": [8.5, 2.5, 9.25, 3], "texture": "#1"},
				"east": {"uv": [6.75, 8.75, 7.25, 9.25], "texture": "#1"},
				"south": {"uv": [8.5, 3, 9.25, 3.5], "texture": "#1"},
				"west": {"uv": [8.75, 6.75, 9.25, 7.25], "texture": "#1"},
				"up": {"uv": [9.25, 4, 8.5, 3.5], "texture": "#1"},
				"down": {"uv": [9.25, 4, 8.5, 4.5], "texture": "#1"}
			}
		},
		{
			"from": [13.11785, -11.49943, 6.999],
			"to": [16.11985, -7.49743, 9.001],
			"rotation": {"angle": 22.5, "axis": "z", "origin": [16.21452, -7.55112, 9.031]},
			"faces": {
				"north": {"uv": [7, 5, 7.75, 6], "texture": "#1"},
				"east": {"uv": [7.25, 7, 7.75, 8], "texture": "#1"},
				"south": {"uv": [7, 6, 7.75, 7], "texture": "#1"},
				"west": {"uv": [7.75, 0, 8.25, 1], "texture": "#1"},
				"up": {"uv": [5, 9, 4.25, 8.5], "texture": "#1"},
				"down": {"uv": [9.25, 5, 8.5, 5.5], "texture": "#1"}
			}
		},
		{
			"name": "string1",
			"from": [14.99, -8.01, 7.99],
			"to": [16.01, 15.01, 8.01],
			"rotation": {"angle": -45, "axis": "z", "origin": [15, -8, 8]},
			"faces": {
				"north": {"uv": [3, 4, 3.25, 9.75], "texture": "#1"},
				"east": {"uv": [0, 0, 0, 5.75], "texture": "#1"},
				"south": {"uv": [3.25, 4, 3.5, 9.75], "texture": "#1"},
				"west": {"uv": [0, 0, 0, 5.75], "texture": "#1"},
				"up": {"uv": [0.25, 0, 0, 0], "texture": "#1"},
				"down": {"uv": [0.25, 0, 0, 0], "texture": "#1"}
			}
		},
		{
			"name": "string2",
			"from": [14.99, 0.99, 7.99],
			"to": [16.01, 24.01, 8.01],
			"rotation": {"angle": 45, "axis": "z", "origin": [15, 24, 8]},
			"faces": {
				"north": {"uv": [3.5, 4, 3.75, 9.75], "texture": "#1"},
				"east": {"uv": [0, 0, 0, 5.75], "texture": "#1"},
				"south": {"uv": [4.5, 1.5, 4.75, 7.25], "texture": "#1"},
				"west": {"uv": [0, 0, 0, 5.75], "texture": "#1"},
				"up": {"uv": [0.25, 0, 0, 0], "texture": "#1"},
				"down": {"uv": [0.25, 0, 0, 0], "texture": "#1"}
			}
		},
		{
			"from": [1.701, 18.001, 7.501],
			"to": [4.699, 18.999, 8.499],
			"rotation": {"angle": -22.5, "axis": "z", "origin": [4.7, 18, 7.65]},
			"faces": {
				"north": {"uv": [8.5, 8, 9.25, 8.25], "texture": "#1"},
				"east": {"uv": [3.5, 1.5, 3.75, 1.75], "texture": "#1"},
				"south": {"uv": [8.75, 7.25, 9.5, 7.5], "texture": "#1"},
				"west": {"uv": [3.5, 1.75, 3.75, 2], "texture": "#1"},
				"up": {"uv": [9.5, 7.75, 8.75, 7.5], "texture": "#1"},
				"down": {"uv": [9.5, 8.25, 8.75, 8.5], "texture": "#1"}
			}
		},
		{
			"from": [1.701, -2.999, 7.501],
			"to": [4.699, -2.001, 8.499],
			"rotation": {"angle": 22.5, "axis": "z", "origin": [4.7, -2, 7.65]},
			"faces": {
				"north": {"uv": [8.75, 8.5, 9.5, 8.75], "texture": "#1"},
				"east": {"uv": [3.5, 2, 3.75, 2.25], "texture": "#1"},
				"south": {"uv": [8.75, 8.75, 9.5, 9], "texture": "#1"},
				"west": {"uv": [3.5, 2.25, 3.75, 2.5], "texture": "#1"},
				"up": {"uv": [9.75, 0.25, 9, 0], "texture": "#1"},
				"down": {"uv": [9.75, 0.25, 9, 0.5], "texture": "#1"}
			}
		},
		{
			"from": [1.801, 15.751, 8.001],
			"to": [8.799, 20.749, 7.999],
			"rotation": {"angle": -22.5, "axis": "z", "origin": [4.8, 15.75, 8.15]},
			"faces": {
				"north": {"uv": [0, 0, 1.75, 1.25], "texture": "#1"},
				"east": {"uv": [0, 0, 0, 1.25], "texture": "#1"},
				"south": {"uv": [0, 1.25, 1.75, 2.5], "texture": "#1"},
				"west": {"uv": [0, 0, 0, 1.25], "texture": "#1"},
				"up": {"uv": [1.75, 0, 0, 0], "texture": "#1"},
				"down": {"uv": [1.75, 0, 0, 0], "texture": "#1"}
			}
		},
		{
			"from": [1.801, -4.749, 8.001],
			"to": [8.799, 0.249, 7.999],
			"rotation": {"angle": 22.5, "axis": "z", "origin": [4.8, 0.25, 8.15]},
			"faces": {
				"north": {"uv": [1.75, 0, 3.5, 1.25], "texture": "#1"},
				"east": {"uv": [0, 0, 0, 1.25], "texture": "#1"},
				"south": {"uv": [1.75, 1.25, 3.5, 2.5], "texture": "#1"},
				"west": {"uv": [0, 0, 0, 1.25], "texture": "#1"},
				"up": {"uv": [1.75, 0, 0, 0], "texture": "#1"},
				"down": {"uv": [1.75, 0, 0, 0], "texture": "#1"}
			}
		},
		{
			"from": [7.001, 8.851, 7.501],
			"to": [11.999, 9.849, 8.499],
			"rotation": {"angle": 45, "axis": "z", "origin": [7, 8.85, 7.65]},
			"faces": {
				"north": {"uv": [8.5, 5.5, 9.75, 5.75], "texture": "#1"},
				"east": {"uv": [2.75, 6, 3, 6.25], "texture": "#1"},
				"south": {"uv": [8.5, 5.75, 9.75, 6], "texture": "#1"},
				"west": {"uv": [2.75, 6.25, 3, 6.5], "texture": "#1"},
				"up": {"uv": [9.75, 6.25, 8.5, 6], "texture": "#1"},
				"down": {"uv": [9.75, 7.75, 8.5, 8], "texture": "#1"}
			}
		},
		{
			"from": [0.001, 9.101, 7.501],
			"to": [4.999, 10.099, 8.499],
			"rotation": {"angle": -45, "axis": "z", "origin": [5, 9.1, 7.65]},
			"faces": {
				"north": {"uv": [9.75, 5.5, 8.5, 5.75], "texture": "#1"},
				"east": {"uv": [3, 6.25, 2.75, 6.5], "texture": "#1"},
				"south": {"uv": [9.75, 5.75, 8.5, 6], "texture": "#1"},
				"west": {"uv": [3, 6, 2.75, 6.25], "texture": "#1"},
				"up": {"uv": [8.5, 6.25, 9.75, 6], "texture": "#1"},
				"down": {"uv": [8.5, 7.75, 9.75, 8], "texture": "#1"}
			}
		},
		{
			"from": [0.001, 5.901, 7.501],
			"to": [4.999, 6.899, 8.499],
			"rotation": {"angle": 45, "axis": "z", "origin": [5, 6.9, 7.65]},
			"faces": {
				"north": {"uv": [9.75, 5.75, 8.5, 5.5], "texture": "#1"},
				"east": {"uv": [3, 6.5, 2.75, 6.25], "texture": "#1"},
				"south": {"uv": [9.75, 6, 8.5, 5.75], "texture": "#1"},
				"west": {"uv": [3, 6.25, 2.75, 6], "texture": "#1"},
				"up": {"uv": [8.5, 8, 9.75, 7.75], "texture": "#1"},
				"down": {"uv": [8.5, 6, 9.75, 6.25], "texture": "#1"}
			}
		},
		{
			"from": [7.001, 5.901, 7.501],
			"to": [11.999, 6.899, 8.499],
			"rotation": {"angle": -45, "axis": "z", "origin": [7, 6.9, 7.65]},
			"faces": {
				"north": {"uv": [8.5, 5.75, 9.75, 5.5], "texture": "#1"},
				"east": {"uv": [2.75, 6.25, 3, 6], "texture": "#1"},
				"south": {"uv": [8.5, 6, 9.75, 5.75], "texture": "#1"},
				"west": {"uv": [2.75, 6.5, 3, 6.25], "texture": "#1"},
				"up": {"uv": [9.75, 8, 8.5, 7.75], "texture": "#1"},
				"down": {"uv": [9.75, 6, 8.5, 6.25], "texture": "#1"}
			}
		},
		{
			"from": [7, 8.6, 9.4],
			"to": [9, 9.6, 9.4],
			"rotation": {"angle": 45, "axis": "z", "origin": [7, 9.6, 9.4]},
			"faces": {
				"north": {"uv": [7.25, 4.75, 7.75, 5], "texture": "#1"},
				"east": {"uv": [0, 0, 0, 0.25], "texture": "#1"},
				"south": {"uv": [7.25, 8.75, 7.75, 9], "texture": "#1"},
				"west": {"uv": [0, 0, 0, 0.25], "texture": "#1"},
				"up": {"uv": [0.5, 0, 0, 0], "texture": "#1"},
				"down": {"uv": [0.5, 0, 0, 0], "texture": "#1"}
			}
		},
		{
			"from": [8.41421, 10.01421, 9.41],
			"to": [10.41421, 11.01421, 9.41],
			"rotation": {"angle": 22.5, "axis": "z", "origin": [8.41421, 11.01421, 9.4]},
			"faces": {
				"north": {"uv": [9, 0.5, 9.5, 0.75], "texture": "#1"},
				"east": {"uv": [0, 0, 0, 0.25], "texture": "#1"},
				"south": {"uv": [9, 0.75, 9.5, 1], "texture": "#1"},
				"west": {"uv": [0, 0, 0, 0.25], "texture": "#1"},
				"up": {"uv": [0.5, 0, 0, 0], "texture": "#1"},
				"down": {"uv": [0.5, 0, 0, 0], "texture": "#1"}
			}
		},
		{
			"from": [10.64466, 10.8557, 9.42],
			"to": [12.64466, 11.8557, 9.42],
			"rotation": {"angle": 45, "axis": "z", "origin": [10.64466, 10.8557, 9.4]},
			"faces": {
				"north": {"uv": [9, 1, 9.5, 1.25], "texture": "#1"},
				"east": {"uv": [0, 0, 0, 0.25], "texture": "#1"},
				"south": {"uv": [9, 1.25, 9.5, 1.5], "texture": "#1"},
				"west": {"uv": [0, 0, 0, 0.25], "texture": "#1"},
				"up": {"uv": [0.5, 0, 0, 0], "texture": "#1"},
				"down": {"uv": [0.5, 0, 0, 0], "texture": "#1"}
			}
		},
		{
			"from": [7.7, 7.85, 9.4],
			"to": [9.7, 8.85, 9.4],
			"rotation": {"angle": -22.5, "axis": "z", "origin": [7.7, 7.85, 9.4]},
			"faces": {
				"north": {"uv": [9, 1.5, 9.5, 1.75], "texture": "#1"},
				"east": {"uv": [0, 0, 0, 0.25], "texture": "#1"},
				"south": {"uv": [9, 1.75, 9.5, 2], "texture": "#1"},
				"west": {"uv": [0, 0, 0, 0.25], "texture": "#1"},
				"up": {"uv": [0.5, 0, 0, 0], "texture": "#1"},
				"down": {"uv": [0.5, 0, 0, 0], "texture": "#1"}
			}
		},
		{
			"from": [9.54776, 7.08463, 9.41],
			"to": [11.54776, 8.08463, 9.41],
			"rotation": {"angle": 22.5, "axis": "z", "origin": [9.54776, 7.08463, 9.4]},
			"faces": {
				"north": {"uv": [9, 2, 9.5, 2.25], "texture": "#1"},
				"east": {"uv": [0, 0, 0, 0.25], "texture": "#1"},
				"south": {"uv": [9, 2.25, 9.5, 2.5], "texture": "#1"},
				"west": {"uv": [0, 0, 0, 0.25], "texture": "#1"},
				"up": {"uv": [0.5, 0, 0, 0], "texture": "#1"},
				"down": {"uv": [0.5, 0, 0, 0], "texture": "#1"}
			}
		},
		{
			"from": [11.01283, 7.77388, 9.42],
			"to": [13.01283, 8.77388, 9.42],
			"rotation": {"angle": 0, "axis": "y", "origin": [11.01283, 8.77388, 9.4]},
			"faces": {
				"north": {"uv": [4.25, 9, 4.75, 9.25], "texture": "#1"},
				"east": {"uv": [0, 0, 0, 0.25], "texture": "#1"},
				"south": {"uv": [9, 4.5, 9.5, 4.75], "texture": "#1"},
				"west": {"uv": [0, 0, 0, 0.25], "texture": "#1"},
				"up": {"uv": [0.5, 0, 0, 0], "texture": "#1"},
				"down": {"uv": [0.5, 0, 0, 0], "texture": "#1"}
			}
		},
		{
			"from": [7, 6.4, 9.4],
			"to": [9, 7.4, 9.4],
			"rotation": {"angle": -45, "axis": "z", "origin": [7, 6.4, 9.4]},
			"faces": {
				"north": {"uv": [9, 4.75, 9.5, 5], "texture": "#1"},
				"east": {"uv": [0, 0, 0, 0.25], "texture": "#1"},
				"south": {"uv": [5.5, 9, 6, 9.25], "texture": "#1"},
				"west": {"uv": [0, 0, 0, 0.25], "texture": "#1"},
				"up": {"uv": [0.5, 0, 0, 0], "texture": "#1"},
				"down": {"uv": [0.5, 0, 0, 0], "texture": "#1"}
			}
		},
		{
			"from": [8.41421, 4.98579, 9.41],
			"to": [10.41421, 5.98579, 9.41],
			"rotation": {"angle": -22.5, "axis": "z", "origin": [8.41421, 4.98579, 9.4]},
			"faces": {
				"north": {"uv": [7.25, 9, 7.75, 9.25], "texture": "#1"},
				"east": {"uv": [0, 0, 0, 0.25], "texture": "#1"},
				"south": {"uv": [7.75, 9, 8.25, 9.25], "texture": "#1"},
				"west": {"uv": [0, 0, 0, 0.25], "texture": "#1"},
				"up": {"uv": [0.5, 0, 0, 0], "texture": "#1"},
				"down": {"uv": [0.5, 0, 0, 0], "texture": "#1"}
			}
		},
		{
			"from": [10.64466, 4.1443, 9.42],
			"to": [12.64466, 5.1443, 9.42],
			"rotation": {"angle": -45, "axis": "z", "origin": [10.64466, 5.1443, 9.4]},
			"faces": {
				"north": {"uv": [8.25, 9, 8.75, 9.25], "texture": "#1"},
				"east": {"uv": [0, 0, 0, 0.25], "texture": "#1"},
				"south": {"uv": [8.75, 9, 9.25, 9.25], "texture": "#1"},
				"west": {"uv": [0, 0, 0, 0.25], "texture": "#1"},
				"up": {"uv": [0.5, 0, 0, 0], "texture": "#1"},
				"down": {"uv": [0.5, 0, 0, 0], "texture": "#1"}
			}
		},
		{
			"from": [3, 8.6, 9.4],
			"to": [5, 9.6, 9.4],
			"rotation": {"angle": -45, "axis": "z", "origin": [5, 9.6, 9.4]},
			"faces": {
				"north": {"uv": [0, 9.25, 0.5, 9.5], "texture": "#1"},
				"east": {"uv": [0, 0, 0, 0.25], "texture": "#1"},
				"south": {"uv": [0.5, 9.25, 1, 9.5], "texture": "#1"},
				"west": {"uv": [0, 0, 0, 0.25], "texture": "#1"},
				"up": {"uv": [0.5, 0, 0, 0], "texture": "#1"},
				"down": {"uv": [0.5, 0, 0, 0], "texture": "#1"}
			}
		},
		{
			"from": [1.58579, 10.01421, 9.41],
			"to": [3.58579, 11.01421, 9.41],
			"rotation": {"angle": -22.5, "axis": "z", "origin": [3.58579, 11.01421, 9.4]},
			"faces": {
				"north": {"uv": [1, 9.25, 1.5, 9.5], "texture": "#1"},
				"east": {"uv": [0, 0, 0, 0.25], "texture": "#1"},
				"south": {"uv": [1.5, 9.25, 2, 9.5], "texture": "#1"},
				"west": {"uv": [0, 0, 0, 0.25], "texture": "#1"},
				"up": {"uv": [0.5, 0, 0, 0], "texture": "#1"},
				"down": {"uv": [0.5, 0, 0, 0], "texture": "#1"}
			}
		},
		{
			"from": [-0.64466, 10.8557, 9.42],
			"to": [1.35534, 11.8557, 9.42],
			"rotation": {"angle": -45, "axis": "z", "origin": [1.35534, 10.8557, 9.4]},
			"faces": {
				"north": {"uv": [2, 9.25, 2.5, 9.5], "texture": "#1"},
				"east": {"uv": [0, 0, 0, 0.25], "texture": "#1"},
				"south": {"uv": [2.5, 9.25, 3, 9.5], "texture": "#1"},
				"west": {"uv": [0, 0, 0, 0.25], "texture": "#1"},
				"up": {"uv": [0.5, 0, 0, 0], "texture": "#1"},
				"down": {"uv": [0.5, 0, 0, 0], "texture": "#1"}
			}
		},
		{
			"from": [2.3, 7.85, 9.4],
			"to": [4.3, 8.85, 9.4],
			"rotation": {"angle": 22.5, "axis": "z", "origin": [4.3, 7.85, 9.4]},
			"faces": {
				"north": {"uv": [9.25, 2.5, 9.75, 2.75], "texture": "#1"},
				"east": {"uv": [0, 0, 0, 0.25], "texture": "#1"},
				"south": {"uv": [9.25, 2.75, 9.75, 3], "texture": "#1"},
				"west": {"uv": [0, 0, 0, 0.25], "texture": "#1"},
				"up": {"uv": [0.5, 0, 0, 0], "texture": "#1"},
				"down": {"uv": [0.5, 0, 0, 0], "texture": "#1"}
			}
		},
		{
			"from": [0.45224, 7.08463, 9.41],
			"to": [2.45224, 8.08463, 9.41],
			"rotation": {"angle": -22.5, "axis": "z", "origin": [2.45224, 7.08463, 9.4]},
			"faces": {
				"north": {"uv": [9.25, 3, 9.75, 3.25], "texture": "#1"},
				"east": {"uv": [0, 0, 0, 0.25], "texture": "#1"},
				"south": {"uv": [9.25, 3.25, 9.75, 3.5], "texture": "#1"},
				"west": {"uv": [0, 0, 0, 0.25], "texture": "#1"},
				"up": {"uv": [0.5, 0, 0, 0], "texture": "#1"},
				"down": {"uv": [0.5, 0, 0, 0], "texture": "#1"}
			}
		},
		{
			"from": [-1.01283, 7.77388, 9.42],
			"to": [0.98717, 8.77388, 9.42],
			"rotation": {"angle": 0, "axis": "y", "origin": [0.98717, 8.77388, 9.4]},
			"faces": {
				"north": {"uv": [9.25, 3.5, 9.75, 3.75], "texture": "#1"},
				"east": {"uv": [0, 0, 0, 0.25], "texture": "#1"},
				"south": {"uv": [3.75, 9.25, 4.25, 9.5], "texture": "#1"},
				"west": {"uv": [0, 0, 0, 0.25], "texture": "#1"},
				"up": {"uv": [0.5, 0, 0, 0], "texture": "#1"},
				"down": {"uv": [0.5, 0, 0, 0], "texture": "#1"}
			}
		},
		{
			"from": [3, 6.4, 9.4],
			"to": [5, 7.4, 9.4],
			"rotation": {"angle": 45, "axis": "z", "origin": [5, 6.4, 9.4]},
			"faces": {
				"north": {"uv": [9.25, 3.75, 9.75, 4], "texture": "#1"},
				"east": {"uv": [0, 0, 0, 0.25], "texture": "#1"},
				"south": {"uv": [9.25, 4, 9.75, 4.25], "texture": "#1"},
				"west": {"uv": [0, 0, 0, 0.25], "texture": "#1"},
				"up": {"uv": [0.5, 0, 0, 0], "texture": "#1"},
				"down": {"uv": [0.5, 0, 0, 0], "texture": "#1"}
			}
		},
		{
			"from": [1.58579, 4.98579, 9.41],
			"to": [3.58579, 5.98579, 9.41],
			"rotation": {"angle": 22.5, "axis": "z", "origin": [3.58579, 4.98579, 9.4]},
			"faces": {
				"north": {"uv": [4.25, 9.25, 4.75, 9.5], "texture": "#1"},
				"east": {"uv": [0, 0, 0, 0.25], "texture": "#1"},
				"south": {"uv": [9.25, 4.25, 9.75, 4.5], "texture": "#1"},
				"west": {"uv": [0, 0, 0, 0.25], "texture": "#1"},
				"up": {"uv": [0.5, 0, 0, 0], "texture": "#1"},
				"down": {"uv": [0.5, 0, 0, 0], "texture": "#1"}
			}
		},
		{
			"from": [-0.64466, 4.1443, 9.42],
			"to": [1.35534, 5.1443, 9.42],
			"rotation": {"angle": 45, "axis": "z", "origin": [1.35534, 5.1443, 9.4]},
			"faces": {
				"north": {"uv": [4.75, 9.25, 5.25, 9.5], "texture": "#1"},
				"east": {"uv": [0, 0, 0, 0.25], "texture": "#1"},
				"south": {"uv": [9.25, 5, 9.75, 5.25], "texture": "#1"},
				"west": {"uv": [0, 0, 0, 0.25], "texture": "#1"},
				"up": {"uv": [0.5, 0, 0, 0], "texture": "#1"},
				"down": {"uv": [0.5, 0, 0, 0], "texture": "#1"}
			}
		},
		{
			"from": [7, 8.6, 6.6],
			"to": [9, 9.6, 6.6],
			"rotation": {"angle": 45, "axis": "z", "origin": [7, 9.6, 6.6]},
			"faces": {
				"north": {"uv": [5.25, 9.25, 5.75, 9.5], "texture": "#1"},
				"east": {"uv": [0, 0, 0, 0.25], "texture": "#1"},
				"south": {"uv": [9.25, 5.25, 9.75, 5.5], "texture": "#1"},
				"west": {"uv": [0, 0, 0, 0.25], "texture": "#1"},
				"up": {"uv": [0.5, 0, 0, 0], "texture": "#1"},
				"down": {"uv": [0.5, 0, 0, 0], "texture": "#1"}
			}
		},
		{
			"from": [8.41421, 10.01421, 6.59],
			"to": [10.41421, 11.01421, 6.59],
			"rotation": {"angle": 22.5, "axis": "z", "origin": [8.41421, 11.01421, 6.6]},
			"faces": {
				"north": {"uv": [5.75, 9.25, 6.25, 9.5], "texture": "#1"},
				"east": {"uv": [0, 0, 0, 0.25], "texture": "#1"},
				"south": {"uv": [6.25, 9.25, 6.75, 9.5], "texture": "#1"},
				"west": {"uv": [0, 0, 0, 0.25], "texture": "#1"},
				"up": {"uv": [0.5, 0, 0, 0], "texture": "#1"},
				"down": {"uv": [0.5, 0, 0, 0], "texture": "#1"}
			}
		},
		{
			"from": [10.64466, 10.8557, 6.58],
			"to": [12.64466, 11.8557, 6.58],
			"rotation": {"angle": 45, "axis": "z", "origin": [10.64466, 10.8557, 6.6]},
			"faces": {
				"north": {"uv": [9.25, 6.25, 9.75, 6.5], "texture": "#1"},
				"east": {"uv": [0, 0, 0, 0.25], "texture": "#1"},
				"south": {"uv": [9.25, 6.5, 9.75, 6.75], "texture": "#1"},
				"west": {"uv": [0, 0, 0, 0.25], "texture": "#1"},
				"up": {"uv": [0.5, 0, 0, 0], "texture": "#1"},
				"down": {"uv": [0.5, 0, 0, 0], "texture": "#1"}
			}
		},
		{
			"from": [7.7, 7.85, 6.6],
			"to": [9.7, 8.85, 6.6],
			"rotation": {"angle": -22.5, "axis": "z", "origin": [7.7, 7.85, 6.6]},
			"faces": {
				"north": {"uv": [6.75, 9.25, 7.25, 9.5], "texture": "#1"},
				"east": {"uv": [0, 0, 0, 0.25], "texture": "#1"},
				"south": {"uv": [9.25, 6.75, 9.75, 7], "texture": "#1"},
				"west": {"uv": [0, 0, 0, 0.25], "texture": "#1"},
				"up": {"uv": [0.5, 0, 0, 0], "texture": "#1"},
				"down": {"uv": [0.5, 0, 0, 0], "texture": "#1"}
			}
		},
		{
			"from": [9.54776, 7.08463, 6.59],
			"to": [11.54776, 8.08463, 6.59],
			"rotation": {"angle": 22.5, "axis": "z", "origin": [9.54776, 7.08463, 6.6]},
			"faces": {
				"north": {"uv": [9.25, 7, 9.75, 7.25], "texture": "#1"},
				"east": {"uv": [0, 0, 0, 0.25], "texture": "#1"},
				"south": {"uv": [7.25, 9.25, 7.75, 9.5], "texture": "#1"},
				"west": {"uv": [0, 0, 0, 0.25], "texture": "#1"},
				"up": {"uv": [0.5, 0, 0, 0], "texture": "#1"},
				"down": {"uv": [0.5, 0, 0, 0], "texture": "#1"}
			}
		},
		{
			"from": [11.01283, 7.77388, 6.58],
			"to": [13.01283, 8.77388, 6.58],
			"rotation": {"angle": 0, "axis": "y", "origin": [11.01283, 8.77388, 6.6]},
			"faces": {
				"north": {"uv": [7.75, 9.25, 8.25, 9.5], "texture": "#1"},
				"east": {"uv": [0, 0, 0, 0.25], "texture": "#1"},
				"south": {"uv": [9.25, 8, 9.75, 8.25], "texture": "#1"},
				"west": {"uv": [0, 0, 0, 0.25], "texture": "#1"},
				"up": {"uv": [0.5, 0, 0, 0], "texture": "#1"},
				"down": {"uv": [0.5, 0, 0, 0], "texture": "#1"}
			}
		},
		{
			"from": [7, 6.4, 6.6],
			"to": [9, 7.4, 6.6],
			"rotation": {"angle": -45, "axis": "z", "origin": [7, 6.4, 6.6]},
			"faces": {
				"north": {"uv": [8.25, 9.25, 8.75, 9.5], "texture": "#1"},
				"east": {"uv": [0, 0, 0, 0.25], "texture": "#1"},
				"south": {"uv": [8.75, 9.25, 9.25, 9.5], "texture": "#1"},
				"west": {"uv": [0, 0, 0, 0.25], "texture": "#1"},
				"up": {"uv": [0.5, 0, 0, 0], "texture": "#1"},
				"down": {"uv": [0.5, 0, 0, 0], "texture": "#1"}
			}
		},
		{
			"from": [8.41421, 4.98579, 6.59],
			"to": [10.41421, 5.98579, 6.59],
			"rotation": {"angle": -22.5, "axis": "z", "origin": [8.41421, 4.98579, 6.6]},
			"faces": {
				"north": {"uv": [9.25, 9, 9.75, 9.25], "texture": "#1"},
				"east": {"uv": [0, 0, 0, 0.25], "texture": "#1"},
				"south": {"uv": [9.25, 9.25, 9.75, 9.5], "texture": "#1"},
				"west": {"uv": [0, 0, 0, 0.25], "texture": "#1"},
				"up": {"uv": [0.5, 0, 0, 0], "texture": "#1"},
				"down": {"uv": [0.5, 0, 0, 0], "texture": "#1"}
			}
		},
		{
			"from": [10.64466, 4.1443, 6.58],
			"to": [12.64466, 5.1443, 6.58],
			"rotation": {"angle": -45, "axis": "z", "origin": [10.64466, 5.1443, 6.6]},
			"faces": {
				"north": {"uv": [0, 9.5, 0.5, 9.75], "texture": "#1"},
				"east": {"uv": [0, 0, 0, 0.25], "texture": "#1"},
				"south": {"uv": [0.5, 9.5, 1, 9.75], "texture": "#1"},
				"west": {"uv": [0, 0, 0, 0.25], "texture": "#1"},
				"up": {"uv": [0.5, 0, 0, 0], "texture": "#1"},
				"down": {"uv": [0.5, 0, 0, 0], "texture": "#1"}
			}
		},
		{
			"from": [3, 8.6, 6.6],
			"to": [5, 9.6, 6.6],
			"rotation": {"angle": -45, "axis": "z", "origin": [5, 9.6, 6.6]},
			"faces": {
				"north": {"uv": [9.5, 0.5, 10, 0.75], "texture": "#1"},
				"east": {"uv": [0, 0, 0, 0.25], "texture": "#1"},
				"south": {"uv": [9.5, 0.75, 10, 1], "texture": "#1"},
				"west": {"uv": [0, 0, 0, 0.25], "texture": "#1"},
				"up": {"uv": [0.5, 0, 0, 0], "texture": "#1"},
				"down": {"uv": [0.5, 0, 0, 0], "texture": "#1"}
			}
		},
		{
			"from": [1.58579, 10.01421, 6.59],
			"to": [3.58579, 11.01421, 6.59],
			"rotation": {"angle": -22.5, "axis": "z", "origin": [3.58579, 11.01421, 6.6]},
			"faces": {
				"north": {"uv": [1, 9.5, 1.5, 9.75], "texture": "#1"},
				"east": {"uv": [0, 0, 0, 0.25], "texture": "#1"},
				"south": {"uv": [9.5, 1, 10, 1.25], "texture": "#1"},
				"west": {"uv": [0, 0, 0, 0.25], "texture": "#1"},
				"up": {"uv": [0.5, 0, 0, 0], "texture": "#1"},
				"down": {"uv": [0.5, 0, 0, 0], "texture": "#1"}
			}
		},
		{
			"from": [-0.64466, 10.8557, 6.58],
			"to": [1.35534, 11.8557, 6.58],
			"rotation": {"angle": -45, "axis": "z", "origin": [1.35534, 10.8557, 6.6]},
			"faces": {
				"north": {"uv": [9.5, 1.25, 10, 1.5], "texture": "#1"},
				"east": {"uv": [0, 0, 0, 0.25], "texture": "#1"},
				"south": {"uv": [1.5, 9.5, 2, 9.75], "texture": "#1"},
				"west": {"uv": [0, 0, 0, 0.25], "texture": "#1"},
				"up": {"uv": [0.5, 0, 0, 0], "texture": "#1"},
				"down": {"uv": [0.5, 0, 0, 0], "texture": "#1"}
			}
		},
		{
			"from": [2.3, 7.85, 6.6],
			"to": [4.3, 8.85, 6.6],
			"rotation": {"angle": 22.5, "axis": "z", "origin": [4.3, 7.85, 6.6]},
			"faces": {
				"north": {"uv": [9.5, 1.5, 10, 1.75], "texture": "#1"},
				"east": {"uv": [0, 0, 0, 0.25], "texture": "#1"},
				"south": {"uv": [9.5, 1.75, 10, 2], "texture": "#1"},
				"west": {"uv": [0, 0, 0, 0.25], "texture": "#1"},
				"up": {"uv": [0.5, 0, 0, 0], "texture": "#1"},
				"down": {"uv": [0.5, 0, 0, 0], "texture": "#1"}
			}
		},
		{
			"from": [0.45224, 7.08463, 6.59],
			"to": [2.45224, 8.08463, 6.59],
			"rotation": {"angle": -22.5, "axis": "z", "origin": [2.45224, 7.08463, 6.6]},
			"faces": {
				"north": {"uv": [2, 9.5, 2.5, 9.75], "texture": "#1"},
				"east": {"uv": [0, 0, 0, 0.25], "texture": "#1"},
				"south": {"uv": [9.5, 2, 10, 2.25], "texture": "#1"},
				"west": {"uv": [0, 0, 0, 0.25], "texture": "#1"},
				"up": {"uv": [0.5, 0, 0, 0], "texture": "#1"},
				"down": {"uv": [0.5, 0, 0, 0], "texture": "#1"}
			}
		},
		{
			"from": [-1.01283, 7.77388, 6.58],
			"to": [0.98717, 8.77388, 6.58],
			"rotation": {"angle": 0, "axis": "y", "origin": [0.98717, 8.77388, 6.6]},
			"faces": {
				"north": {"uv": [9.5, 2.25, 10, 2.5], "texture": "#1"},
				"east": {"uv": [0, 0, 0, 0.25], "texture": "#1"},
				"south": {"uv": [2.5, 9.5, 3, 9.75], "texture": "#1"},
				"west": {"uv": [0, 0, 0, 0.25], "texture": "#1"},
				"up": {"uv": [0.5, 0, 0, 0], "texture": "#1"},
				"down": {"uv": [0.5, 0, 0, 0], "texture": "#1"}
			}
		},
		{
			"from": [3, 6.4, 6.6],
			"to": [5, 7.4, 6.6],
			"rotation": {"angle": 45, "axis": "z", "origin": [5, 6.4, 6.6]},
			"faces": {
				"north": {"uv": [3.75, 9.5, 4.25, 9.75], "texture": "#1"},
				"east": {"uv": [0, 0, 0, 0.25], "texture": "#1"},
				"south": {"uv": [4.25, 9.5, 4.75, 9.75], "texture": "#1"},
				"west": {"uv": [0, 0, 0, 0.25], "texture": "#1"},
				"up": {"uv": [0.5, 0, 0, 0], "texture": "#1"},
				"down": {"uv": [0.5, 0, 0, 0], "texture": "#1"}
			}
		},
		{
			"from": [1.58579, 4.98579, 6.59],
			"to": [3.58579, 5.98579, 6.59],
			"rotation": {"angle": 22.5, "axis": "z", "origin": [3.58579, 4.98579, 6.6]},
			"faces": {
				"north": {"uv": [9.5, 4.5, 10, 4.75], "texture": "#1"},
				"east": {"uv": [0, 0, 0, 0.25], "texture": "#1"},
				"south": {"uv": [4.75, 9.5, 5.25, 9.75], "texture": "#1"},
				"west": {"uv": [0, 0, 0, 0.25], "texture": "#1"},
				"up": {"uv": [0.5, 0, 0, 0], "texture": "#1"},
				"down": {"uv": [0.5, 0, 0, 0], "texture": "#1"}
			}
		},
		{
			"from": [-0.64466, 4.1443, 6.58],
			"to": [1.35534, 5.1443, 6.58],
			"rotation": {"angle": 45, "axis": "z", "origin": [1.35534, 5.1443, 6.6]},
			"faces": {
				"north": {"uv": [9.5, 4.75, 10, 5], "texture": "#1"},
				"east": {"uv": [0, 0, 0, 0.25], "texture": "#1"},
				"south": {"uv": [5.25, 9.5, 5.75, 9.75], "texture": "#1"},
				"west": {"uv": [0, 0, 0, 0.25], "texture": "#1"},
				"up": {"uv": [0.5, 0, 0, 0], "texture": "#1"},
				"down": {"uv": [0.5, 0, 0, 0], "texture": "#1"}
			}
		},
		{
			"from": [-1, 7.5, 8],
			"to": [28, 8.5, 8],
			"rotation": {"angle": 0, "axis": "y", "origin": [-5, 0, 0]},
			"faces": {
				"north": {"uv": [0, 0, 14.5, 0.5], "texture": "#2"},
				"east": {"uv": [0, 0, 0, 0.5], "texture": "#2"},
				"south": {"uv": [0, 0.5, 14.5, 1], "texture": "#2"},
				"west": {"uv": [0, 0, 0, 0.5], "texture": "#2"},
				"up": {"uv": [14.5, 0, 0, 0], "texture": "#2"},
				"down": {"uv": [14.5, 0, 0, 0], "texture": "#2"}
			}
		},
		{
			"from": [27.5, 6, 8],
			"to": [31.5, 10, 8],
			"rotation": {"angle": 45, "axis": "x", "origin": [28, 8, 8]},
			"faces": {
				"north": {"uv": [0, 1, 2, 3], "texture": "#2"},
				"east": {"uv": [0, 0, 0, 2], "texture": "#2"},
				"south": {"uv": [2, 1, 4, 3], "texture": "#2"},
				"west": {"uv": [0, 0, 0, 2], "texture": "#2"},
				"up": {"uv": [2, 0, 0, 0], "texture": "#2"},
				"down": {"uv": [2, 0, 0, 0], "texture": "#2"}
			}
		},
		{
			"from": [27.5, 6, 8],
			"to": [31.5, 10, 8],
			"rotation": {"angle": -45, "axis": "x", "origin": [28, 8, 8]},
			"faces": {
				"north": {"uv": [0, 3, 2, 5], "texture": "#2"},
				"east": {"uv": [0, 0, 0, 2], "texture": "#2"},
				"south": {"uv": [2, 3, 4, 5], "texture": "#2"},
				"west": {"uv": [0, 0, 0, 2], "texture": "#2"},
				"up": {"uv": [2, 0, 0, 0], "texture": "#2"},
				"down": {"uv": [2, 0, 0, 0], "texture": "#2"}
			}
		},
		{
			"from": [-4, 6.5, 8],
			"to": [0, 9.5, 8],
			"rotation": {"angle": -45, "axis": "x", "origin": [-3.5, 8, 8]},
			"faces": {
				"north": {"uv": [4, 1, 6, 2.5], "texture": "#2"},
				"east": {"uv": [0, 0, 0, 1.5], "texture": "#2"},
				"south": {"uv": [4, 2.5, 6, 4], "texture": "#2"},
				"west": {"uv": [0, 0, 0, 1.5], "texture": "#2"},
				"up": {"uv": [2, 0, 0, 0], "texture": "#2"},
				"down": {"uv": [2, 0, 0, 0], "texture": "#2"}
			}
		},
		{
			"from": [-4, 6.5, 8],
			"to": [0, 9.5, 8],
			"rotation": {"angle": 45, "axis": "x", "origin": [-3.5, 8, 8]},
			"faces": {
				"north": {"uv": [4, 4, 6, 5.5], "texture": "#2"},
				"east": {"uv": [0, 0, 0, 1.5], "texture": "#2"},
				"south": {"uv": [0, 5, 2, 6.5], "texture": "#2"},
				"west": {"uv": [0, 0, 0, 1.5], "texture": "#2"},
				"up": {"uv": [2, 0, 0, 0], "texture": "#2"},
				"down": {"uv": [2, 0, 0, 0], "texture": "#2"}
			}
		}
	],
	"gui_light": "front",
	"display": {
		"thirdperson_righthand": {
			"rotation": [0, -110, 0],
			"translation": [-0.5, 1, 3],
			"scale": [0.6, 0.6, 0.6]
		},
		"thirdperson_lefthand": {
			"rotation": [0, 70, 0],
			"translation": [0, 1, 1.75],
			"scale": [0.6, 0.6, 0.6]
		},
		"firstperson_righthand": {
			"rotation": [20, -90, 0],
			"translation": [2, 4, 0.5],
			"scale": [0.6, 0.6, 0.6]
		},
		"firstperson_lefthand": {
			"rotation": [20, 90, 0],
			"translation": [2, 4, 0.5],
			"scale": [0.6, 0.6, 0.6]
		},
		"ground": {
			"rotation": [0, 0, -45],
			"translation": [0, 9, 0],
			"scale": [0.5, 0.5, 0.5]
		},
		"gui": {
			"rotation": [0, 0, -45],
			"translation": [-1.5, 1.75, -0.75],
			"scale": [0.45, 0.45, 0.45]
		},
		"head": {
			"rotation": [0, 0, -90],
			"translation": [0.25, 6.5, 0.75],
			"scale": [0.6, 0.6, 0.6]
		},
		"fixed": {
			"rotation": [0, 0, -135],
			"translation": [2, 2, -0.75],
			"scale": [0.5, 0.5, 0.5]
		}
	},
	"groups": [
		{
			"name": "bow",
			"origin": [8, 8, 8],
			"color": 0,
			"children": [
				{
					"name": "pommel",
					"origin": [8, 8, 8],
					"color": 0,
					"children": []
				},
				{
					"name": "grip",
					"origin": [8, 8, 8],
					"color": 0,
					"children": []
				},
				{
					"name": "guard",
					"origin": [8, 8, 8],
					"color": 0,
					"children": [
						{
							"name": "cross-guard",
							"origin": [8, 8, 8],
							"color": 0,
							"children": [0, 1, 2, 3, 4, 5, 6, 7, 8, 9, 10, 11, 12, 13, 14, 15, 16,
								{
									"name": "string",
									"origin": [18.22554, -7.58851, 9.03],
									"color": 0,
									"children": [17, 18]
								},
								{
									"name": "group",
									"origin": [9, 20, 7],
									"color": 0,
									"children": [19, 20, 21, 22, 23, 24, 25, 26]
								},
								{
									"name": "out-south",
									"origin": [8, 8, 8],
									"color": 0,
									"children": [
										{
											"name": "1",
											"origin": [8, 8, 8],
											"color": 0,
											"children": [
												{
													"name": "group",
													"origin": [9, 20, 7],
													"color": 0,
													"children": [27, 28, 29]
												},
												{
													"name": "group",
													"origin": [8, 8, 8],
													"color": 0,
													"children": [30, 31, 32]
												},
												{
													"name": "group",
													"origin": [9, 20, 7],
													"color": 0,
													"children": [33, 34, 35]
												}
											]
										},
										{
											"name": "2",
											"origin": [8, 8, 8],
											"color": 0,
											"children": [
												{
													"name": "group",
													"origin": [9, 20, 7],
													"color": 0,
													"children": [36, 37, 38]
												},
												{
													"name": "group",
													"origin": [8, 8, 8],
													"color": 0,
													"children": [39, 40, 41]
												},
												{
													"name": "group",
													"origin": [9, 20, 7],
													"color": 0,
													"children": [42, 43, 44]
												}
											]
										}
									]
								},
								{
									"name": "out-north",
									"origin": [8, 8, 8],
									"color": 0,
									"children": [
										{
											"name": "1",
											"origin": [8, 8, 8],
											"color": 0,
											"children": [
												{
													"name": "group",
													"origin": [9, 20, 7],
													"color": 0,
													"children": [45, 46, 47]
												},
												{
													"name": "group",
													"origin": [8, 8, 8],
													"color": 0,
													"children": [48, 49, 50]
												},
												{
													"name": "group",
													"origin": [9, 20, 7],
													"color": 0,
													"children": [51, 52, 53]
												}
											]
										},
										{
											"name": "2",
											"origin": [8, 8, 8],
											"color": 0,
											"children": [
												{
													"name": "group",
													"origin": [9, 20, 7],
													"color": 0,
													"children": [54, 55, 56]
												},
												{
													"name": "group",
													"origin": [8, 8, 8],
													"color": 0,
													"children": [57, 58, 59]
												},
												{
													"name": "group",
													"origin": [9, 20, 7],
													"color": 0,
													"children": [60, 61, 62]
												}
											]
										}
									]
								}
							]
						},
						{
							"name": "rain-guard",
							"origin": [8, 8, 8],
							"color": 0,
							"children": []
						}
					]
				},
				{
					"name": "blade",
					"origin": [8, 8, 8],
					"color": 0,
					"children": []
				}
			]
		},
		{
			"name": "arrow",
			"origin": [8, 8, 8],
			"color": 0,
			"children": [63, 64, 65, 66, 67]
		}
	]
}