{
	"texture_size": [32, 32],
	"textures": {
		"1": "solar/solar_shovel"
	},
	"elements": [
		{
			"from": [6.5, -10.2, 7],
			"to": [9.5, -7.2, 9],
			"rotation": {"angle": -45, "axis": "z", "origin": [8, -8.7, 8.5]},
			"faces": {
				"north": {"uv": [11, 3.5, 12.5, 5], "texture": "#1"},
				"east": {"uv": [11.5, 11.5, 12.5, 13], "texture": "#1"},
				"south": {"uv": [11, 5, 12.5, 6.5], "texture": "#1"},
				"west": {"uv": [3.5, 12, 4.5, 13.5], "texture": "#1"},
				"up": {"uv": [6, 13, 4.5, 12], "texture": "#1"},
				"down": {"uv": [10, 12, 8.5, 13], "texture": "#1"}
			}
		},
		{
			"from": [8.75, -10.7, 7.5],
			"to": [9.75, -8.7, 8.5],
			"rotation": {"angle": 45, "axis": "z", "origin": [9.75, -8.7, 8.5]},
			"faces": {
				"north": {"uv": [3, 12.5, 3.5, 13.5], "texture": "#1"},
				"east": {"uv": [13.5, 6.5, 14, 7.5], "texture": "#1"},
				"south": {"uv": [7.5, 13.5, 8, 14.5], "texture": "#1"},
				"west": {"uv": [8, 13.5, 8.5, 14.5], "texture": "#1"},
				"up": {"uv": [4, 11.5, 3.5, 11], "texture": "#1"},
				"down": {"uv": [8.5, 12.5, 8, 13], "texture": "#1"}
			}
		},
		{
			"from": [6.25, -10.7, 7.5],
			"to": [7.25, -8.7, 8.5],
			"rotation": {"angle": -45, "axis": "z", "origin": [6.25, -8.7, 8.5]},
			"faces": {
				"north": {"uv": [8.5, 13.5, 9, 14.5], "texture": "#1"},
				"east": {"uv": [9, 13.5, 9.5, 14.5], "texture": "#1"},
				"south": {"uv": [13.5, 9, 14, 10], "texture": "#1"},
				"west": {"uv": [9.5, 13.5, 10, 14.5], "texture": "#1"},
				"up": {"uv": [1.5, 14.5, 1, 14], "texture": "#1"},
				"down": {"uv": [7.5, 14, 7, 14.5], "texture": "#1"}
			}
		},
		{
			"from": [8, -11.7, 7.5],
			"to": [9, -9.7, 8.5],
			"rotation": {"angle": 22.5, "axis": "z", "origin": [9, -9.7, 8.5]},
			"faces": {
				"north": {"uv": [13.5, 10, 14, 11], "texture": "#1"},
				"east": {"uv": [10.5, 13.5, 11, 14.5], "texture": "#1"},
				"south": {"uv": [11, 13.5, 11.5, 14.5], "texture": "#1"},
				"west": {"uv": [11.5, 13.5, 12, 14.5], "texture": "#1"},
				"up": {"uv": [1.5, 15, 1, 14.5], "texture": "#1"},
				"down": {"uv": [15.5, 12, 15, 12.5], "texture": "#1"}
			}
		},
		{
			"from": [7, -11.7, 7.5],
			"to": [8, -9.7, 8.5],
			"rotation": {"angle": -22.5, "axis": "z", "origin": [7, -9.7, 8.5]},
			"faces": {
				"north": {"uv": [13.5, 11.5, 14, 12.5], "texture": "#1"},
				"east": {"uv": [12, 13.5, 12.5, 14.5], "texture": "#1"},
				"south": {"uv": [12.5, 13.5, 13, 14.5], "texture": "#1"},
				"west": {"uv": [13, 13.5, 13.5, 14.5], "texture": "#1"},
				"up": {"uv": [13.5, 15.5, 13, 15], "texture": "#1"},
				"down": {"uv": [14, 15, 13.5, 15.5], "texture": "#1"}
			}
		},
		{
			"from": [7, -9.7, 6.5],
			"to": [9, -7.7, 9.5],
			"rotation": {"angle": 45, "axis": "z", "origin": [8, -8.7, 8.5]},
			"faces": {
				"north": {"uv": [12.5, 4, 13.5, 5], "texture": "#1"},
				"east": {"uv": [12, 9, 13.5, 10], "texture": "#1"},
				"south": {"uv": [12.5, 5, 13.5, 6], "texture": "#1"},
				"west": {"uv": [12, 10, 13.5, 11], "texture": "#1"},
				"up": {"uv": [7, 13.5, 6, 12], "texture": "#1"},
				"down": {"uv": [13.5, 0, 12.5, 1.5], "texture": "#1"}
			}
		},
		{
			"from": [7.001, -8.199, 7.001],
			"to": [8.999, 9.799, 8.999],
			"rotation": {"angle": 0, "axis": "y", "origin": [0, 21.8, 0]},
			"faces": {
				"north": {"uv": [0, 0, 1, 9], "texture": "#1"},
				"east": {"uv": [1, 0, 2, 9], "texture": "#1"},
				"south": {"uv": [2, 0, 3, 9], "texture": "#1"},
				"west": {"uv": [3, 0, 4, 9], "texture": "#1"},
				"up": {"uv": [13.5, 7, 12.5, 6], "texture": "#1"},
				"down": {"uv": [8, 12.5, 7, 13.5], "texture": "#1"}
			}
		},
		{
			"from": [6.501, -6.199, 6.501],
			"to": [9.499, 2.799, 9.499],
			"rotation": {"angle": 0, "axis": "y", "origin": [0, 20.8, 0]},
			"faces": {
				"north": {"uv": [4, 5, 5.5, 9.5], "texture": "#1"},
				"east": {"uv": [5.5, 5, 7, 9.5], "texture": "#1"},
				"south": {"uv": [7, 5, 8.5, 9.5], "texture": "#1"},
				"west": {"uv": [7.5, 0, 9, 4.5], "texture": "#1"},
				"up": {"uv": [12.5, 8, 11, 6.5], "texture": "#1"},
				"down": {"uv": [8.5, 11, 7, 12.5], "texture": "#1"}
			}
		},
		{
			"from": [6, 9.75, 6.5],
			"to": [10, 13.75, 9.5],
			"rotation": {"angle": 0, "axis": "y", "origin": [8, 11.75, 8]},
			"faces": {
				"north": {"uv": [2, 9, 4, 11], "texture": "#1"},
				"east": {"uv": [0, 11, 1.5, 13], "texture": "#1"},
				"south": {"uv": [9, 2, 11, 4], "texture": "#1"},
				"west": {"uv": [11, 0, 12.5, 2], "texture": "#1"},
				"up": {"uv": [3.5, 12.5, 1.5, 11], "texture": "#1"},
				"down": {"uv": [13, 2, 11, 3.5], "texture": "#1"}
			}
		},
		{
			"from": [5.999, 9.749, 6.499],
			"to": [10.001, 13.751, 9.501],
			"rotation": {"angle": 45, "axis": "z", "origin": [8, 11.75, 8]},
			"faces": {
				"north": {"uv": [0, 9, 2, 11], "texture": "#1"},
				"east": {"uv": [4, 9.5, 5.5, 11.5], "texture": "#1"},
				"south": {"uv": [9, 0, 11, 2], "texture": "#1"},
				"west": {"uv": [5.5, 9.5, 7, 11.5], "texture": "#1"},
				"up": {"uv": [9, 11, 7, 9.5], "texture": "#1"},
				"down": {"uv": [11, 9.5, 9, 11], "texture": "#1"}
			}
		},
		{
			"from": [6.999, 10.749, 5.999],
			"to": [9.001, 12.751, 10.001],
			"rotation": {"angle": 45, "axis": "z", "origin": [8, 11.75, 8]},
			"faces": {
				"north": {"uv": [12.5, 7, 13.5, 8], "texture": "#1"},
				"east": {"uv": [11, 8, 13, 9], "texture": "#1"},
				"south": {"uv": [12.5, 11.5, 13.5, 12.5], "texture": "#1"},
				"west": {"uv": [8.5, 11, 10.5, 12], "texture": "#1"},
				"up": {"uv": [12, 11, 11, 9], "texture": "#1"},
				"down": {"uv": [11.5, 11, 10.5, 13], "texture": "#1"}
			}
		},
		{
			"from": [10.001, 10.401, 7.501],
			"to": [12.999, 11.399, 8.499],
			"rotation": {"angle": -22.5, "axis": "z", "origin": [10, 11.4, 7.65]},
			"faces": {
				"north": {"uv": [0, 13, 1.5, 13.5], "texture": "#1"},
				"east": {"uv": [14, 15, 14.5, 15.5], "texture": "#1"},
				"south": {"uv": [4.5, 13, 6, 13.5], "texture": "#1"},
				"west": {"uv": [14.5, 15, 15, 15.5], "texture": "#1"},
				"up": {"uv": [12, 13.5, 10.5, 13], "texture": "#1"},
				"down": {"uv": [13.5, 13, 12, 13.5], "texture": "#1"}
			}
		},
		{
			"from": [8.751, 10.151, 7.501],
			"to": [11.749, 11.149, 8.499],
			"rotation": {"angle": -45, "axis": "z", "origin": [8.75, 11.15, 7.65]},
			"faces": {
				"north": {"uv": [0, 13.5, 1.5, 14], "texture": "#1"},
				"east": {"uv": [15, 14.5, 15.5, 15], "texture": "#1"},
				"south": {"uv": [13.5, 0, 15, 0.5], "texture": "#1"},
				"west": {"uv": [15, 15, 15.5, 15.5], "texture": "#1"},
				"up": {"uv": [15, 1, 13.5, 0.5], "texture": "#1"},
				"down": {"uv": [15, 1, 13.5, 1.5], "texture": "#1"}
			}
		},
		{
			"from": [4.251, 10.151, 7.501],
			"to": [7.249, 11.149, 8.499],
			"rotation": {"angle": 45, "axis": "z", "origin": [7.25, 11.15, 7.65]},
			"faces": {
				"north": {"uv": [3, 13.5, 4.5, 14], "texture": "#1"},
				"east": {"uv": [0, 15.5, 0.5, 16], "texture": "#1"},
				"south": {"uv": [13.5, 4, 15, 4.5], "texture": "#1"},
				"west": {"uv": [0.5, 15.5, 1, 16], "texture": "#1"},
				"up": {"uv": [6, 14, 4.5, 13.5], "texture": "#1"},
				"down": {"uv": [15, 4.5, 13.5, 5], "texture": "#1"}
			}
		},
		{
			"from": [2.001, 12.251, 7.501],
			"to": [5.999, 13.249, 8.499],
			"rotation": {"angle": 22.5, "axis": "z", "origin": [6, 12.25, 7.65]},
			"faces": {
				"north": {"uv": [9, 4, 11, 4.5], "texture": "#1"},
				"east": {"uv": [1, 15.5, 1.5, 16], "texture": "#1"},
				"south": {"uv": [12.5, 12.5, 14.5, 13], "texture": "#1"},
				"west": {"uv": [1.5, 15.5, 2, 16], "texture": "#1"},
				"up": {"uv": [15, 2.5, 13, 2], "texture": "#1"},
				"down": {"uv": [15, 2.5, 13, 3], "texture": "#1"}
			}
		},
		{
			"from": [10.001, 12.251, 7.501],
			"to": [13.999, 13.249, 8.499],
			"rotation": {"angle": -22.5, "axis": "z", "origin": [10, 12.25, 7.65]},
			"faces": {
				"north": {"uv": [13, 3, 15, 3.5], "texture": "#1"},
				"east": {"uv": [2, 15.5, 2.5, 16], "texture": "#1"},
				"south": {"uv": [8, 13, 10, 13.5], "texture": "#1"},
				"west": {"uv": [2.5, 15.5, 3, 16], "texture": "#1"},
				"up": {"uv": [15, 8.5, 13, 8], "texture": "#1"},
				"down": {"uv": [15, 8.5, 13, 9], "texture": "#1"}
			}
		},
		{
			"from": [3.001, 10.401, 7.501],
			"to": [5.999, 11.399, 8.499],
			"rotation": {"angle": 22.5, "axis": "z", "origin": [6, 11.4, 7.65]},
			"faces": {
				"north": {"uv": [13.5, 5, 15, 5.5], "texture": "#1"},
				"east": {"uv": [3, 15.5, 3.5, 16], "texture": "#1"},
				"south": {"uv": [13.5, 5.5, 15, 6], "texture": "#1"},
				"west": {"uv": [3.5, 15.5, 4, 16], "texture": "#1"},
				"up": {"uv": [7.5, 14, 6, 13.5], "texture": "#1"},
				"down": {"uv": [15, 6, 13.5, 6.5], "texture": "#1"}
			}
		},
		{
			"from": [4.499, 11.499, 7.499],
			"to": [11.501, 16.501, 8.501],
			"rotation": {"angle": 0, "axis": "y", "origin": [8.5, 10.5, 7]},
			"faces": {
				"north": {"uv": [4, 0, 7.5, 2.5], "texture": "#1"},
				"east": {"uv": [10, 12, 10.5, 14.5], "texture": "#1"},
				"south": {"uv": [4, 2.5, 7.5, 5], "texture": "#1"},
				"west": {"uv": [1.5, 12.5, 2, 15], "texture": "#1"},
				"up": {"uv": [7, 12, 3.5, 11.5], "texture": "#1"},
				"down": {"uv": [15, 11, 11.5, 11.5], "texture": "#1"}
			}
		},
		{
			"from": [5.998, 13.798, 7.498],
			"to": [11.002, 18.802, 8.502],
			"rotation": {"angle": 45, "axis": "z", "origin": [8, 15.8, 8]},
			"faces": {
				"north": {"uv": [8.5, 4.5, 11, 7], "texture": "#1"},
				"east": {"uv": [2, 12.5, 2.5, 15], "texture": "#1"},
				"south": {"uv": [8.5, 7, 11, 9.5], "texture": "#1"},
				"west": {"uv": [2.5, 12.5, 3, 15], "texture": "#1"},
				"up": {"uv": [15, 2, 12.5, 1.5], "texture": "#1"},
				"down": {"uv": [15, 3.5, 12.5, 4], "texture": "#1"}
			}
		},
		{
			"from": [9, 12.6, 9.4],
			"to": [11, 13.6, 9.4],
			"rotation": {"angle": 45, "axis": "z", "origin": [9, 13.6, 9.4]},
			"faces": {
				"north": {"uv": [7.5, 4.5, 8.5, 5], "texture": "#1"},
				"east": {"uv": [0, 0, 0, 0.5], "texture": "#1"},
				"south": {"uv": [13.5, 7.5, 14.5, 8], "texture": "#1"},
				"west": {"uv": [0, 0, 0, 0.5], "texture": "#1"},
				"up": {"uv": [1, 0, 0, 0], "texture": "#1"},
				"down": {"uv": [1, 0, 0, 0], "texture": "#1"}
			}
		},
		{
			"from": [10.41421, 14.01421, 9.41],
			"to": [12.41421, 15.01421, 9.41],
			"rotation": {"angle": 22.5, "axis": "z", "origin": [10.41421, 15.01421, 9.4]},
			"faces": {
				"north": {"uv": [13.5, 13, 14.5, 13.5], "texture": "#1"},
				"east": {"uv": [0, 0, 0, 0.5], "texture": "#1"},
				"south": {"uv": [13.5, 13.5, 14.5, 14], "texture": "#1"},
				"west": {"uv": [0, 0, 0, 0.5], "texture": "#1"},
				"up": {"uv": [1, 0, 0, 0], "texture": "#1"},
				"down": {"uv": [1, 0, 0, 0], "texture": "#1"}
			}
		},
		{
			"from": [12.64466, 14.8557, 9.42],
			"to": [14.64466, 15.8557, 9.42],
			"rotation": {"angle": 45, "axis": "z", "origin": [12.64466, 14.8557, 9.4]},
			"faces": {
				"north": {"uv": [0, 14, 1, 14.5], "texture": "#1"},
				"east": {"uv": [0, 0, 0, 0.5], "texture": "#1"},
				"south": {"uv": [3, 14, 4, 14.5], "texture": "#1"},
				"west": {"uv": [0, 0, 0, 0.5], "texture": "#1"},
				"up": {"uv": [1, 0, 0, 0], "texture": "#1"},
				"down": {"uv": [1, 0, 0, 0], "texture": "#1"}
			}
		},
		{
			"from": [9.6, 11.85, 9.4],
			"to": [11.6, 12.85, 9.4],
			"rotation": {"angle": -22.5, "axis": "z", "origin": [9.6, 11.85, 9.4]},
			"faces": {
				"north": {"uv": [4, 14, 5, 14.5], "texture": "#1"},
				"east": {"uv": [0, 0, 0, 0.5], "texture": "#1"},
				"south": {"uv": [5, 14, 6, 14.5], "texture": "#1"},
				"west": {"uv": [0, 0, 0, 0.5], "texture": "#1"},
				"up": {"uv": [1, 0, 0, 0], "texture": "#1"},
				"down": {"uv": [1, 0, 0, 0], "texture": "#1"}
			}
		},
		{
			"from": [11.44776, 11.08463, 9.41],
			"to": [13.44776, 12.08463, 9.41],
			"rotation": {"angle": 22.5, "axis": "z", "origin": [11.44776, 11.08463, 9.4]},
			"faces": {
				"north": {"uv": [6, 14, 7, 14.5], "texture": "#1"},
				"east": {"uv": [0, 0, 0, 0.5], "texture": "#1"},
				"south": {"uv": [14, 6.5, 15, 7], "texture": "#1"},
				"west": {"uv": [0, 0, 0, 0.5], "texture": "#1"},
				"up": {"uv": [1, 0, 0, 0], "texture": "#1"},
				"down": {"uv": [1, 0, 0, 0], "texture": "#1"}
			}
		},
		{
			"from": [12.91283, 11.77388, 9.42],
			"to": [14.91283, 12.77388, 9.42],
			"rotation": {"angle": 0, "axis": "y", "origin": [12.91283, 12.77388, 9.4]},
			"faces": {
				"north": {"uv": [14, 7, 15, 7.5], "texture": "#1"},
				"east": {"uv": [0, 0, 0, 0.5], "texture": "#1"},
				"south": {"uv": [14, 9, 15, 9.5], "texture": "#1"},
				"west": {"uv": [0, 0, 0, 0.5], "texture": "#1"},
				"up": {"uv": [1, 0, 0, 0], "texture": "#1"},
				"down": {"uv": [1, 0, 0, 0], "texture": "#1"}
			}
		},
		{
			"from": [9, 10.1, 9.4],
			"to": [11, 11.1, 9.4],
			"rotation": {"angle": -45, "axis": "z", "origin": [9, 10.1, 9.4]},
			"faces": {
				"north": {"uv": [14, 9.5, 15, 10], "texture": "#1"},
				"east": {"uv": [0, 0, 0, 0.5], "texture": "#1"},
				"south": {"uv": [14, 10, 15, 10.5], "texture": "#1"},
				"west": {"uv": [0, 0, 0, 0.5], "texture": "#1"},
				"up": {"uv": [1, 0, 0, 0], "texture": "#1"},
				"down": {"uv": [1, 0, 0, 0], "texture": "#1"}
			}
		},
		{
			"from": [10.41421, 8.68579, 9.41],
			"to": [12.41421, 9.68579, 9.41],
			"rotation": {"angle": -22.5, "axis": "z", "origin": [10.41421, 8.68579, 9.4]},
			"faces": {
				"north": {"uv": [14, 10.5, 15, 11], "texture": "#1"},
				"east": {"uv": [0, 0, 0, 0.5], "texture": "#1"},
				"south": {"uv": [14, 11.5, 15, 12], "texture": "#1"},
				"west": {"uv": [0, 0, 0, 0.5], "texture": "#1"},
				"up": {"uv": [1, 0, 0, 0], "texture": "#1"},
				"down": {"uv": [1, 0, 0, 0], "texture": "#1"}
			}
		},
		{
			"from": [12.64466, 7.8443, 9.42],
			"to": [14.64466, 8.8443, 9.42],
			"rotation": {"angle": -45, "axis": "z", "origin": [12.64466, 8.8443, 9.4]},
			"faces": {
				"north": {"uv": [14, 12, 15, 12.5], "texture": "#1"},
				"east": {"uv": [0, 0, 0, 0.5], "texture": "#1"},
				"south": {"uv": [13.5, 14, 14.5, 14.5], "texture": "#1"},
				"west": {"uv": [0, 0, 0, 0.5], "texture": "#1"},
				"up": {"uv": [1, 0, 0, 0], "texture": "#1"},
				"down": {"uv": [1, 0, 0, 0], "texture": "#1"}
			}
		},
		{
			"from": [5, 12.6, 9.4],
			"to": [7, 13.6, 9.4],
			"rotation": {"angle": -45, "axis": "z", "origin": [7, 13.6, 9.4]},
			"faces": {
				"north": {"uv": [0, 14.5, 1, 15], "texture": "#1"},
				"east": {"uv": [0, 0, 0, 0.5], "texture": "#1"},
				"south": {"uv": [3, 14.5, 4, 15], "texture": "#1"},
				"west": {"uv": [0, 0, 0, 0.5], "texture": "#1"},
				"up": {"uv": [1, 0, 0, 0], "texture": "#1"},
				"down": {"uv": [1, 0, 0, 0], "texture": "#1"}
			}
		},
		{
			"from": [3.58579, 14.01421, 9.41],
			"to": [5.58579, 15.01421, 9.41],
			"rotation": {"angle": -22.5, "axis": "z", "origin": [5.58579, 15.01421, 9.4]},
			"faces": {
				"north": {"uv": [4, 14.5, 5, 15], "texture": "#1"},
				"east": {"uv": [0, 0, 0, 0.5], "texture": "#1"},
				"south": {"uv": [5, 14.5, 6, 15], "texture": "#1"},
				"west": {"uv": [0, 0, 0, 0.5], "texture": "#1"},
				"up": {"uv": [1, 0, 0, 0], "texture": "#1"},
				"down": {"uv": [1, 0, 0, 0], "texture": "#1"}
			}
		},
		{
			"from": [1.35534, 14.8557, 9.42],
			"to": [3.35534, 15.8557, 9.42],
			"rotation": {"angle": -45, "axis": "z", "origin": [3.35534, 14.8557, 9.4]},
			"faces": {
				"north": {"uv": [6, 14.5, 7, 15], "texture": "#1"},
				"east": {"uv": [0, 0, 0, 0.5], "texture": "#1"},
				"south": {"uv": [7, 14.5, 8, 15], "texture": "#1"},
				"west": {"uv": [0, 0, 0, 0.5], "texture": "#1"},
				"up": {"uv": [1, 0, 0, 0], "texture": "#1"},
				"down": {"uv": [1, 0, 0, 0], "texture": "#1"}
			}
		},
		{
			"from": [4.4, 11.85, 9.4],
			"to": [6.4, 12.85, 9.4],
			"rotation": {"angle": 22.5, "axis": "z", "origin": [6.4, 11.85, 9.4]},
			"faces": {
				"north": {"uv": [14.5, 7.5, 15.5, 8], "texture": "#1"},
				"east": {"uv": [0, 0, 0, 0.5], "texture": "#1"},
				"south": {"uv": [8, 14.5, 9, 15], "texture": "#1"},
				"west": {"uv": [0, 0, 0, 0.5], "texture": "#1"},
				"up": {"uv": [1, 0, 0, 0], "texture": "#1"},
				"down": {"uv": [1, 0, 0, 0], "texture": "#1"}
			}
		},
		{
			"from": [2.55224, 11.08463, 9.41],
			"to": [4.55224, 12.08463, 9.41],
			"rotation": {"angle": -22.5, "axis": "z", "origin": [4.55224, 11.08463, 9.4]},
			"faces": {
				"north": {"uv": [9, 14.5, 10, 15], "texture": "#1"},
				"east": {"uv": [0, 0, 0, 0.5], "texture": "#1"},
				"south": {"uv": [10, 14.5, 11, 15], "texture": "#1"},
				"west": {"uv": [0, 0, 0, 0.5], "texture": "#1"},
				"up": {"uv": [1, 0, 0, 0], "texture": "#1"},
				"down": {"uv": [1, 0, 0, 0], "texture": "#1"}
			}
		},
		{
			"from": [1.08717, 11.77388, 9.42],
			"to": [3.08717, 12.77388, 9.42],
			"rotation": {"angle": 0, "axis": "y", "origin": [3.08717, 12.77388, 9.4]},
			"faces": {
				"north": {"uv": [11, 14.5, 12, 15], "texture": "#1"},
				"east": {"uv": [0, 0, 0, 0.5], "texture": "#1"},
				"south": {"uv": [12, 14.5, 13, 15], "texture": "#1"},
				"west": {"uv": [0, 0, 0, 0.5], "texture": "#1"},
				"up": {"uv": [1, 0, 0, 0], "texture": "#1"},
				"down": {"uv": [1, 0, 0, 0], "texture": "#1"}
			}
		},
		{
			"from": [5, 10.1, 9.4],
			"to": [7, 11.1, 9.4],
			"rotation": {"angle": 45, "axis": "z", "origin": [7, 10.1, 9.4]},
			"faces": {
				"north": {"uv": [14.5, 12.5, 15.5, 13], "texture": "#1"},
				"east": {"uv": [0, 0, 0, 0.5], "texture": "#1"},
				"south": {"uv": [13, 14.5, 14, 15], "texture": "#1"},
				"west": {"uv": [0, 0, 0, 0.5], "texture": "#1"},
				"up": {"uv": [1, 0, 0, 0], "texture": "#1"},
				"down": {"uv": [1, 0, 0, 0], "texture": "#1"}
			}
		},
		{
			"from": [3.58579, 8.68579, 9.41],
			"to": [5.58579, 9.68579, 9.41],
			"rotation": {"angle": 22.5, "axis": "z", "origin": [5.58579, 8.68579, 9.4]},
			"faces": {
				"north": {"uv": [14.5, 13, 15.5, 13.5], "texture": "#1"},
				"east": {"uv": [0, 0, 0, 0.5], "texture": "#1"},
				"south": {"uv": [14.5, 13.5, 15.5, 14], "texture": "#1"},
				"west": {"uv": [0, 0, 0, 0.5], "texture": "#1"},
				"up": {"uv": [1, 0, 0, 0], "texture": "#1"},
				"down": {"uv": [1, 0, 0, 0], "texture": "#1"}
			}
		},
		{
			"from": [1.35534, 7.8443, 9.42],
			"to": [3.35534, 8.8443, 9.42],
			"rotation": {"angle": 45, "axis": "z", "origin": [3.35534, 8.8443, 9.4]},
			"faces": {
				"north": {"uv": [14, 14.5, 15, 15], "texture": "#1"},
				"east": {"uv": [0, 0, 0, 0.5], "texture": "#1"},
				"south": {"uv": [14.5, 14, 15.5, 14.5], "texture": "#1"},
				"west": {"uv": [0, 0, 0, 0.5], "texture": "#1"},
				"up": {"uv": [1, 0, 0, 0], "texture": "#1"},
				"down": {"uv": [1, 0, 0, 0], "texture": "#1"}
			}
		},
		{
			"from": [9, 12.6, 6.6],
			"to": [11, 13.6, 6.6],
			"rotation": {"angle": 45, "axis": "z", "origin": [9, 13.6, 6.6]},
			"faces": {
				"north": {"uv": [0, 15, 1, 15.5], "texture": "#1"},
				"east": {"uv": [0, 0, 0, 0.5], "texture": "#1"},
				"south": {"uv": [15, 0, 16, 0.5], "texture": "#1"},
				"west": {"uv": [0, 0, 0, 0.5], "texture": "#1"},
				"up": {"uv": [1, 0, 0, 0], "texture": "#1"},
				"down": {"uv": [1, 0, 0, 0], "texture": "#1"}
			}
		},
		{
			"from": [10.41421, 14.01421, 6.59],
			"to": [12.41421, 15.01421, 6.59],
			"rotation": {"angle": 22.5, "axis": "z", "origin": [10.41421, 15.01421, 6.6]},
			"faces": {
				"north": {"uv": [15, 0.5, 16, 1], "texture": "#1"},
				"east": {"uv": [0, 0, 0, 0.5], "texture": "#1"},
				"south": {"uv": [1, 15, 2, 15.5], "texture": "#1"},
				"west": {"uv": [0, 0, 0, 0.5], "texture": "#1"},
				"up": {"uv": [1, 0, 0, 0], "texture": "#1"},
				"down": {"uv": [1, 0, 0, 0], "texture": "#1"}
			}
		},
		{
			"from": [12.64466, 14.8557, 6.58],
			"to": [14.64466, 15.8557, 6.58],
			"rotation": {"angle": 45, "axis": "z", "origin": [12.64466, 14.8557, 6.6]},
			"faces": {
				"north": {"uv": [15, 1, 16, 1.5], "texture": "#1"},
				"east": {"uv": [0, 0, 0, 0.5], "texture": "#1"},
				"south": {"uv": [15, 1.5, 16, 2], "texture": "#1"},
				"west": {"uv": [0, 0, 0, 0.5], "texture": "#1"},
				"up": {"uv": [1, 0, 0, 0], "texture": "#1"},
				"down": {"uv": [1, 0, 0, 0], "texture": "#1"}
			}
		},
		{
			"from": [9.6, 11.85, 6.6],
			"to": [11.6, 12.85, 6.6],
			"rotation": {"angle": -22.5, "axis": "z", "origin": [9.6, 11.85, 6.6]},
			"faces": {
				"north": {"uv": [2, 15, 3, 15.5], "texture": "#1"},
				"east": {"uv": [0, 0, 0, 0.5], "texture": "#1"},
				"south": {"uv": [15, 2, 16, 2.5], "texture": "#1"},
				"west": {"uv": [0, 0, 0, 0.5], "texture": "#1"},
				"up": {"uv": [1, 0, 0, 0], "texture": "#1"},
				"down": {"uv": [1, 0, 0, 0], "texture": "#1"}
			}
		},
		{
			"from": [11.44776, 11.08463, 6.59],
			"to": [13.44776, 12.08463, 6.59],
			"rotation": {"angle": 22.5, "axis": "z", "origin": [11.44776, 11.08463, 6.6]},
			"faces": {
				"north": {"uv": [15, 2.5, 16, 3], "texture": "#1"},
				"east": {"uv": [0, 0, 0, 0.5], "texture": "#1"},
				"south": {"uv": [3, 15, 4, 15.5], "texture": "#1"},
				"west": {"uv": [0, 0, 0, 0.5], "texture": "#1"},
				"up": {"uv": [1, 0, 0, 0], "texture": "#1"},
				"down": {"uv": [1, 0, 0, 0], "texture": "#1"}
			}
		},
		{
			"from": [12.91283, 11.77388, 6.58],
			"to": [14.91283, 12.77388, 6.58],
			"rotation": {"angle": 0, "axis": "y", "origin": [12.91283, 12.77388, 6.6]},
			"faces": {
				"north": {"uv": [15, 3, 16, 3.5], "texture": "#1"},
				"east": {"uv": [0, 0, 0, 0.5], "texture": "#1"},
				"south": {"uv": [15, 3.5, 16, 4], "texture": "#1"},
				"west": {"uv": [0, 0, 0, 0.5], "texture": "#1"},
				"up": {"uv": [1, 0, 0, 0], "texture": "#1"},
				"down": {"uv": [1, 0, 0, 0], "texture": "#1"}
			}
		},
		{
			"from": [9, 10.4, 6.6],
			"to": [11, 11.4, 6.6],
			"rotation": {"angle": -45, "axis": "z", "origin": [9, 10.4, 6.6]},
			"faces": {
				"north": {"uv": [4, 15, 5, 15.5], "texture": "#1"},
				"east": {"uv": [0, 0, 0, 0.5], "texture": "#1"},
				"south": {"uv": [15, 4, 16, 4.5], "texture": "#1"},
				"west": {"uv": [0, 0, 0, 0.5], "texture": "#1"},
				"up": {"uv": [1, 0, 0, 0], "texture": "#1"},
				"down": {"uv": [1, 0, 0, 0], "texture": "#1"}
			}
		},
		{
			"from": [10.41421, 8.98579, 6.59],
			"to": [12.41421, 9.98579, 6.59],
			"rotation": {"angle": -22.5, "axis": "z", "origin": [10.41421, 8.98579, 6.6]},
			"faces": {
				"north": {"uv": [15, 4.5, 16, 5], "texture": "#1"},
				"east": {"uv": [0, 0, 0, 0.5], "texture": "#1"},
				"south": {"uv": [5, 15, 6, 15.5], "texture": "#1"},
				"west": {"uv": [0, 0, 0, 0.5], "texture": "#1"},
				"up": {"uv": [1, 0, 0, 0], "texture": "#1"},
				"down": {"uv": [1, 0, 0, 0], "texture": "#1"}
			}
		},
		{
			"from": [12.64466, 8.1443, 6.58],
			"to": [14.64466, 9.1443, 6.58],
			"rotation": {"angle": -45, "axis": "z", "origin": [12.64466, 9.1443, 6.6]},
			"faces": {
				"north": {"uv": [15, 5, 16, 5.5], "texture": "#1"},
				"east": {"uv": [0, 0, 0, 0.5], "texture": "#1"},
				"south": {"uv": [15, 5.5, 16, 6], "texture": "#1"},
				"west": {"uv": [0, 0, 0, 0.5], "texture": "#1"},
				"up": {"uv": [1, 0, 0, 0], "texture": "#1"},
				"down": {"uv": [1, 0, 0, 0], "texture": "#1"}
			}
		},
		{
			"from": [5, 12.6, 6.6],
			"to": [7, 13.6, 6.6],
			"rotation": {"angle": -45, "axis": "z", "origin": [7, 13.6, 6.6]},
			"faces": {
				"north": {"uv": [6, 15, 7, 15.5], "texture": "#1"},
				"east": {"uv": [0, 0, 0, 0.5], "texture": "#1"},
				"south": {"uv": [15, 6, 16, 6.5], "texture": "#1"},
				"west": {"uv": [0, 0, 0, 0.5], "texture": "#1"},
				"up": {"uv": [1, 0, 0, 0], "texture": "#1"},
				"down": {"uv": [1, 0, 0, 0], "texture": "#1"}
			}
		},
		{
			"from": [3.58579, 14.01421, 6.59],
			"to": [5.58579, 15.01421, 6.59],
			"rotation": {"angle": -22.5, "axis": "z", "origin": [5.58579, 15.01421, 6.6]},
			"faces": {
				"north": {"uv": [15, 6.5, 16, 7], "texture": "#1"},
				"east": {"uv": [0, 0, 0, 0.5], "texture": "#1"},
				"south": {"uv": [7, 15, 8, 15.5], "texture": "#1"},
				"west": {"uv": [0, 0, 0, 0.5], "texture": "#1"},
				"up": {"uv": [1, 0, 0, 0], "texture": "#1"},
				"down": {"uv": [1, 0, 0, 0], "texture": "#1"}
			}
		},
		{
			"from": [1.35534, 14.8557, 6.58],
			"to": [3.35534, 15.8557, 6.58],
			"rotation": {"angle": -45, "axis": "z", "origin": [3.35534, 14.8557, 6.6]},
			"faces": {
				"north": {"uv": [15, 7, 16, 7.5], "texture": "#1"},
				"east": {"uv": [0, 0, 0, 0.5], "texture": "#1"},
				"south": {"uv": [8, 15, 9, 15.5], "texture": "#1"},
				"west": {"uv": [0, 0, 0, 0.5], "texture": "#1"},
				"up": {"uv": [1, 0, 0, 0], "texture": "#1"},
				"down": {"uv": [1, 0, 0, 0], "texture": "#1"}
			}
		},
		{
			"from": [4.4, 11.85, 6.6],
			"to": [6.4, 12.85, 6.6],
			"rotation": {"angle": 22.5, "axis": "z", "origin": [6.4, 11.85, 6.6]},
			"faces": {
				"north": {"uv": [15, 8, 16, 8.5], "texture": "#1"},
				"east": {"uv": [0, 0, 0, 0.5], "texture": "#1"},
				"south": {"uv": [15, 8.5, 16, 9], "texture": "#1"},
				"west": {"uv": [0, 0, 0, 0.5], "texture": "#1"},
				"up": {"uv": [1, 0, 0, 0], "texture": "#1"},
				"down": {"uv": [1, 0, 0, 0], "texture": "#1"}
			}
		},
		{
			"from": [2.55224, 11.08463, 6.59],
			"to": [4.55224, 12.08463, 6.59],
			"rotation": {"angle": -22.5, "axis": "z", "origin": [4.55224, 11.08463, 6.6]},
			"faces": {
				"north": {"uv": [9, 15, 10, 15.5], "texture": "#1"},
				"east": {"uv": [0, 0, 0, 0.5], "texture": "#1"},
				"south": {"uv": [15, 9, 16, 9.5], "texture": "#1"},
				"west": {"uv": [0, 0, 0, 0.5], "texture": "#1"},
				"up": {"uv": [1, 0, 0, 0], "texture": "#1"},
				"down": {"uv": [1, 0, 0, 0], "texture": "#1"}
			}
		},
		{
			"from": [1.08717, 11.77388, 6.58],
			"to": [3.08717, 12.77388, 6.58],
			"rotation": {"angle": 0, "axis": "y", "origin": [3.08717, 12.77388, 6.6]},
			"faces": {
				"north": {"uv": [15, 9.5, 16, 10], "texture": "#1"},
				"east": {"uv": [0, 0, 0, 0.5], "texture": "#1"},
				"south": {"uv": [10, 15, 11, 15.5], "texture": "#1"},
				"west": {"uv": [0, 0, 0, 0.5], "texture": "#1"},
				"up": {"uv": [1, 0, 0, 0], "texture": "#1"},
				"down": {"uv": [1, 0, 0, 0], "texture": "#1"}
			}
		},
		{
			"from": [5, 10.4, 6.6],
			"to": [7, 11.4, 6.6],
			"rotation": {"angle": 45, "axis": "z", "origin": [7, 10.4, 6.6]},
			"faces": {
				"north": {"uv": [15, 10, 16, 10.5], "texture": "#1"},
				"east": {"uv": [0, 0, 0, 0.5], "texture": "#1"},
				"south": {"uv": [15, 10.5, 16, 11], "texture": "#1"},
				"west": {"uv": [0, 0, 0, 0.5], "texture": "#1"},
				"up": {"uv": [1, 0, 0, 0], "texture": "#1"},
				"down": {"uv": [1, 0, 0, 0], "texture": "#1"}
			}
		},
		{
			"from": [3.58579, 8.98579, 6.59],
			"to": [5.58579, 9.98579, 6.59],
			"rotation": {"angle": 22.5, "axis": "z", "origin": [5.58579, 8.98579, 6.6]},
			"faces": {
				"north": {"uv": [11, 15, 12, 15.5], "texture": "#1"},
				"east": {"uv": [0, 0, 0, 0.5], "texture": "#1"},
				"south": {"uv": [15, 11, 16, 11.5], "texture": "#1"},
				"west": {"uv": [0, 0, 0, 0.5], "texture": "#1"},
				"up": {"uv": [1, 0, 0, 0], "texture": "#1"},
				"down": {"uv": [1, 0, 0, 0], "texture": "#1"}
			}
		},
		{
			"from": [1.35534, 8.1443, 6.58],
			"to": [3.35534, 9.1443, 6.58],
			"rotation": {"angle": 45, "axis": "z", "origin": [3.35534, 9.1443, 6.6]},
			"faces": {
				"north": {"uv": [15, 11.5, 16, 12], "texture": "#1"},
				"east": {"uv": [0, 0, 0, 0.5], "texture": "#1"},
				"south": {"uv": [12, 15, 13, 15.5], "texture": "#1"},
				"west": {"uv": [0, 0, 0, 0.5], "texture": "#1"},
				"up": {"uv": [1, 0, 0, 0], "texture": "#1"},
				"down": {"uv": [1, 0, 0, 0], "texture": "#1"}
			}
		}
	],
	"gui_light": "front",
	"display": {
		"thirdperson_righthand": {
			"rotation": [0, -90, 0],
			"translation": [0, 3.75, 1.25],
			"scale": [0.6, 0.6, 0.6]
		},
		"thirdperson_lefthand": {
			"rotation": [0, 90, 0],
			"translation": [0, 3.75, 1.25],
			"scale": [0.6, 0.6, 0.6]
		},
		"firstperson_righthand": {
			"rotation": [20, -90, 0],
			"translation": [2, 4, 0.5],
			"scale": [0.6, 0.6, 0.6]
		},
		"firstperson_lefthand": {
			"rotation": [20, 90, 0],
			"translation": [2, 4, 0.5],
			"scale": [0.6, 0.6, 0.6]
		},
		"ground": {
			"rotation": [0, 0, -45],
			"translation": [2.5, 7, 0],
			"scale": [0.5, 0.5, 0.5]
		},
		"gui": {
			"rotation": [0, 0, -45],
			"translation": [1.75, 1.75, -0.75],
			"scale": [0.55, 0.55, 0.55]
		},
		"head": {
			"rotation": [0, 0, 135],
			"translation": [9.75, 9.25, 0.75],
			"scale": [0.6, 0.6, 0.6]
		},
		"fixed": {
			"rotation": [0, -180, -45],
			"translation": [-1.75, 1.75, -0.75],
			"scale": [0.7, 0.7, 0.7]
		}
	},
	"groups": [
		{
			"name": "pickaxe",
			"origin": [8, 8, 8],
			"color": 0,
			"children": [
				{
					"name": "pommel",
					"origin": [8, 8, 8],
					"color": 0,
					"children": [0, 1, 2, 3, 4, 5]
				},
				{
					"name": "grip",
					"origin": [8, 8, 8],
					"color": 0,
					"children": [6,
						{
							"name": "handle",
							"origin": [8, 8, 8],
							"color": 0,
							"children": [7]
						}
					]
				},
				{
					"name": "guard",
					"origin": [8, 8, 8],
					"color": 0,
					"children": [
						{
							"name": "cross-guard",
							"origin": [8, 8, 8],
							"color": 0,
							"children": [
								{
									"name": "sun",
									"origin": [8, 8, 8],
									"color": 0,
									"children": [8, 9, 10, 11, 12, 13, 14, 15, 16]
								},
								{
									"name": "blade",
									"origin": [8, 8, 8],
									"color": 0,
									"children": [17, 18]
								},
								{
									"name": "out-south",
									"origin": [8, 8, 8],
									"color": 0,
									"children": [
										{
											"name": "1",
											"origin": [8, 8, 8],
											"color": 0,
											"children": [
												{
													"name": "group",
													"origin": [9, 20, 7],
													"color": 0,
													"children": [19, 20, 21]
												},
												{
													"name": "group",
													"origin": [8, 8, 8],
													"color": 0,
													"children": [22, 23, 24]
												},
												{
													"name": "group",
													"origin": [9, 20, 7],
													"color": 0,
													"children": [25, 26, 27]
												}
											]
										},
										{
											"name": "2",
											"origin": [8, 8, 8],
											"color": 0,
											"children": [
												{
													"name": "group",
													"origin": [9, 20, 7],
													"color": 0,
													"children": [28, 29, 30]
												},
												{
													"name": "group",
													"origin": [8, 8, 8],
													"color": 0,
													"children": [31, 32, 33]
												},
												{
													"name": "group",
													"origin": [9, 20, 7],
													"color": 0,
													"children": [34, 35, 36]
												}
											]
										}
									]
								},
								{
									"name": "out-north",
									"origin": [8, 8, 8],
									"color": 0,
									"children": [
										{
											"name": "1",
											"origin": [8, 8, 8],
											"color": 0,
											"children": [
												{
													"name": "group",
													"origin": [9, 20, 7],
													"color": 0,
													"children": [37, 38, 39]
												},
												{
													"name": "group",
													"origin": [8, 8, 8],
													"color": 0,
													"children": [40, 41, 42]
												},
												{
													"name": "group",
													"origin": [9, 20, 7],
													"color": 0,
													"children": [43, 44, 45]
												}
											]
										},
										{
											"name": "2",
											"origin": [8, 8, 8],
											"color": 0,
											"children": [
												{
													"name": "group",
													"origin": [9, 20, 7],
													"color": 0,
													"children": [46, 47, 48]
												},
												{
													"name": "group",
													"origin": [8, 8, 8],
													"color": 0,
													"children": [49, 50, 51]
												},
												{
													"name": "group",
													"origin": [9, 20, 7],
													"color": 0,
													"children": [52, 53, 54]
												}
											]
										}
									]
								}
							]
						}
					]
				}
			]
		}
	]
}