{
	"texture_size": [32, 32],
	"textures": {
		"1": "solar/solar_sword"
	},
	"elements": [
		{
			"from": [6.5, -11, 7],
			"to": [9.5, -8, 9],
			"rotation": {"angle": -45, "axis": "z", "origin": [8, -9.5, 8]},
			"faces": {
				"north": {"uv": [6, 8, 7.5, 9.5], "texture": "#1"},
				"east": {"uv": [8, 9.5, 9, 11], "texture": "#1"},
				"south": {"uv": [7.5, 8, 9, 9.5], "texture": "#1"},
				"west": {"uv": [10, 7, 11, 8.5], "texture": "#1"},
				"up": {"uv": [10.5, 11, 9, 10], "texture": "#1"},
				"down": {"uv": [1.5, 10.5, 0, 11.5], "texture": "#1"}
			}
		},
		{
			"from": [8.75, -11.5, 7.5],
			"to": [9.75, -9.5, 8.5],
			"rotation": {"angle": 45, "axis": "z", "origin": [9.75, -9.5, 8.5]},
			"faces": {
				"north": {"uv": [5.5, 11, 6, 12], "texture": "#1"},
				"east": {"uv": [11, 6, 11.5, 7], "texture": "#1"},
				"south": {"uv": [11, 7, 11.5, 8], "texture": "#1"},
				"west": {"uv": [8, 11, 8.5, 12], "texture": "#1"},
				"up": {"uv": [5.5, 12, 5, 11.5], "texture": "#1"},
				"down": {"uv": [1.5, 12.5, 1, 13], "texture": "#1"}
			}
		},
		{
			"from": [6.25, -11.5, 7.5],
			"to": [7.25, -9.5, 8.5],
			"rotation": {"angle": -45, "axis": "z", "origin": [6.25, -9.5, 8.5]},
			"faces": {
				"north": {"uv": [8.5, 11, 9, 12], "texture": "#1"},
				"east": {"uv": [9, 11, 9.5, 12], "texture": "#1"},
				"south": {"uv": [11, 9, 11.5, 10], "texture": "#1"},
				"west": {"uv": [9.5, 11, 10, 12], "texture": "#1"},
				"up": {"uv": [5, 14, 4.5, 13.5], "texture": "#1"},
				"down": {"uv": [5.5, 13.5, 5, 14], "texture": "#1"}
			}
		},
		{
			"from": [8, -12.5, 7.5],
			"to": [9, -10.5, 8.5],
			"rotation": {"angle": 22.5, "axis": "z", "origin": [9, -10.5, 8.5]},
			"faces": {
				"north": {"uv": [10, 11, 10.5, 12], "texture": "#1"},
				"east": {"uv": [10.5, 11, 11, 12], "texture": "#1"},
				"south": {"uv": [11, 11, 11.5, 12], "texture": "#1"},
				"west": {"uv": [0, 11.5, 0.5, 12.5], "texture": "#1"},
				"up": {"uv": [14, 5.5, 13.5, 5], "texture": "#1"},
				"down": {"uv": [6, 13.5, 5.5, 14], "texture": "#1"}
			}
		},
		{
			"from": [7, -12.5, 7.5],
			"to": [8, -10.5, 8.5],
			"rotation": {"angle": -22.5, "axis": "z", "origin": [7, -10.5, 8.5]},
			"faces": {
				"north": {"uv": [0.5, 11.5, 1, 12.5], "texture": "#1"},
				"east": {"uv": [1, 11.5, 1.5, 12.5], "texture": "#1"},
				"south": {"uv": [3, 11.5, 3.5, 12.5], "texture": "#1"},
				"west": {"uv": [3.5, 11.5, 4, 12.5], "texture": "#1"},
				"up": {"uv": [14, 6, 13.5, 5.5], "texture": "#1"},
				"down": {"uv": [6.5, 13.5, 6, 14], "texture": "#1"}
			}
		},
		{
			"from": [7.001, -8.999, 7.001],
			"to": [8.999, -0.001, 8.999],
			"rotation": {"angle": 0, "axis": "y", "origin": [0, 21, 0]},
			"faces": {
				"north": {"uv": [4, 0, 5, 4.5], "texture": "#1"},
				"east": {"uv": [4, 4.5, 5, 9], "texture": "#1"},
				"south": {"uv": [5, 0, 6, 4.5], "texture": "#1"},
				"west": {"uv": [5, 4.5, 6, 9], "texture": "#1"},
				"up": {"uv": [4, 11.5, 3, 10.5], "texture": "#1"},
				"down": {"uv": [7, 10.5, 6, 11.5], "texture": "#1"}
			}
		},
		{
			"from": [5.03036, -0.4335, 6.985],
			"to": [9.06036, 3.5965, 9.015],
			"rotation": {"angle": -45, "axis": "z", "origin": [8.04536, 0.6315, 6.995]},
			"faces": {
				"north": {"uv": [7, 0, 9, 2], "texture": "#1"},
				"east": {"uv": [9, 3, 10, 5], "texture": "#1"},
				"south": {"uv": [7, 2, 9, 4], "texture": "#1"},
				"west": {"uv": [4, 9, 5, 11], "texture": "#1"},
				"up": {"uv": [11, 6, 9, 5], "texture": "#1"},
				"down": {"uv": [11, 6, 9, 7], "texture": "#1"}
			}
		},
		{
			"from": [5.99, -0.01, 6.99],
			"to": [10.01, 4.01, 9.01],
			"rotation": {"angle": 0, "axis": "y", "origin": [9, 1, 7]},
			"faces": {
				"north": {"uv": [7, 4, 9, 6], "texture": "#1"},
				"east": {"uv": [5, 9, 6, 11], "texture": "#1"},
				"south": {"uv": [7, 6, 9, 8], "texture": "#1"},
				"west": {"uv": [9, 7, 10, 9], "texture": "#1"},
				"up": {"uv": [11, 10, 9, 9], "texture": "#1"},
				"down": {"uv": [8, 9.5, 6, 10.5], "texture": "#1"}
			}
		},
		{
			"from": [9.751, 4.051, 7.501],
			"to": [11.749, 5.049, 8.499],
			"rotation": {"angle": 45, "axis": "z", "origin": [9.75, 4.05, 7.65]},
			"faces": {
				"north": {"uv": [11, 8, 12, 8.5], "texture": "#1"},
				"east": {"uv": [13.5, 6, 14, 6.5], "texture": "#1"},
				"south": {"uv": [4, 11.5, 5, 12], "texture": "#1"},
				"west": {"uv": [6.5, 13.5, 7, 14], "texture": "#1"},
				"up": {"uv": [7, 12, 6, 11.5], "texture": "#1"},
				"down": {"uv": [12.5, 6, 11.5, 6.5], "texture": "#1"}
			}
		},
		{
			"from": [10.001, 2.901, 7.501],
			"to": [11.999, 3.899, 8.499],
			"rotation": {"angle": 22.5, "axis": "z", "origin": [10, 2.9, 7.65]},
			"faces": {
				"north": {"uv": [11.5, 6.5, 12.5, 7], "texture": "#1"},
				"east": {"uv": [13.5, 6.5, 14, 7], "texture": "#1"},
				"south": {"uv": [11.5, 7, 12.5, 7.5], "texture": "#1"},
				"west": {"uv": [7, 13.5, 7.5, 14], "texture": "#1"},
				"up": {"uv": [12.5, 8, 11.5, 7.5], "texture": "#1"},
				"down": {"uv": [12.5, 9, 11.5, 9.5], "texture": "#1"}
			}
		},
		{
			"from": [10.301, 1.651, 7.501],
			"to": [12.299, 2.649, 8.499],
			"rotation": {"angle": 0, "axis": "y", "origin": [10.3, 1.65, 7.65]},
			"faces": {
				"north": {"uv": [11.5, 9.5, 12.5, 10], "texture": "#1"},
				"east": {"uv": [13.5, 7, 14, 7.5], "texture": "#1"},
				"south": {"uv": [11.5, 11, 12.5, 11.5], "texture": "#1"},
				"west": {"uv": [7.5, 13.5, 8, 14], "texture": "#1"},
				"up": {"uv": [12.5, 12, 11.5, 11.5], "texture": "#1"},
				"down": {"uv": [5, 12, 4, 12.5], "texture": "#1"}
			}
		},
		{
			"from": [10.001, 0.401, 7.501],
			"to": [11.999, 1.399, 8.499],
			"rotation": {"angle": -22.5, "axis": "z", "origin": [10, 1.4, 7.65]},
			"faces": {
				"north": {"uv": [5, 12, 6, 12.5], "texture": "#1"},
				"east": {"uv": [13.5, 7.5, 14, 8], "texture": "#1"},
				"south": {"uv": [6, 12, 7, 12.5], "texture": "#1"},
				"west": {"uv": [8, 13.5, 8.5, 14], "texture": "#1"},
				"up": {"uv": [8, 12.5, 7, 12], "texture": "#1"},
				"down": {"uv": [9, 12, 8, 12.5], "texture": "#1"}
			}
		},
		{
			"from": [8.751, 0.151, 7.501],
			"to": [11.749, 1.149, 8.499],
			"rotation": {"angle": -45, "axis": "z", "origin": [8.75, 1.15, 7.65]},
			"faces": {
				"north": {"uv": [10.5, 10, 12, 10.5], "texture": "#1"},
				"east": {"uv": [8.5, 13.5, 9, 14], "texture": "#1"},
				"south": {"uv": [10.5, 10.5, 12, 11], "texture": "#1"},
				"west": {"uv": [9, 13.5, 9.5, 14], "texture": "#1"},
				"up": {"uv": [12.5, 0.5, 11, 0], "texture": "#1"},
				"down": {"uv": [12.5, 0.5, 11, 1], "texture": "#1"}
			}
		},
		{
			"from": [4.251, 0.151, 7.501],
			"to": [7.249, 1.149, 8.499],
			"rotation": {"angle": 45, "axis": "z", "origin": [7.25, 1.15, 7.65]},
			"faces": {
				"north": {"uv": [11, 1, 12.5, 1.5], "texture": "#1"},
				"east": {"uv": [13.5, 9, 14, 9.5], "texture": "#1"},
				"south": {"uv": [11, 1.5, 12.5, 2], "texture": "#1"},
				"west": {"uv": [9.5, 13.5, 10, 14], "texture": "#1"},
				"up": {"uv": [12.5, 2.5, 11, 2], "texture": "#1"},
				"down": {"uv": [5.5, 11, 4, 11.5], "texture": "#1"}
			}
		},
		{
			"from": [4.001, 0.401, 7.501],
			"to": [5.999, 1.399, 8.499],
			"rotation": {"angle": 22.5, "axis": "z", "origin": [6, 1.4, 7.65]},
			"faces": {
				"north": {"uv": [12, 8, 13, 8.5], "texture": "#1"},
				"east": {"uv": [13.5, 9.5, 14, 10], "texture": "#1"},
				"south": {"uv": [12, 8.5, 13, 9], "texture": "#1"},
				"west": {"uv": [10, 13.5, 10.5, 14], "texture": "#1"},
				"up": {"uv": [10, 12.5, 9, 12], "texture": "#1"},
				"down": {"uv": [11, 12, 10, 12.5], "texture": "#1"}
			}
		},
		{
			"from": [3.701, 1.651, 7.501],
			"to": [5.699, 2.649, 8.499],
			"rotation": {"angle": 0, "axis": "y", "origin": [5.7, 1.65, 7.65]},
			"faces": {
				"north": {"uv": [12, 10, 13, 10.5], "texture": "#1"},
				"east": {"uv": [10.5, 13.5, 11, 14], "texture": "#1"},
				"south": {"uv": [12, 10.5, 13, 11], "texture": "#1"},
				"west": {"uv": [11, 13.5, 11.5, 14], "texture": "#1"},
				"up": {"uv": [12, 12.5, 11, 12], "texture": "#1"},
				"down": {"uv": [13, 12, 12, 12.5], "texture": "#1"}
			}
		},
		{
			"from": [4.001, 2.901, 7.501],
			"to": [5.999, 3.899, 8.499],
			"rotation": {"angle": -22.5, "axis": "z", "origin": [6, 2.9, 7.65]},
			"faces": {
				"north": {"uv": [0, 12.5, 1, 13], "texture": "#1"},
				"east": {"uv": [13.5, 11, 14, 11.5], "texture": "#1"},
				"south": {"uv": [12.5, 0, 13.5, 0.5], "texture": "#1"},
				"west": {"uv": [11.5, 13.5, 12, 14], "texture": "#1"},
				"up": {"uv": [13.5, 1, 12.5, 0.5], "texture": "#1"},
				"down": {"uv": [13.5, 1, 12.5, 1.5], "texture": "#1"}
			}
		},
		{
			"from": [4.251, 4.051, 7.501],
			"to": [6.249, 5.049, 8.499],
			"rotation": {"angle": -45, "axis": "z", "origin": [6.25, 4.05, 7.65]},
			"faces": {
				"north": {"uv": [12.5, 1.5, 13.5, 2], "texture": "#1"},
				"east": {"uv": [13.5, 11.5, 14, 12], "texture": "#1"},
				"south": {"uv": [12.5, 2, 13.5, 2.5], "texture": "#1"},
				"west": {"uv": [12, 13.5, 12.5, 14], "texture": "#1"},
				"up": {"uv": [13.5, 3, 12.5, 2.5], "texture": "#1"},
				"down": {"uv": [4, 12.5, 3, 13], "texture": "#1"}
			}
		},
		{
			"from": [4.5, 1.65, 8.9],
			"to": [11.5, 2.65, 8.9],
			"rotation": {"angle": 0, "axis": "y", "origin": [7.5, -0.35, 8.9]},
			"faces": {
				"north": {"uv": [10, 3, 13.5, 3.5], "texture": "#1"},
				"east": {"uv": [0, 0, 0, 0.5], "texture": "#1"},
				"south": {"uv": [10, 3.5, 13.5, 4], "texture": "#1"},
				"west": {"uv": [0, 0, 0, 0.5], "texture": "#1"},
				"up": {"uv": [3.5, 0, 0, 0], "texture": "#1"},
				"down": {"uv": [3.5, 0, 0, 0], "texture": "#1"}
			}
		},
		{
			"from": [2.5, 1.65, 8.9],
			"to": [4.5, 2.65, 8.9],
			"rotation": {"angle": -22.5, "axis": "z", "origin": [4.5, 1.65, 8.9]},
			"faces": {
				"north": {"uv": [4, 12.5, 5, 13], "texture": "#1"},
				"east": {"uv": [0, 0, 0, 0.5], "texture": "#1"},
				"south": {"uv": [5, 12.5, 6, 13], "texture": "#1"},
				"west": {"uv": [0, 0, 0, 0.5], "texture": "#1"},
				"up": {"uv": [1, 0, 0, 0], "texture": "#1"},
				"down": {"uv": [1, 0, 0, 0], "texture": "#1"}
			}
		},
		{
			"from": [11.5, 1.65, 8.9],
			"to": [13.5, 2.65, 8.9],
			"rotation": {"angle": 22.5, "axis": "z", "origin": [11.5, 1.65, 8.9]},
			"faces": {
				"north": {"uv": [12.5, 5, 13.5, 5.5], "texture": "#1"},
				"east": {"uv": [0, 0, 0, 0.5], "texture": "#1"},
				"south": {"uv": [12.5, 5.5, 13.5, 6], "texture": "#1"},
				"west": {"uv": [0, 0, 0, 0.5], "texture": "#1"},
				"up": {"uv": [1, 0, 0, 0], "texture": "#1"},
				"down": {"uv": [1, 0, 0, 0], "texture": "#1"}
			}
		},
		{
			"from": [9, 0.4, 8.9],
			"to": [11, 1.4, 8.9],
			"rotation": {"angle": -22.5, "axis": "z", "origin": [9, 0.4, 8.9]},
			"faces": {
				"north": {"uv": [6, 12.5, 7, 13], "texture": "#1"},
				"east": {"uv": [0, 0, 0, 0.5], "texture": "#1"},
				"south": {"uv": [12.5, 6, 13.5, 6.5], "texture": "#1"},
				"west": {"uv": [0, 0, 0, 0.5], "texture": "#1"},
				"up": {"uv": [1, 0, 0, 0], "texture": "#1"},
				"down": {"uv": [1, 0, 0, 0], "texture": "#1"}
			}
		},
		{
			"from": [10.84776, -0.36537, 8.9],
			"to": [12.84776, 0.63463, 8.9],
			"rotation": {"angle": 0, "axis": "y", "origin": [10.84776, -0.36537, 8.9]},
			"faces": {
				"north": {"uv": [12.5, 6.5, 13.5, 7], "texture": "#1"},
				"east": {"uv": [0, 0, 0, 0.5], "texture": "#1"},
				"south": {"uv": [7, 12.5, 8, 13], "texture": "#1"},
				"west": {"uv": [0, 0, 0, 0.5], "texture": "#1"},
				"up": {"uv": [1, 0, 0, 0], "texture": "#1"},
				"down": {"uv": [1, 0, 0, 0], "texture": "#1"}
			}
		},
		{
			"from": [9.5, 2.9, 8.9],
			"to": [11.5, 3.9, 8.9],
			"rotation": {"angle": 22.5, "axis": "z", "origin": [9.5, 2.9, 8.9]},
			"faces": {
				"north": {"uv": [12.5, 7, 13.5, 7.5], "texture": "#1"},
				"east": {"uv": [0, 0, 0, 0.5], "texture": "#1"},
				"south": {"uv": [12.5, 7.5, 13.5, 8], "texture": "#1"},
				"west": {"uv": [0, 0, 0, 0.5], "texture": "#1"},
				"up": {"uv": [1, 0, 0, 0], "texture": "#1"},
				"down": {"uv": [1, 0, 0, 0], "texture": "#1"}
			}
		},
		{
			"from": [11.34776, 3.66537, 8.9],
			"to": [13.34776, 4.66537, 8.9],
			"rotation": {"angle": 45, "axis": "z", "origin": [11.34776, 3.66537, 8.9]},
			"faces": {
				"north": {"uv": [8, 12.5, 9, 13], "texture": "#1"},
				"east": {"uv": [0, 0, 0, 0.5], "texture": "#1"},
				"south": {"uv": [9, 12.5, 10, 13], "texture": "#1"},
				"west": {"uv": [0, 0, 0, 0.5], "texture": "#1"},
				"up": {"uv": [1, 0, 0, 0], "texture": "#1"},
				"down": {"uv": [1, 0, 0, 0], "texture": "#1"}
			}
		},
		{
			"from": [4.5, 2.9, 8.9],
			"to": [6.5, 3.9, 8.9],
			"rotation": {"angle": -22.5, "axis": "z", "origin": [6.5, 2.9, 8.9]},
			"faces": {
				"north": {"uv": [12.5, 9, 13.5, 9.5], "texture": "#1"},
				"east": {"uv": [0, 0, 0, 0.5], "texture": "#1"},
				"south": {"uv": [12.5, 9.5, 13.5, 10], "texture": "#1"},
				"west": {"uv": [0, 0, 0, 0.5], "texture": "#1"},
				"up": {"uv": [1, 0, 0, 0], "texture": "#1"},
				"down": {"uv": [1, 0, 0, 0], "texture": "#1"}
			}
		},
		{
			"from": [2.65224, 3.66537, 8.9],
			"to": [4.65224, 4.66537, 8.9],
			"rotation": {"angle": -45, "axis": "z", "origin": [4.65224, 3.66537, 8.9]},
			"faces": {
				"north": {"uv": [10, 12.5, 11, 13], "texture": "#1"},
				"east": {"uv": [0, 0, 0, 0.5], "texture": "#1"},
				"south": {"uv": [11, 12.5, 12, 13], "texture": "#1"},
				"west": {"uv": [0, 0, 0, 0.5], "texture": "#1"},
				"up": {"uv": [1, 0, 0, 0], "texture": "#1"},
				"down": {"uv": [1, 0, 0, 0], "texture": "#1"}
			}
		},
		{
			"from": [5, 0.4, 8.9],
			"to": [7, 1.4, 8.9],
			"rotation": {"angle": 22.5, "axis": "z", "origin": [7, 0.4, 8.9]},
			"faces": {
				"north": {"uv": [12.5, 11, 13.5, 11.5], "texture": "#1"},
				"east": {"uv": [0, 0, 0, 0.5], "texture": "#1"},
				"south": {"uv": [12.5, 11.5, 13.5, 12], "texture": "#1"},
				"west": {"uv": [0, 0, 0, 0.5], "texture": "#1"},
				"up": {"uv": [1, 0, 0, 0], "texture": "#1"},
				"down": {"uv": [1, 0, 0, 0], "texture": "#1"}
			}
		},
		{
			"from": [3.15224, -0.36537, 8.9],
			"to": [5.15224, 0.63463, 8.9],
			"rotation": {"angle": 0, "axis": "y", "origin": [5.15224, -0.36537, 8.9]},
			"faces": {
				"north": {"uv": [12, 12.5, 13, 13], "texture": "#1"},
				"east": {"uv": [0, 0, 0, 0.5], "texture": "#1"},
				"south": {"uv": [0, 13, 1, 13.5], "texture": "#1"},
				"west": {"uv": [0, 0, 0, 0.5], "texture": "#1"},
				"up": {"uv": [1, 0, 0, 0], "texture": "#1"},
				"down": {"uv": [1, 0, 0, 0], "texture": "#1"}
			}
		},
		{
			"from": [4.5, 1.65, 7.1],
			"to": [11.5, 2.65, 7.1],
			"rotation": {"angle": 0, "axis": "y", "origin": [7.5, -0.35, 7.1]},
			"faces": {
				"north": {"uv": [10, 4, 13.5, 4.5], "texture": "#1"},
				"east": {"uv": [0, 0, 0, 0.5], "texture": "#1"},
				"south": {"uv": [10, 4.5, 13.5, 5], "texture": "#1"},
				"west": {"uv": [0, 0, 0, 0.5], "texture": "#1"},
				"up": {"uv": [3.5, 0, 0, 0], "texture": "#1"},
				"down": {"uv": [3.5, 0, 0, 0], "texture": "#1"}
			}
		},
		{
			"from": [2.5, 1.65, 7.1],
			"to": [4.5, 2.65, 7.1],
			"rotation": {"angle": -22.5, "axis": "z", "origin": [4.5, 1.65, 7.1]},
			"faces": {
				"north": {"uv": [1, 13, 2, 13.5], "texture": "#1"},
				"east": {"uv": [0, 0, 0, 0.5], "texture": "#1"},
				"south": {"uv": [2, 13, 3, 13.5], "texture": "#1"},
				"west": {"uv": [0, 0, 0, 0.5], "texture": "#1"},
				"up": {"uv": [1, 0, 0, 0], "texture": "#1"},
				"down": {"uv": [1, 0, 0, 0], "texture": "#1"}
			}
		},
		{
			"from": [11.5, 1.65, 7.1],
			"to": [13.5, 2.65, 7.1],
			"rotation": {"angle": 22.5, "axis": "z", "origin": [11.5, 1.65, 7.1]},
			"faces": {
				"north": {"uv": [3, 13, 4, 13.5], "texture": "#1"},
				"east": {"uv": [0, 0, 0, 0.5], "texture": "#1"},
				"south": {"uv": [4, 13, 5, 13.5], "texture": "#1"},
				"west": {"uv": [0, 0, 0, 0.5], "texture": "#1"},
				"up": {"uv": [1, 0, 0, 0], "texture": "#1"},
				"down": {"uv": [1, 0, 0, 0], "texture": "#1"}
			}
		},
		{
			"from": [9, 0.4, 7.1],
			"to": [11, 1.4, 7.1],
			"rotation": {"angle": -22.5, "axis": "z", "origin": [9, 0.4, 7.1]},
			"faces": {
				"north": {"uv": [5, 13, 6, 13.5], "texture": "#1"},
				"east": {"uv": [0, 0, 0, 0.5], "texture": "#1"},
				"south": {"uv": [6, 13, 7, 13.5], "texture": "#1"},
				"west": {"uv": [0, 0, 0, 0.5], "texture": "#1"},
				"up": {"uv": [1, 0, 0, 0], "texture": "#1"},
				"down": {"uv": [1, 0, 0, 0], "texture": "#1"}
			}
		},
		{
			"from": [10.84776, -0.36537, 7.1],
			"to": [12.84776, 0.63463, 7.1],
			"rotation": {"angle": 0, "axis": "y", "origin": [10.84776, -0.36537, 7.1]},
			"faces": {
				"north": {"uv": [7, 13, 8, 13.5], "texture": "#1"},
				"east": {"uv": [0, 0, 0, 0.5], "texture": "#1"},
				"south": {"uv": [8, 13, 9, 13.5], "texture": "#1"},
				"west": {"uv": [0, 0, 0, 0.5], "texture": "#1"},
				"up": {"uv": [1, 0, 0, 0], "texture": "#1"},
				"down": {"uv": [1, 0, 0, 0], "texture": "#1"}
			}
		},
		{
			"from": [9.5, 2.9, 7.1],
			"to": [11.5, 3.9, 7.1],
			"rotation": {"angle": 22.5, "axis": "z", "origin": [9.5, 2.9, 7.1]},
			"faces": {
				"north": {"uv": [13, 8, 14, 8.5], "texture": "#1"},
				"east": {"uv": [0, 0, 0, 0.5], "texture": "#1"},
				"south": {"uv": [13, 8.5, 14, 9], "texture": "#1"},
				"west": {"uv": [0, 0, 0, 0.5], "texture": "#1"},
				"up": {"uv": [1, 0, 0, 0], "texture": "#1"},
				"down": {"uv": [1, 0, 0, 0], "texture": "#1"}
			}
		},
		{
			"from": [11.34776, 3.66537, 7.1],
			"to": [13.34776, 4.66537, 7.1],
			"rotation": {"angle": 45, "axis": "z", "origin": [11.34776, 3.66537, 7.1]},
			"faces": {
				"north": {"uv": [9, 13, 10, 13.5], "texture": "#1"},
				"east": {"uv": [0, 0, 0, 0.5], "texture": "#1"},
				"south": {"uv": [10, 13, 11, 13.5], "texture": "#1"},
				"west": {"uv": [0, 0, 0, 0.5], "texture": "#1"},
				"up": {"uv": [1, 0, 0, 0], "texture": "#1"},
				"down": {"uv": [1, 0, 0, 0], "texture": "#1"}
			}
		},
		{
			"from": [4.5, 2.9, 7.1],
			"to": [6.5, 3.9, 7.1],
			"rotation": {"angle": -22.5, "axis": "z", "origin": [6.5, 2.9, 7.1]},
			"faces": {
				"north": {"uv": [13, 10, 14, 10.5], "texture": "#1"},
				"east": {"uv": [0, 0, 0, 0.5], "texture": "#1"},
				"south": {"uv": [13, 10.5, 14, 11], "texture": "#1"},
				"west": {"uv": [0, 0, 0, 0.5], "texture": "#1"},
				"up": {"uv": [1, 0, 0, 0], "texture": "#1"},
				"down": {"uv": [1, 0, 0, 0], "texture": "#1"}
			}
		},
		{
			"from": [2.65224, 3.66537, 7.1],
			"to": [4.65224, 4.66537, 7.1],
			"rotation": {"angle": -45, "axis": "z", "origin": [4.65224, 3.66537, 7.1]},
			"faces": {
				"north": {"uv": [11, 13, 12, 13.5], "texture": "#1"},
				"east": {"uv": [0, 0, 0, 0.5], "texture": "#1"},
				"south": {"uv": [12, 13, 13, 13.5], "texture": "#1"},
				"west": {"uv": [0, 0, 0, 0.5], "texture": "#1"},
				"up": {"uv": [1, 0, 0, 0], "texture": "#1"},
				"down": {"uv": [1, 0, 0, 0], "texture": "#1"}
			}
		},
		{
			"from": [5, 0.4, 7.1],
			"to": [7, 1.4, 7.1],
			"rotation": {"angle": 22.5, "axis": "z", "origin": [7, 0.4, 7.1]},
			"faces": {
				"north": {"uv": [13, 12, 14, 12.5], "texture": "#1"},
				"east": {"uv": [0, 0, 0, 0.5], "texture": "#1"},
				"south": {"uv": [13, 12.5, 14, 13], "texture": "#1"},
				"west": {"uv": [0, 0, 0, 0.5], "texture": "#1"},
				"up": {"uv": [1, 0, 0, 0], "texture": "#1"},
				"down": {"uv": [1, 0, 0, 0], "texture": "#1"}
			}
		},
		{
			"from": [3.15224, -0.36537, 7.1],
			"to": [5.15224, 0.63463, 7.1],
			"rotation": {"angle": 0, "axis": "y", "origin": [5.15224, -0.36537, 7.1]},
			"faces": {
				"north": {"uv": [13, 13, 14, 13.5], "texture": "#1"},
				"east": {"uv": [0, 0, 0, 0.5], "texture": "#1"},
				"south": {"uv": [0, 13.5, 1, 14], "texture": "#1"},
				"west": {"uv": [0, 0, 0, 0.5], "texture": "#1"},
				"up": {"uv": [1, 0, 0, 0], "texture": "#1"},
				"down": {"uv": [1, 0, 0, 0], "texture": "#1"}
			}
		},
		{
			"from": [5.999, 3.999, 6.999],
			"to": [7.001, 9.001, 9.001],
			"rotation": {"angle": 0, "axis": "y", "origin": [5.95, 9, 7]},
			"faces": {
				"north": {"uv": [10.5, 0, 11, 2.5], "texture": "#1"},
				"east": {"uv": [0, 8, 1, 10.5], "texture": "#1"},
				"south": {"uv": [1.5, 10.5, 2, 13], "texture": "#1"},
				"west": {"uv": [1, 8, 2, 10.5], "texture": "#1"},
				"up": {"uv": [14, 1, 13.5, 0], "texture": "#1"},
				"down": {"uv": [1.5, 13.5, 1, 14.5], "texture": "#1"}
			}
		},
		{
			"from": [8.999, 3.999, 6.999],
			"to": [10.001, 9.001, 9.001],
			"rotation": {"angle": 0, "axis": "y", "origin": [10.05, 9, 7]},
			"faces": {
				"north": {"uv": [2, 10.5, 2.5, 13], "texture": "#1"},
				"east": {"uv": [2, 8, 3, 10.5], "texture": "#1"},
				"south": {"uv": [2.5, 10.5, 3, 13], "texture": "#1"},
				"west": {"uv": [3, 8, 4, 10.5], "texture": "#1"},
				"up": {"uv": [14, 2, 13.5, 1], "texture": "#1"},
				"down": {"uv": [2, 13.5, 1.5, 14.5], "texture": "#1"}
			}
		},
		{
			"from": [6, 2, 7.5],
			"to": [10, 18, 8.5],
			"rotation": {"angle": 0, "axis": "y", "origin": [0.5, 18, 0]},
			"faces": {
				"north": {"uv": [0, 0, 2, 8], "texture": "#1"},
				"east": {"uv": [6, 0, 6.5, 8], "texture": "#1"},
				"south": {"uv": [2, 0, 4, 8], "texture": "#1"},
				"west": {"uv": [6.5, 0, 7, 8], "texture": "#1"},
				"up": {"uv": [12, 9, 10, 8.5], "texture": "#1"},
				"down": {"uv": [12.5, 2.5, 10.5, 3], "texture": "#1"}
			}
		},
		{
			"from": [5.998, 16.748, 7.498],
			"to": [7.002, 17.752, 8.502],
			"rotation": {"angle": 0, "axis": "y", "origin": [0.5, 18, 0]},
			"faces": {
				"north": {"uv": [0, 0, 0.5, 0.5], "texture": "#1"},
				"east": {"uv": [13, 13.5, 13.5, 14], "texture": "#1"},
				"south": {"uv": [2, 0, 2.5, 0.5], "texture": "#1"},
				"west": {"uv": [6.5, 0, 7, 0.5], "texture": "#1"},
				"up": {"uv": [14.5, 0.5, 14, 0], "texture": "#1"},
				"down": {"uv": [1, 14, 0.5, 14.5], "texture": "#1"}
			}
		},
		{
			"from": [7.998, 15.268, 7.498],
			"to": [9.002, 17.272, 8.502],
			"rotation": {"angle": 0, "axis": "y", "origin": [0.5, 18, 0]},
			"faces": {
				"north": {"uv": [0.5, 0.5, 1, 1.5], "texture": "#1"},
				"east": {"uv": [13.5, 2, 14, 3], "texture": "#1"},
				"south": {"uv": [3, 0.5, 3.5, 1.5], "texture": "#1"},
				"west": {"uv": [3, 13.5, 3.5, 14.5], "texture": "#1"},
				"up": {"uv": [14.5, 1, 14, 0.5], "texture": "#1"},
				"down": {"uv": [14.5, 1, 14, 1.5], "texture": "#1"}
			}
		},
		{
			"from": [8.998, 15.678, 7.498],
			"to": [10.002, 17.682, 8.502],
			"rotation": {"angle": 0, "axis": "y", "origin": [0.5, 18, 0]},
			"faces": {
				"north": {"uv": [0, 0, 0.5, 1], "texture": "#1"},
				"east": {"uv": [6, 0, 6.5, 1], "texture": "#1"},
				"south": {"uv": [3.5, 0, 4, 1], "texture": "#1"},
				"west": {"uv": [13.5, 4, 14, 5], "texture": "#1"},
				"up": {"uv": [14.5, 2, 14, 1.5], "texture": "#1"},
				"down": {"uv": [14.5, 2, 14, 2.5], "texture": "#1"}
			}
		},
		{
			"from": [6.399, 16.43504, 7.499],
			"to": [9.401, 19.43704, 8.501],
			"rotation": {"angle": -45, "axis": "z", "origin": [8, 17.83604, 8]},
			"faces": {
				"north": {"uv": [9, 0, 10.5, 1.5], "texture": "#1"},
				"east": {"uv": [7, 10.5, 7.5, 12], "texture": "#1"},
				"south": {"uv": [9, 1.5, 10.5, 3], "texture": "#1"},
				"west": {"uv": [7.5, 10.5, 8, 12], "texture": "#1"},
				"up": {"uv": [12.5, 5.5, 11, 5], "texture": "#1"},
				"down": {"uv": [12.5, 5.5, 11, 6], "texture": "#1"}
			}
		}
	],
	"gui_light": "front",
	"display": {
		"thirdperson_righthand": {
			"rotation": [-10, -90, 0],
			"translation": [0, 5.25, 0],
			"scale": [0.6, 0.6, 0.6]
		},
		"thirdperson_lefthand": {
			"rotation": [-10, 90, 0],
			"translation": [0, 5, 0],
			"scale": [0.6, 0.6, 0.6]
		},
		"firstperson_righthand": {
			"rotation": [20, -90, 0],
			"translation": [2, 2, 0],
			"scale": [0.6, 0.6, 0.6]
		},
		"firstperson_lefthand": {
			"rotation": [20, 90, 0],
			"translation": [2, 2, 0],
			"scale": [0.6, 0.6, 0.6]
		},
		"ground": {
			"rotation": [0, 0, 45],
			"translation": [0, 7, 0],
			"scale": [0.5, 0.5, 0.5]
		},
		"gui": {
			"rotation": [-180, 0, -135],
			"translation": [2, 2, 0],
			"scale": [0.6, 0.6, 0.6]
		},
		"head": {
			"rotation": [0, 0, 135],
			"translation": [8.5, 8.5, 0.75],
			"scale": [0.6, 0.6, 0.6]
		},
		"fixed": {
			"rotation": [0, 0, 45],
			"translation": [-2, 2, -0.75],
			"scale": [0.6, 0.6, 0.6]
		}
	},
	"groups": [
		{
			"name": "sword",
			"origin": [8, 8, 8],
			"color": 0,
			"children": [
				{
					"name": "pommel",
					"origin": [8, 8, 8],
					"color": 0,
					"children": [0, 1, 2, 3, 4]
				},
				{
					"name": "grip",
					"origin": [8, 8, 8],
					"color": 0,
					"children": [5]
				},
				{
					"name": "guard",
					"origin": [8, 8, 8],
					"color": 0,
					"children": [
						{
							"name": "cross-guard",
							"origin": [8, 8, 8],
							"color": 0,
							"children": [6, 7,
								{
									"name": "group",
									"origin": [9, 20, 7],
									"color": 0,
									"children": [8, 9, 10, 11, 12, 13, 14, 15, 16, 17]
								},
								{
									"name": "out-south",
									"origin": [8, 8, 8],
									"color": 0,
									"children": [18, 19, 20,
										{
											"name": "group",
											"origin": [9, 20, 7],
											"color": 0,
											"children": [21, 22]
										},
										{
											"name": "group",
											"origin": [9, 20, 7],
											"color": 0,
											"children": [23, 24]
										},
										{
											"name": "group",
											"origin": [9, 20, 7],
											"color": 0,
											"children": [25, 26]
										},
										{
											"name": "group",
											"origin": [9, 20, 7],
											"color": 0,
											"children": [27, 28]
										}
									]
								},
								{
									"name": "out-nouth",
									"origin": [8, 8, 8],
									"color": 0,
									"children": [29, 30, 31,
										{
											"name": "group",
											"origin": [9, 20, 7],
											"color": 0,
											"children": [32, 33]
										},
										{
											"name": "group",
											"origin": [9, 20, 7],
											"color": 0,
											"children": [34, 35]
										},
										{
											"name": "group",
											"origin": [9, 20, 7],
											"color": 0,
											"children": [36, 37]
										},
										{
											"name": "group",
											"origin": [9, 20, 7],
											"color": 0,
											"children": [38, 39]
										}
									]
								}
							]
						},
						{
							"name": "rain-guard",
							"origin": [8, 8, 8],
							"color": 0,
							"children": [40, 41]
						}
					]
				},
				{
					"name": "blade",
					"origin": [8, 8, 8],
					"color": 0,
					"children": [42, 43, 44, 45, 46]
				}
			]
		}
	]
}