{
	"credit": "Made with Blockbench",
	"texture_size": [128, 128],
	"textures": {
		"0": "toffy/xmasdecor/toffy_xmasdecor_balloons",
		"particle": "toffy/xmasdecor/toffy_xmasdecor_balloons"
	},
	"elements": [
		{
			"from": [10.00006, 16.94561, 5],
			"to": [17.00006, 23.94561, 12],
			"rotation": {"angle": -22.5, "axis": "z", "origin": [-5.49994, 8.54561, 8.5]},
			"faces": {
				"north": {"uv": [4.625, 5.625, 3.75, 6.5], "texture": "#0"},
				"east": {"uv": [6.625, 5, 5.75, 5.875], "texture": "#0"},
				"south": {"uv": [5.625, 5.625, 4.75, 6.5], "texture": "#0"},
				"west": {"uv": [6.5, 4, 5.625, 4.875], "texture": "#0"},
				"up": {"uv": [5.875, 1.875, 6.75, 1], "texture": "#0"},
				"down": {"uv": [5.875, 2, 6.75, 2.875], "texture": "#0"}
			}
		},
		{
			"from": [11.00006, 14.94561, 6],
			"to": [16.00006, 24.94561, 11],
			"rotation": {"angle": -22.5, "axis": "z", "origin": [-5.49994, 8.54561, 8.5]},
			"faces": {
				"north": {"uv": [4, 4.25, 3.375, 5.5], "texture": "#0"},
				"east": {"uv": [2.625, 5, 2, 6.25], "texture": "#0"},
				"south": {"uv": [5.5, 4.25, 4.875, 5.5], "texture": "#0"},
				"west": {"uv": [4.75, 4.25, 4.125, 5.5], "texture": "#0"},
				"up": {"uv": [3.5, 7.25, 4.125, 6.625], "texture": "#0"},
				"down": {"uv": [6.625, 4, 7.25, 4.625], "texture": "#0"}
			}
		},
		{
			"from": [13.00006, 11.94561, 8],
			"to": [14.00006, 12.94561, 9],
			"rotation": {"angle": -22.5, "axis": "z", "origin": [-5.49994, 8.54561, 8.5]},
			"faces": {
				"north": {"uv": [2.625, 6.375, 2.5, 6.5], "texture": "#0"},
				"east": {"uv": [7.375, 1.875, 7.25, 2], "texture": "#0"},
				"south": {"uv": [7.375, 1.625, 7.25, 1.75], "texture": "#0"},
				"west": {"uv": [7.375, 1.375, 7.25, 1.5], "texture": "#0"},
				"up": {"uv": [7.25, 2.25, 7.375, 2.125], "texture": "#0"},
				"down": {"uv": [7.25, 2.375, 7.375, 2.5], "texture": "#0"}
			}
		},
		{
			"from": [12.50006, 12.94561, 7.5],
			"to": [14.50006, 14.94561, 9.5],
			"rotation": {"angle": -22.5, "axis": "z", "origin": [-5.49994, 8.54561, 8.5]},
			"faces": {
				"north": {"uv": [7, 5.875, 6.75, 6.125], "texture": "#0"},
				"east": {"uv": [1.25, 6.875, 1, 7.125], "texture": "#0"},
				"south": {"uv": [7, 6.625, 6.75, 6.875], "texture": "#0"},
				"west": {"uv": [7, 6.25, 6.75, 6.5], "texture": "#0"},
				"up": {"uv": [6.875, 1.25, 7.125, 1], "texture": "#0"},
				"down": {"uv": [6.875, 1.375, 7.125, 1.625], "texture": "#0"}
			}
		},
		{
			"from": [12.50006, 9.94561, 7.5],
			"to": [14.50006, 11.94561, 9.5],
			"rotation": {"angle": -22.5, "axis": "z", "origin": [-5.49994, 8.54561, 8.5]},
			"faces": {
				"north": {"uv": [7.125, 1.75, 6.875, 2], "texture": "#0"},
				"east": {"uv": [7.125, 2.875, 6.875, 3.125], "texture": "#0"},
				"south": {"uv": [7.125, 2.5, 6.875, 2.75], "texture": "#0"},
				"west": {"uv": [7.125, 2.125, 6.875, 2.375], "texture": "#0"},
				"up": {"uv": [6.875, 3.5, 7.125, 3.25], "texture": "#0"},
				"down": {"uv": [6.875, 3.625, 7.125, 3.875], "texture": "#0"}
			}
		},
		{
			"from": [3, 13, 3],
			"to": [13, 22, 13],
			"faces": {
				"north": {"uv": [3.75, 1.75, 5, 2.875], "texture": "#0"},
				"east": {"uv": [2, 3.75, 3.25, 4.875], "texture": "#0"},
				"south": {"uv": [3.75, 3, 5, 4.125], "texture": "#0"},
				"west": {"uv": [4.25, 0, 5.5, 1.125], "texture": "#0"},
				"up": {"uv": [1.25, 3.25, 0, 2], "texture": "#0"},
				"down": {"uv": [2.625, 2, 1.375, 3.25], "texture": "#0"}
			}
		},
		{
			"from": [4.5, 10, 4.5],
			"to": [11.5, 23, 11.5],
			"faces": {
				"north": {"uv": [2.75, 2, 3.625, 3.625], "texture": "#0"},
				"east": {"uv": [3.25, 0, 4.125, 1.625], "texture": "#0"},
				"south": {"uv": [0, 3.375, 0.875, 5], "texture": "#0"},
				"west": {"uv": [1, 3.375, 1.875, 5], "texture": "#0"},
				"up": {"uv": [6.5, 0.875, 5.625, 0], "texture": "#0"},
				"down": {"uv": [3.625, 5.625, 2.75, 6.5], "texture": "#0"}
			}
		},
		{
			"from": [6.5, 8, 6.5],
			"to": [9.5, 10, 9.5],
			"faces": {
				"north": {"uv": [2, 3.375, 2.375, 3.625], "texture": "#0"},
				"east": {"uv": [1.5, 5.125, 1.875, 5.375], "texture": "#0"},
				"south": {"uv": [1.5, 5.5, 1.875, 5.75], "texture": "#0"},
				"west": {"uv": [1.5, 5.875, 1.875, 6.125], "texture": "#0"},
				"up": {"uv": [4.625, 1.625, 4.25, 1.25], "texture": "#0"},
				"down": {"uv": [3.125, 5, 2.75, 5.375], "texture": "#0"}
			}
		},
		{
			"from": [7.5, 7, 7.5],
			"to": [8.5, 8, 8.5],
			"faces": {
				"north": {"uv": [3.25, 1.75, 3.375, 1.875], "texture": "#0"},
				"east": {"uv": [2.5, 3.375, 2.625, 3.5], "texture": "#0"},
				"south": {"uv": [3.5, 1.75, 3.625, 1.875], "texture": "#0"},
				"west": {"uv": [5.125, 4, 5.25, 4.125], "texture": "#0"},
				"up": {"uv": [5.5, 4.125, 5.375, 4], "texture": "#0"},
				"down": {"uv": [5.75, 1, 5.625, 1.125], "texture": "#0"}
			}
		},
		{
			"from": [7, 5, 7],
			"to": [9, 7, 9],
			"faces": {
				"north": {"uv": [3.375, 3.75, 3.625, 4], "texture": "#0"},
				"east": {"uv": [4.75, 1.25, 5, 1.5], "texture": "#0"},
				"south": {"uv": [1, 6.5, 1.25, 6.75], "texture": "#0"},
				"west": {"uv": [6.75, 4.75, 7, 5], "texture": "#0"},
				"up": {"uv": [7, 5.375, 6.75, 5.125], "texture": "#0"},
				"down": {"uv": [7, 5.5, 6.75, 5.75], "texture": "#0"}
			}
		},
		{
			"from": [-3, 7, 5],
			"to": [4, 14, 12],
			"rotation": {"angle": 22.5, "axis": "z", "origin": [-4.5, 8.6, 8.5]},
			"faces": {
				"north": {"uv": [5.875, 3, 6.75, 3.875], "texture": "#0"},
				"east": {"uv": [5.75, 6, 6.625, 6.875], "texture": "#0"},
				"south": {"uv": [1.5, 6.375, 2.375, 7.25], "texture": "#0"},
				"west": {"uv": [0, 6.5, 0.875, 7.375], "texture": "#0"},
				"up": {"uv": [7.5, 0.875, 6.625, 0], "texture": "#0"},
				"down": {"uv": [3.375, 6.625, 2.5, 7.5], "texture": "#0"}
			}
		},
		{
			"from": [-2, 5, 6],
			"to": [3, 15, 11],
			"rotation": {"angle": 22.5, "axis": "z", "origin": [-4.5, 8.6, 8.5]},
			"faces": {
				"north": {"uv": [0, 5.125, 0.625, 6.375], "texture": "#0"},
				"east": {"uv": [0.75, 5.125, 1.375, 6.375], "texture": "#0"},
				"south": {"uv": [5.125, 1.25, 5.75, 2.5], "texture": "#0"},
				"west": {"uv": [5.125, 2.625, 5.75, 3.875], "texture": "#0"},
				"up": {"uv": [4.875, 7.25, 4.25, 6.625], "texture": "#0"},
				"down": {"uv": [5.625, 6.625, 5, 7.25], "texture": "#0"}
			}
		},
		{
			"from": [0, 2, 8],
			"to": [1, 3, 9],
			"rotation": {"angle": 22.5, "axis": "z", "origin": [-4.5, 8.6, 8.5]},
			"faces": {
				"north": {"uv": [7.25, 2.625, 7.375, 2.75], "texture": "#0"},
				"east": {"uv": [7.25, 2.875, 7.375, 3], "texture": "#0"},
				"south": {"uv": [7.25, 3.125, 7.375, 3.25], "texture": "#0"},
				"west": {"uv": [7.25, 3.375, 7.375, 3.5], "texture": "#0"},
				"up": {"uv": [7.375, 3.75, 7.25, 3.625], "texture": "#0"},
				"down": {"uv": [7.375, 7, 7.25, 7.125], "texture": "#0"}
			}
		},
		{
			"from": [-0.5, 3, 7.5],
			"to": [1.5, 5, 9.5],
			"rotation": {"angle": 22.5, "axis": "z", "origin": [-4.5, 8.6, 8.5]},
			"faces": {
				"north": {"uv": [5.75, 7, 6, 7.25], "texture": "#0"},
				"east": {"uv": [6.125, 7, 6.375, 7.25], "texture": "#0"},
				"south": {"uv": [6.5, 7, 6.75, 7.25], "texture": "#0"},
				"west": {"uv": [6.875, 7, 7.125, 7.25], "texture": "#0"},
				"up": {"uv": [7.375, 5, 7.125, 4.75], "texture": "#0"},
				"down": {"uv": [7.375, 5.125, 7.125, 5.375], "texture": "#0"}
			}
		},
		{
			"from": [-0.5, 0, 7.5],
			"to": [1.5, 2, 9.5],
			"rotation": {"angle": 22.5, "axis": "z", "origin": [-4.5, 8.6, 8.5]},
			"faces": {
				"north": {"uv": [7.125, 5.5, 7.375, 5.75], "texture": "#0"},
				"east": {"uv": [7.125, 5.875, 7.375, 6.125], "texture": "#0"},
				"south": {"uv": [7.125, 6.25, 7.375, 6.5], "texture": "#0"},
				"west": {"uv": [7.125, 6.625, 7.375, 6.875], "texture": "#0"},
				"up": {"uv": [1.25, 7.5, 1, 7.25], "texture": "#0"},
				"down": {"uv": [7.5, 1, 7.25, 1.25], "texture": "#0"}
			}
		},
		{
			"name": "flat",
			"from": [2.5, -9, 8.25],
			"to": [14.5, 6, 8.25],
			"faces": {
				"north": {"uv": [0, 0, 1.5, 1.875], "texture": "#0"},
				"east": {"uv": [1.375, 6.5, 1.375, 8.375], "texture": "#0"},
				"south": {"uv": [1.625, 0, 3.125, 1.875], "texture": "#0"},
				"west": {"uv": [7.25, 7.25, 7.25, 9.125], "texture": "#0"},
				"up": {"uv": [8.75, 3.875, 7.25, 3.875], "texture": "#0"},
				"down": {"uv": [5, 7.375, 3.5, 7.375], "texture": "#0"}
			}
		}
	],
	"gui_light": "front",
	"display": {
		"thirdperson_righthand": {
			"rotation": [54, -23, -8],
			"translation": [1.25, 3.75, 7.25],
			"scale": [0.5, 0.5, 0.5]
		},
		"thirdperson_lefthand": {
			"rotation": [54, -23, -8],
			"translation": [1.25, 3.75, 7.25],
			"scale": [0.5, 0.5, 0.5]
		},
		"firstperson_righthand": {
			"scale": [0.4, 0.4, 0.4]
		},
		"firstperson_lefthand": {
			"scale": [0.4, 0.4, 0.4]
		},
		"ground": {
			"translation": [0, 1.5, 0],
			"scale": [0.3, 0.3, 0.3]
		},
		"gui": {
			"rotation": [9, 24, 0],
			"scale": [-0.45, 0.45, 0.45]
		},
		"head": {
			"translation": [0, 22, 0]
		},
		"fixed": {
			"rotation": [-90, 0, 0],
			"translation": [0, -0.5, -34],
			"scale": [2, 2, 2]
		}
	},
	"groups": [
		{
			"name": "baloon_side0",
			"origin": [0, 0, 0],
			"color": 0,
			"children": [0, 1, 2, 3, 4]
		},
		{
			"name": "baloon_middle",
			"origin": [0, 0, 0],
			"color": 0,
			"children": [5, 6, 7, 8, 9]
		},
		{
			"name": "baloon_side0",
			"origin": [0, 0, 0],
			"color": 0,
			"children": [10, 11, 12, 13, 14]
		},
		15
	]
}