{
	"credit": "Made with Blockbench",
	"texture_size": [32, 32],
	"textures": {
		"0": "toffy/xmasdecor/toffy_xmasdecor_santafigure",
		"particle": "toffy/xmasdecor/toffy_xmasdecor_santafigure"
	},
	"elements": [
		{
			"from": [6, 1, 6],
			"to": [10, 4, 10],
			"faces": {
				"north": {"uv": [0, 5, 2, 6.5], "texture": "#0"},
				"east": {"uv": [2.5, 6, 4.5, 7.5], "texture": "#0"},
				"south": {"uv": [5, 6, 7, 7.5], "texture": "#0"},
				"west": {"uv": [6.5, 0, 8.5, 1.5], "texture": "#0"},
				"up": {"uv": [2, 2, 0, 0], "texture": "#0"},
				"down": {"uv": [2, 2.5, 0, 4.5], "texture": "#0"}
			}
		},
		{
			"from": [6.5, 4, 6.5],
			"to": [9.5, 9, 9.5],
			"faces": {
				"north": {"uv": [2.5, 0, 4, 2.5], "texture": "#0"},
				"east": {"uv": [2.5, 3, 4, 5.5], "texture": "#0"},
				"south": {"uv": [4.5, 0, 6, 2.5], "texture": "#0"},
				"west": {"uv": [4.5, 3, 6, 5.5], "texture": "#0"},
				"up": {"uv": [8, 3.5, 6.5, 2], "texture": "#0"},
				"down": {"uv": [8, 4, 6.5, 5.5], "texture": "#0"}
			}
		},
		{
			"from": [7.5, 10, 8.75],
			"to": [8.5, 11, 10.75],
			"rotation": {"angle": 22.5, "axis": "x", "origin": [8, 10, 8]},
			"faces": {
				"north": {"uv": [6.5, 8, 7, 8.5], "texture": "#0"},
				"east": {"uv": [10, 8, 11, 8.5], "texture": "#0"},
				"south": {"uv": [1.5, 8.5, 2, 9], "texture": "#0"},
				"west": {"uv": [12.5, 0, 13.5, 0.5], "texture": "#0"},
				"up": {"uv": [3.5, 13.5, 3, 12.5], "texture": "#0"},
				"down": {"uv": [6.5, 12.5, 6, 13.5], "texture": "#0"}
			}
		},
		{
			"from": [7, 8.5, 7.25],
			"to": [9, 10.5, 9.25],
			"rotation": {"angle": 22.5, "axis": "x", "origin": [8, 10, 8]},
			"faces": {
				"north": {"uv": [0, 12, 1, 13], "texture": "#0"},
				"east": {"uv": [12, 1.5, 13, 2.5], "texture": "#0"},
				"south": {"uv": [12, 3, 13, 4], "texture": "#0"},
				"west": {"uv": [12, 4.5, 13, 5.5], "texture": "#0"},
				"up": {"uv": [13, 7, 12, 6], "texture": "#0"},
				"down": {"uv": [10.5, 12, 9.5, 13], "texture": "#0"}
			}
		},
		{
			"from": [6, 4.5, 6],
			"to": [10, 6.5, 8],
			"rotation": {"angle": 0, "axis": "y", "origin": [0, 0.5, 0]},
			"faces": {
				"north": {"uv": [0, 7, 2, 8], "texture": "#0"},
				"east": {"uv": [11.5, 9.5, 12.5, 10.5], "texture": "#0"},
				"south": {"uv": [7.5, 6, 9.5, 7], "texture": "#0"},
				"west": {"uv": [11.5, 11, 12.5, 12], "texture": "#0"},
				"up": {"uv": [9.5, 8.5, 7.5, 7.5], "texture": "#0"},
				"down": {"uv": [4.5, 8, 2.5, 9], "texture": "#0"}
			}
		},
		{
			"from": [6, -2, 7],
			"to": [8, 1, 9],
			"rotation": {"angle": -22.5, "axis": "z", "origin": [8, 1.5, 8]},
			"faces": {
				"north": {"uv": [5, 8, 6, 9.5], "texture": "#0"},
				"east": {"uv": [0, 8.5, 1, 10], "texture": "#0"},
				"south": {"uv": [8.5, 2, 9.5, 3.5], "texture": "#0"},
				"west": {"uv": [8.5, 4, 9.5, 5.5], "texture": "#0"},
				"up": {"uv": [6, 11, 5, 10], "texture": "#0"},
				"down": {"uv": [1, 10.5, 0, 11.5], "texture": "#0"}
			}
		},
		{
			"from": [5, 4.25, 7],
			"to": [8, 6.25, 9],
			"rotation": {"angle": 22.5, "axis": "z", "origin": [8, 2.5, 8]},
			"faces": {
				"north": {"uv": [3, 9.5, 4.5, 10.5], "texture": "#0"},
				"east": {"uv": [8, 11, 9, 12], "texture": "#0"},
				"south": {"uv": [9.5, 9, 11, 10], "texture": "#0"},
				"west": {"uv": [1.5, 11.5, 2.5, 12.5], "texture": "#0"},
				"up": {"uv": [11.5, 3, 10, 2], "texture": "#0"},
				"down": {"uv": [11.5, 3.5, 10, 4.5], "texture": "#0"}
			}
		},
		{
			"from": [8, 4.25, 7],
			"to": [11, 6.25, 9],
			"rotation": {"angle": -22.5, "axis": "z", "origin": [8, 2.5, 8]},
			"faces": {
				"north": {"uv": [10, 5, 11.5, 6], "texture": "#0"},
				"east": {"uv": [4.5, 11.5, 5.5, 12.5], "texture": "#0"},
				"south": {"uv": [10, 6.5, 11.5, 7.5], "texture": "#0"},
				"west": {"uv": [11.5, 8, 12.5, 9], "texture": "#0"},
				"up": {"uv": [12, 1, 10.5, 0], "texture": "#0"},
				"down": {"uv": [11, 10.5, 9.5, 11.5], "texture": "#0"}
			}
		},
		{
			"from": [8, -2, 7],
			"to": [10, 1, 9],
			"rotation": {"angle": 22.5, "axis": "z", "origin": [8, 1.5, 8]},
			"faces": {
				"north": {"uv": [9, 0, 10, 1.5], "texture": "#0"},
				"east": {"uv": [6.5, 9, 7.5, 10.5], "texture": "#0"},
				"south": {"uv": [8, 9, 9, 10.5], "texture": "#0"},
				"west": {"uv": [1.5, 9.5, 2.5, 11], "texture": "#0"},
				"up": {"uv": [4, 12, 3, 11], "texture": "#0"},
				"down": {"uv": [7.5, 11, 6.5, 12], "texture": "#0"}
			}
		}
	],
	"gui_light": "front",
	"display": {
		"thirdperson_righthand": {
			"rotation": [63, 0, -19],
			"translation": [5.5, -1.25, 2.25]
		},
		"thirdperson_lefthand": {
			"rotation": [63, 0, -19],
			"translation": [5.5, -1.25, 2.25]
		},
		"firstperson_righthand": {
			"rotation": [0, 21, -12],
			"translation": [1.25, 2.75, 0.25]
		},
		"firstperson_lefthand": {
			"rotation": [0, 21, -12],
			"translation": [1.25, 2.75, 0.25]
		},
		"ground": {
			"scale": [0.4, 0.4, 0.4]
		},
		"gui": {
			"rotation": [21, -154, 0],
			"translation": [0, 2.5, 0]
		},
		"head": {
			"translation": [0, 18.25, 0],
			"scale": [1.4, 1.4, 1.4]
		},
		"fixed": {
			"rotation": [-90, 0, 0],
			"translation": [0, 0, -17.75],
			"scale": [2, 2, 2]
		}
	}
}