{
	"credit": "Made with Blockbench",
	"texture_size": [128, 128],
	"textures": {
		"0": "toffy/xmasdecor/toffy_xmasdecor_hanging",
		"particle": "toffy/xmasdecor/toffy_xmasdecor_hanging"
	},
	"elements": [
		{
			"name": "flat",
			"from": [-9, 5, 8],
			"to": [8, 32, 8],
			"rotation": {"angle": 0, "axis": "y", "origin": [11, 16, 7.5]},
			"faces": {
				"north": {"uv": [2.125, 0, 4.25, 3.375], "texture": "#0"},
				"east": {"uv": [4.375, 6.375, 4.375, 9.75], "texture": "#0"},
				"south": {"uv": [0, 3.5, 2.125, 6.875], "texture": "#0"},
				"west": {"uv": [4.5, 6.375, 4.5, 9.75], "texture": "#0"},
				"up": {"uv": [10.625, 2.75, 6.375, 2.75], "texture": "#0"},
				"down": {"uv": [10.625, 2.875, 6.375, 2.875], "texture": "#0"}
			}
		},
		{
			"name": "flat",
			"from": [7.95, 5, 7.975],
			"to": [25, 32, 7.975],
			"rotation": {"angle": 0, "axis": "y", "origin": [11, 16, 7.5]},
			"faces": {
				"north": {"uv": [0, 0, 2.125, 3.375], "texture": "#0"},
				"east": {"uv": [4.375, 6.375, 4.375, 9.75], "texture": "#0"},
				"south": {"uv": [2.125, 3.5, 4.25, 6.875], "texture": "#0"},
				"west": {"uv": [4.5, 6.375, 4.5, 9.75], "texture": "#0"},
				"up": {"uv": [10.625, 2.75, 6.375, 2.75], "texture": "#0"},
				"down": {"uv": [10.625, 2.875, 6.375, 2.875], "texture": "#0"}
			}
		},
		{
			"from": [19, 10, 7.5],
			"to": [20, 14, 8.5],
			"faces": {
				"north": {"uv": [4.375, 5.5, 4.5, 6], "texture": "#0"},
				"east": {"uv": [4.625, 5.5, 4.75, 6], "texture": "#0"},
				"south": {"uv": [4.875, 5.5, 5, 6], "texture": "#0"},
				"west": {"uv": [5.5, 5, 5.625, 5.5], "texture": "#0"},
				"up": {"uv": [5.5, 6.375, 5.375, 6.25], "texture": "#0"},
				"down": {"uv": [5.75, 6.25, 5.625, 6.375], "texture": "#0"}
			}
		},
		{
			"from": [18.5, 11, 7],
			"to": [20.5, 13, 9],
			"faces": {
				"north": {"uv": [5.375, 0.5, 5.625, 0.75], "texture": "#0"},
				"east": {"uv": [5.125, 5.5, 5.375, 5.75], "texture": "#0"},
				"south": {"uv": [5.5, 5.625, 5.75, 5.875], "texture": "#0"},
				"west": {"uv": [5.75, 0.5, 6, 0.75], "texture": "#0"},
				"up": {"uv": [6, 5.25, 5.75, 5], "texture": "#0"},
				"down": {"uv": [5.375, 5.875, 5.125, 6.125], "texture": "#0"}
			}
		},
		{
			"from": [18, 10.5, 6.5],
			"to": [21, 11.5, 9.5],
			"faces": {
				"north": {"uv": [5.5, 6, 5.875, 6.125], "texture": "#0"},
				"east": {"uv": [6, 6, 6.375, 6.125], "texture": "#0"},
				"south": {"uv": [6.125, 0.5, 6.5, 0.625], "texture": "#0"},
				"west": {"uv": [4.375, 6.125, 4.75, 6.25], "texture": "#0"},
				"up": {"uv": [4.75, 0.375, 4.375, 0], "texture": "#0"},
				"down": {"uv": [4.75, 0.5, 4.375, 0.875], "texture": "#0"}
			}
		},
		{
			"from": [6.5, 6, 6.5],
			"to": [9.5, 9, 9.5],
			"rotation": {"angle": 0, "axis": "y", "origin": [1.5, 6, 6.5]},
			"faces": {
				"north": {"uv": [4.375, 1, 4.75, 1.375], "texture": "#0"},
				"east": {"uv": [4.375, 1.5, 4.75, 1.875], "texture": "#0"},
				"south": {"uv": [4.375, 2, 4.75, 2.375], "texture": "#0"},
				"west": {"uv": [4.375, 2.5, 4.75, 2.875], "texture": "#0"},
				"up": {"uv": [4.75, 3.375, 4.375, 3], "texture": "#0"},
				"down": {"uv": [4.75, 3.5, 4.375, 3.875], "texture": "#0"}
			}
		},
		{
			"from": [5.5, 8, 7.95],
			"to": [8.5, 11, 7.95],
			"rotation": {"angle": 45, "axis": "z", "origin": [8, 10.5, 8]},
			"faces": {
				"north": {"uv": [4.375, 4, 4.75, 4.375], "texture": "#0"},
				"east": {"uv": [6.375, 3, 6.375, 3.375], "texture": "#0"},
				"south": {"uv": [4.375, 4.5, 4.75, 4.875], "texture": "#0"},
				"west": {"uv": [6.375, 3.5, 6.375, 3.875], "texture": "#0"},
				"up": {"uv": [5.75, 0.875, 5.375, 0.875], "texture": "#0"},
				"down": {"uv": [6.75, 4, 6.375, 4], "texture": "#0"}
			}
		},
		{
			"from": [-4, 10, 7.5],
			"to": [-3, 14, 8.5],
			"faces": {
				"north": {"uv": [6, 5.375, 5.875, 5.875], "texture": "#0"},
				"east": {"uv": [6.125, 2.125, 6, 2.625], "texture": "#0"},
				"south": {"uv": [6.125, 1.5, 6, 2], "texture": "#0"},
				"west": {"uv": [6.125, 0.875, 6, 1.375], "texture": "#0"},
				"up": {"uv": [5.875, 6.375, 6, 6.25], "texture": "#0"},
				"down": {"uv": [6.125, 6.25, 6.25, 6.375], "texture": "#0"}
			}
		},
		{
			"from": [-4.5, 11, 7],
			"to": [-2.5, 13, 9],
			"faces": {
				"north": {"uv": [6.25, 2.75, 6, 3], "texture": "#0"},
				"east": {"uv": [6.25, 3.875, 6, 4.125], "texture": "#0"},
				"south": {"uv": [6.25, 3.5, 6, 3.75], "texture": "#0"},
				"west": {"uv": [6.25, 3.125, 6, 3.375], "texture": "#0"},
				"up": {"uv": [6, 4.5, 6.25, 4.25], "texture": "#0"},
				"down": {"uv": [6, 4.625, 6.25, 4.875], "texture": "#0"}
			}
		},
		{
			"from": [-5, 10.5, 6.5],
			"to": [-2, 11.5, 9.5],
			"faces": {
				"north": {"uv": [6.5, 5, 6.125, 5.125], "texture": "#0"},
				"east": {"uv": [6.5, 5.75, 6.125, 5.875], "texture": "#0"},
				"south": {"uv": [6.5, 5.5, 6.125, 5.625], "texture": "#0"},
				"west": {"uv": [6.5, 5.25, 6.125, 5.375], "texture": "#0"},
				"up": {"uv": [4.875, 0.375, 5.25, 0], "texture": "#0"},
				"down": {"uv": [4.875, 0.5, 5.25, 0.875], "texture": "#0"}
			}
		},
		{
			"from": [-3.50418, 18.49267, 7.525],
			"to": [4.49582, 19.49267, 8.475],
			"rotation": {"angle": -22.5, "axis": "z", "origin": [0.49582, 18.99267, 8]},
			"faces": {
				"north": {"uv": [4.375, 5, 5.375, 5.125], "texture": "#0"},
				"east": {"uv": [6.25, 2.5, 6.375, 2.625], "texture": "#0"},
				"south": {"uv": [4.375, 5.25, 5.375, 5.375], "texture": "#0"},
				"west": {"uv": [5.125, 6.25, 5.25, 6.375], "texture": "#0"},
				"up": {"uv": [6.375, 0.125, 5.375, 0], "texture": "#0"},
				"down": {"uv": [6.375, 0.25, 5.375, 0.375], "texture": "#0"}
			}
		},
		{
			"from": [4, 17, 7.5],
			"to": [12, 18, 8.5],
			"rotation": {"angle": 0, "axis": "y", "origin": [3, 31.5, 1]},
			"faces": {
				"north": {"uv": [4.875, 3, 5.875, 3.125], "texture": "#0"},
				"east": {"uv": [6.25, 1.5, 6.375, 1.625], "texture": "#0"},
				"south": {"uv": [4.875, 3.25, 5.875, 3.375], "texture": "#0"},
				"west": {"uv": [6.25, 1.75, 6.375, 1.875], "texture": "#0"},
				"up": {"uv": [5.875, 3.625, 4.875, 3.5], "texture": "#0"},
				"down": {"uv": [5.875, 3.75, 4.875, 3.875], "texture": "#0"}
			}
		},
		{
			"from": [11.50418, 18.49267, 7.525],
			"to": [19.50418, 19.49267, 8.475],
			"rotation": {"angle": 22.5, "axis": "z", "origin": [15.50418, 18.99267, 8]},
			"faces": {
				"north": {"uv": [4.875, 2, 5.875, 2.125], "texture": "#0"},
				"east": {"uv": [6.25, 1, 6.375, 1.125], "texture": "#0"},
				"south": {"uv": [4.875, 2.25, 5.875, 2.375], "texture": "#0"},
				"west": {"uv": [6.25, 1.25, 6.375, 1.375], "texture": "#0"},
				"up": {"uv": [5.875, 2.625, 4.875, 2.5], "texture": "#0"},
				"down": {"uv": [5.875, 2.75, 4.875, 2.875], "texture": "#0"}
			}
		},
		{
			"from": [17.86591, 22.74345, 7.55],
			"to": [25.86591, 23.74345, 8.45],
			"rotation": {"angle": 45, "axis": "z", "origin": [21.86591, 23.24345, 8]},
			"faces": {
				"north": {"uv": [4.875, 1, 5.875, 1.125], "texture": "#0"},
				"east": {"uv": [4.875, 6.125, 5, 6.25], "texture": "#0"},
				"south": {"uv": [4.875, 1.25, 5.875, 1.375], "texture": "#0"},
				"west": {"uv": [6.25, 0.75, 6.375, 0.875], "texture": "#0"},
				"up": {"uv": [5.875, 1.625, 4.875, 1.5], "texture": "#0"},
				"down": {"uv": [5.875, 1.75, 4.875, 1.875], "texture": "#0"}
			}
		},
		{
			"from": [-9.86591, 22.74345, 7.55],
			"to": [-1.86591, 23.74345, 8.45],
			"rotation": {"angle": -45, "axis": "z", "origin": [-5.86591, 23.24345, 8]},
			"faces": {
				"north": {"uv": [4.875, 4, 5.875, 4.125], "texture": "#0"},
				"east": {"uv": [6.25, 2, 6.375, 2.125], "texture": "#0"},
				"south": {"uv": [4.875, 4.25, 5.875, 4.375], "texture": "#0"},
				"west": {"uv": [6.25, 2.25, 6.375, 2.375], "texture": "#0"},
				"up": {"uv": [5.875, 4.625, 4.875, 4.5], "texture": "#0"},
				"down": {"uv": [5.875, 4.75, 4.875, 4.875], "texture": "#0"}
			}
		}
	],
	"gui_light": "front",
	"display": {
		"thirdperson_righthand": {
			"translation": [0, -2, 1],
			"scale": [0.25, 0.25, 0.25]
		},
		"thirdperson_lefthand": {
			"translation": [0, -2, 1],
			"scale": [0.25, 0.25, 0.25]
		},
		"firstperson_righthand": {
			"translation": [0, 0, 2.25],
			"scale": [0.2, 0.2, 0.2]
		},
		"firstperson_lefthand": {
			"translation": [0, 0, 2.25],
			"scale": [0.2, 0.2, 0.2]
		},
		"ground": {
			"scale": [0.2, 0.2, 0.2]
		},
		"gui": {
			"rotation": [17, 15, 0],
			"translation": [0, -5.5, 0],
			"scale": [0.45, 0.45, 0.45]
		},
		"head": {
			"translation": [0, -14.25, -4],
			"scale": [0.4, 0.4, 0.4]
		},
		"fixed": {
			"translation": [0, -31.75, -1],
			"scale": [1.883, 1.883, 1.883]
		}
	},
	"groups": [
		0,
		1,
		{
			"name": "bell",
			"origin": [0, 0, 0],
			"color": 0,
			"children": [2, 3, 4]
		},
		{
			"name": "gift",
			"origin": [6.5, 4.5, 1.5],
			"color": 0,
			"children": [5, 6]
		},
		{
			"name": "bell",
			"origin": [0, 0, 0],
			"color": 0,
			"children": [7, 8, 9]
		},
		{
			"name": "group",
			"origin": [-5.86591, 23.24345, 8],
			"color": 0,
			"children": [10, 11, 12, 13, 14]
		}
	]
}