{
	"credit": "Made with Blockbench",
	"texture_size": [128, 128],
	"textures": {
		"0": "toffy/xmasdecor/toffy_xmasdecor_basketanim",
		"particle": "toffy/xmasdecor/toffy_xmasdecor_basketanim"
	},
	"elements": [
		{
			"from": [5, 8, 5],
			"to": [11, 9, 11],
			"faces": {
				"north": {"uv": [1.375, 4.375, 2.125, 4.5], "texture": "#0"},
				"east": {"uv": [5.5, 1.375, 6.25, 1.5], "texture": "#0"},
				"south": {"uv": [5.5, 1.625, 6.25, 1.75], "texture": "#0"},
				"west": {"uv": [5.5, 1.875, 6.25, 2], "texture": "#0"},
				"up": {"uv": [3, 4, 2.25, 3.25], "texture": "#0"},
				"down": {"uv": [3.875, 3.25, 3.125, 4], "texture": "#0"}
			}
		},
		{
			"from": [4, 9, 4],
			"to": [12, 12, 12],
			"faces": {
				"north": {"uv": [4, 3.25, 5, 3.625], "texture": "#0"},
				"east": {"uv": [4, 3.75, 5, 4.125], "texture": "#0"},
				"south": {"uv": [2.25, 4.125, 3.25, 4.5], "texture": "#0"},
				"west": {"uv": [3.375, 4.25, 4.375, 4.625], "texture": "#0"},
				"up": {"uv": [1, 4.25, 0, 3.25], "texture": "#0"},
				"down": {"uv": [2.125, 3.25, 1.125, 4.25], "texture": "#0"}
			}
		},
		{
			"from": [3, 11, 3],
			"to": [4, 13, 13],
			"faces": {
				"north": {"uv": [2.5, 5.375, 2.625, 5.625], "texture": "#0"},
				"east": {"uv": [0, 4.375, 1.25, 4.625], "texture": "#0"},
				"south": {"uv": [5.625, 3.25, 5.75, 3.5], "texture": "#0"},
				"west": {"uv": [4.5, 4.25, 5.75, 4.5], "texture": "#0"},
				"up": {"uv": [2.875, 5.875, 2.75, 4.625], "texture": "#0"},
				"down": {"uv": [3.125, 4.625, 3, 5.875], "texture": "#0"}
			}
		},
		{
			"from": [12, 11, 3],
			"to": [13, 13, 13],
			"faces": {
				"north": {"uv": [6.125, 0.375, 6.25, 0.625], "texture": "#0"},
				"east": {"uv": [1.375, 4.625, 2.625, 4.875], "texture": "#0"},
				"south": {"uv": [6.125, 0.75, 6.25, 1], "texture": "#0"},
				"west": {"uv": [4.5, 4.625, 5.75, 4.875], "texture": "#0"},
				"up": {"uv": [1.25, 6, 1.125, 4.75], "texture": "#0"},
				"down": {"uv": [4.875, 1.125, 4.75, 2.375], "texture": "#0"}
			}
		},
		{
			"from": [4, 11, 12],
			"to": [12, 13, 13],
			"faces": {
				"north": {"uv": [0, 4.75, 1, 5], "texture": "#0"},
				"east": {"uv": [1, 6.125, 1.125, 6.375], "texture": "#0"},
				"south": {"uv": [4.75, 0, 5.75, 0.25], "texture": "#0"},
				"west": {"uv": [1.25, 6.125, 1.375, 6.375], "texture": "#0"},
				"up": {"uv": [6.375, 5.125, 5.375, 5], "texture": "#0"},
				"down": {"uv": [6.375, 5.25, 5.375, 5.375], "texture": "#0"}
			}
		},
		{
			"from": [4, 11, 3],
			"to": [12, 13, 4],
			"faces": {
				"north": {"uv": [4.75, 0.375, 5.75, 0.625], "texture": "#0"},
				"east": {"uv": [1.5, 6.125, 1.625, 6.375], "texture": "#0"},
				"south": {"uv": [4.75, 0.75, 5.75, 1], "texture": "#0"},
				"west": {"uv": [1.75, 6.125, 1.875, 6.375], "texture": "#0"},
				"up": {"uv": [6.5, 1.25, 5.5, 1.125], "texture": "#0"},
				"down": {"uv": [2.375, 5.5, 1.375, 5.625], "texture": "#0"}
			}
		},
		{
			"from": [7.5, 15.76197, 5.38669],
			"to": [8.5, 17.76197, 6.38669],
			"rotation": {"angle": 45, "axis": "x", "origin": [8, 18.26197, 5.88669]},
			"faces": {
				"north": {"uv": [2.125, 5.75, 2.25, 6], "texture": "#0"},
				"east": {"uv": [2.375, 5.75, 2.5, 6], "texture": "#0"},
				"south": {"uv": [5.875, 0, 6, 0.25], "texture": "#0"},
				"west": {"uv": [5.875, 0.375, 6, 0.625], "texture": "#0"},
				"up": {"uv": [6.25, 3.375, 6.125, 3.25], "texture": "#0"},
				"down": {"uv": [4.375, 6.125, 4.25, 6.25], "texture": "#0"}
			}
		},
		{
			"from": [7.5, 15.76197, 9.61331],
			"to": [8.5, 17.76197, 10.61331],
			"rotation": {"angle": -45, "axis": "x", "origin": [8, 18.26197, 10.11331]},
			"faces": {
				"north": {"uv": [5.875, 5.875, 6, 6.125], "texture": "#0"},
				"east": {"uv": [0, 6, 0.125, 6.25], "texture": "#0"},
				"south": {"uv": [0.25, 6, 0.375, 6.25], "texture": "#0"},
				"west": {"uv": [0.5, 6, 0.625, 6.25], "texture": "#0"},
				"up": {"uv": [6.375, 2.25, 6.25, 2.125], "texture": "#0"},
				"down": {"uv": [6.375, 2.375, 6.25, 2.5], "texture": "#0"}
			}
		},
		{
			"from": [7.525, 18.25674, 5.18062],
			"to": [8.475, 19.25674, 7.18062],
			"rotation": {"angle": -22.5, "axis": "x", "origin": [8, 18.75674, 7.68062]},
			"faces": {
				"north": {"uv": [4.875, 6.125, 5, 6.25], "texture": "#0"},
				"east": {"uv": [5.625, 4, 5.875, 4.125], "texture": "#0"},
				"south": {"uv": [5.125, 6.125, 5.25, 6.25], "texture": "#0"},
				"west": {"uv": [5.875, 3.625, 6.125, 3.75], "texture": "#0"},
				"up": {"uv": [3.875, 6.125, 3.75, 5.875], "texture": "#0"},
				"down": {"uv": [4.125, 5.875, 4, 6.125], "texture": "#0"}
			}
		},
		{
			"from": [7.525, 18.25674, 8.81938],
			"to": [8.475, 19.25674, 10.81938],
			"rotation": {"angle": 22.5, "axis": "x", "origin": [8, 18.75674, 8.31938]},
			"faces": {
				"north": {"uv": [6.125, 5.75, 6.25, 5.875], "texture": "#0"},
				"east": {"uv": [4.875, 5.875, 5.125, 6], "texture": "#0"},
				"south": {"uv": [6.125, 6, 6.25, 6.125], "texture": "#0"},
				"west": {"uv": [5.25, 5.875, 5.5, 6], "texture": "#0"},
				"up": {"uv": [6, 5.75, 5.875, 5.5], "texture": "#0"},
				"down": {"uv": [5.75, 5.875, 5.625, 6.125], "texture": "#0"}
			}
		},
		{
			"from": [7.5, 18.02734, 7.02734],
			"to": [8.5, 19.02734, 9.02734],
			"rotation": {"angle": 0, "axis": "y", "origin": [8, 18.52734, 9.52734]},
			"faces": {
				"north": {"uv": [5.375, 6.125, 5.5, 6.25], "texture": "#0"},
				"east": {"uv": [4.25, 5.875, 4.5, 6], "texture": "#0"},
				"south": {"uv": [6.125, 5.5, 6.25, 5.625], "texture": "#0"},
				"west": {"uv": [5.875, 4.25, 6.125, 4.375], "texture": "#0"},
				"up": {"uv": [6, 4.75, 5.875, 4.5], "texture": "#0"},
				"down": {"uv": [4.75, 5.875, 4.625, 6.125], "texture": "#0"}
			}
		},
		{
			"from": [7.525, 14.45883, -2.27937],
			"to": [8.475, 16.45883, -1.27937],
			"rotation": {"angle": 22.5, "axis": "x", "origin": [-4.5, 1.45883, 1.72063]},
			"faces": {
				"north": {"uv": [5.625, 3.625, 5.75, 3.875], "texture": "#0"},
				"east": {"uv": [1.375, 5.75, 1.5, 6], "texture": "#0"},
				"south": {"uv": [1.625, 5.75, 1.75, 6], "texture": "#0"},
				"west": {"uv": [1.875, 5.75, 2, 6], "texture": "#0"},
				"up": {"uv": [2.125, 6.25, 2, 6.125], "texture": "#0"},
				"down": {"uv": [2.375, 6.125, 2.25, 6.25], "texture": "#0"}
			}
		},
		{
			"from": [7.525, 14.45883, 17.27937],
			"to": [8.475, 16.45883, 18.27937],
			"rotation": {"angle": -22.5, "axis": "x", "origin": [-4.5, 1.45883, 14.27937]},
			"faces": {
				"north": {"uv": [0.75, 6, 0.875, 6.25], "texture": "#0"},
				"east": {"uv": [6, 2.125, 6.125, 2.375], "texture": "#0"},
				"south": {"uv": [6, 2.5, 6.125, 2.75], "texture": "#0"},
				"west": {"uv": [2.625, 6, 2.75, 6.25], "texture": "#0"},
				"up": {"uv": [6.375, 2.75, 6.25, 2.625], "texture": "#0"},
				"down": {"uv": [6.375, 2.875, 6.25, 3], "texture": "#0"}
			}
		},
		{
			"from": [7.5, 13, 3],
			"to": [8.5, 15, 4],
			"rotation": {"angle": 0, "axis": "y", "origin": [-9, 0, 7]},
			"faces": {
				"north": {"uv": [5.875, 0.75, 6, 1], "texture": "#0"},
				"east": {"uv": [3.25, 5.875, 3.375, 6.125], "texture": "#0"},
				"south": {"uv": [5.875, 3.25, 6, 3.5], "texture": "#0"},
				"west": {"uv": [3.5, 5.875, 3.625, 6.125], "texture": "#0"},
				"up": {"uv": [6.25, 4.625, 6.125, 4.5], "texture": "#0"},
				"down": {"uv": [6.25, 4.75, 6.125, 4.875], "texture": "#0"}
			}
		},
		{
			"from": [7.5, 13, 12],
			"to": [8.5, 15, 13],
			"rotation": {"angle": 0, "axis": "y", "origin": [-9, 0, 9]},
			"faces": {
				"north": {"uv": [2.875, 6, 3, 6.25], "texture": "#0"},
				"east": {"uv": [6, 2.875, 6.125, 3.125], "texture": "#0"},
				"south": {"uv": [6, 3.875, 6.125, 4.125], "texture": "#0"},
				"west": {"uv": [6.125, 0, 6.25, 0.25], "texture": "#0"},
				"up": {"uv": [3.25, 6.375, 3.125, 6.25], "texture": "#0"},
				"down": {"uv": [3.5, 6.25, 3.375, 6.375], "texture": "#0"}
			}
		},
		{
			"from": [10, 6, -1],
			"to": [10, 18, 17],
			"rotation": {"angle": 0, "axis": "y", "origin": [8, 12, 8]},
			"faces": {
				"north": {"uv": [2.5, 6.125, 2.5, 7.625], "texture": "#0"},
				"east": {"uv": [0, 0, 2.25, 1.5], "texture": "#0"},
				"south": {"uv": [4.125, 6.25, 4.125, 7.75], "texture": "#0"},
				"west": {"uv": [0, 1.625, 2.25, 3.125], "texture": "#0"},
				"up": {"uv": [4.75, 8.5, 4.75, 6.25], "texture": "#0"},
				"down": {"uv": [0.25, 6.375, 0.25, 8.625], "texture": "#0"}
			}
		},
		{
			"from": [-1, 5, 6],
			"to": [17, 17, 6],
			"rotation": {"angle": 0, "axis": "y", "origin": [8, 12, 8]},
			"faces": {
				"north": {"uv": [0, 0, 2.25, 1.5], "texture": "#0"},
				"east": {"uv": [4.125, 6.25, 4.125, 7.75], "texture": "#0"},
				"south": {"uv": [0, 1.625, 2.25, 3.125], "texture": "#0"},
				"west": {"uv": [2.5, 6.125, 2.5, 7.625], "texture": "#0"},
				"up": {"uv": [4.75, 6.25, 4.75, 8.5], "rotation": 90, "texture": "#0"},
				"down": {"uv": [0.25, 8.625, 0.25, 6.375], "rotation": 270, "texture": "#0"}
			}
		},
		{
			"from": [-1.5, 6, 10],
			"to": [16.5, 18, 10],
			"rotation": {"angle": 0, "axis": "y", "origin": [8, 12, 8]},
			"faces": {
				"north": {"uv": [0, 1.625, 2.25, 3.125], "texture": "#0"},
				"east": {"uv": [2.5, 6.125, 2.5, 7.625], "texture": "#0"},
				"south": {"uv": [0, 0, 2.25, 1.5], "texture": "#0"},
				"west": {"uv": [4.125, 6.25, 4.125, 7.75], "texture": "#0"},
				"up": {"uv": [4.75, 8.5, 4.75, 6.25], "rotation": 90, "texture": "#0"},
				"down": {"uv": [0.25, 6.375, 0.25, 8.625], "rotation": 270, "texture": "#0"}
			}
		},
		{
			"from": [6, 5.5, -1.5],
			"to": [6, 17.5, 16.5],
			"rotation": {"angle": 0, "axis": "y", "origin": [8, 12, 8]},
			"faces": {
				"north": {"uv": [4.125, 6.25, 4.125, 7.75], "texture": "#0"},
				"east": {"uv": [0, 1.625, 2.25, 3.125], "texture": "#0"},
				"south": {"uv": [2.5, 6.125, 2.5, 7.625], "texture": "#0"},
				"west": {"uv": [0, 0, 2.25, 1.5], "texture": "#0"},
				"up": {"uv": [4.75, 6.25, 4.75, 8.5], "texture": "#0"},
				"down": {"uv": [0.25, 8.625, 0.25, 6.375], "texture": "#0"}
			}
		},
		{
			"from": [1, 8, 9.75],
			"to": [2, 9, 10.75],
			"rotation": {"angle": -22.5, "axis": "z", "origin": [1.5, 10.5, 11.5]},
			"faces": {
				"north": {"uv": [4.5, 6.25, 4.625, 6.375], "texture": "#0"},
				"east": {"uv": [5.625, 6.25, 5.75, 6.375], "texture": "#0"},
				"south": {"uv": [5.875, 6.25, 6, 6.375], "texture": "#0"},
				"west": {"uv": [6.125, 6.25, 6.25, 6.375], "texture": "#0"},
				"up": {"uv": [0.125, 6.5, 0, 6.375], "texture": "#0"},
				"down": {"uv": [6.5, 0, 6.375, 0.125], "texture": "#0"}
			}
		},
		{
			"from": [0.5, 8.75, 9.25],
			"to": [2.5, 13.75, 11.25],
			"rotation": {"angle": -22.5, "axis": "z", "origin": [1.5, 10.5, 11.5]},
			"faces": {
				"north": {"uv": [4.75, 2.5, 5, 3.125], "texture": "#0"},
				"east": {"uv": [3.25, 4.75, 3.5, 5.375], "texture": "#0"},
				"south": {"uv": [3.625, 4.75, 3.875, 5.375], "texture": "#0"},
				"west": {"uv": [4, 4.75, 4.25, 5.375], "texture": "#0"},
				"up": {"uv": [5.875, 2.75, 5.625, 2.5], "texture": "#0"},
				"down": {"uv": [5.875, 2.875, 5.625, 3.125], "texture": "#0"}
			}
		},
		{
			"from": [0, 10.25, 8.75],
			"to": [3, 13.25, 11.75],
			"rotation": {"angle": -22.5, "axis": "z", "origin": [1.5, 10.5, 11.5]},
			"faces": {
				"north": {"uv": [0, 5.125, 0.375, 5.5], "texture": "#0"},
				"east": {"uv": [0.5, 5.125, 0.875, 5.5], "texture": "#0"},
				"south": {"uv": [5.125, 2.125, 5.5, 2.5], "texture": "#0"},
				"west": {"uv": [5.125, 2.625, 5.5, 3], "texture": "#0"},
				"up": {"uv": [5.5, 3.5, 5.125, 3.125], "texture": "#0"},
				"down": {"uv": [5.5, 3.625, 5.125, 4], "texture": "#0"}
			}
		},
		{
			"from": [4.5, 14.75, 5.75],
			"to": [6.5, 16.75, 7.75],
			"rotation": {"angle": 45, "axis": "x", "origin": [6, 16, 7]},
			"faces": {
				"north": {"uv": [2.375, 5, 2.625, 5.25], "texture": "#0"},
				"east": {"uv": [3.25, 5.5, 3.5, 5.75], "texture": "#0"},
				"south": {"uv": [3.625, 5.5, 3.875, 5.75], "texture": "#0"},
				"west": {"uv": [4, 5.5, 4.25, 5.75], "texture": "#0"},
				"up": {"uv": [4.625, 5.75, 4.375, 5.5], "texture": "#0"},
				"down": {"uv": [5, 5.5, 4.75, 5.75], "texture": "#0"}
			}
		},
		{
			"from": [3, 13.75, 6.75],
			"to": [5, 15.75, 8.75],
			"rotation": {"angle": -22.5, "axis": "x", "origin": [4, 16, 6.5]},
			"faces": {
				"north": {"uv": [5.125, 5.5, 5.375, 5.75], "texture": "#0"},
				"east": {"uv": [5.5, 5.5, 5.75, 5.75], "texture": "#0"},
				"south": {"uv": [0, 5.625, 0.25, 5.875], "texture": "#0"},
				"west": {"uv": [0.375, 5.625, 0.625, 5.875], "texture": "#0"},
				"up": {"uv": [1, 5.875, 0.75, 5.625], "texture": "#0"},
				"down": {"uv": [5.875, 2.125, 5.625, 2.375], "texture": "#0"}
			}
		},
		{
			"from": [3, 14, 6],
			"to": [4, 15, 7],
			"rotation": {"angle": 22.5, "axis": "x", "origin": [3.5, 14.5, 6.5]},
			"faces": {
				"north": {"uv": [6.25, 3.5, 6.375, 3.625], "texture": "#0"},
				"east": {"uv": [3.625, 6.25, 3.75, 6.375], "texture": "#0"},
				"south": {"uv": [6.25, 3.75, 6.375, 3.875], "texture": "#0"},
				"west": {"uv": [3.875, 6.25, 4, 6.375], "texture": "#0"},
				"up": {"uv": [6.375, 4.125, 6.25, 4], "texture": "#0"},
				"down": {"uv": [6.375, 4.25, 6.25, 4.375], "texture": "#0"}
			}
		},
		{
			"from": [11, 13.75, 8.75],
			"to": [12, 14.75, 9.75],
			"rotation": {"angle": -22.5, "axis": "x", "origin": [12, 13, 10.5]},
			"faces": {
				"north": {"uv": [6.25, 3.75, 6.375, 3.875], "texture": "#0"},
				"east": {"uv": [3.875, 6.25, 4, 6.375], "texture": "#0"},
				"south": {"uv": [6.25, 3.5, 6.375, 3.625], "texture": "#0"},
				"west": {"uv": [3.625, 6.25, 3.75, 6.375], "texture": "#0"},
				"up": {"uv": [6.25, 4, 6.375, 4.125], "texture": "#0"},
				"down": {"uv": [6.25, 4.375, 6.375, 4.25], "texture": "#0"}
			}
		},
		{
			"from": [9.025, 14.25, 9],
			"to": [11.025, 16.25, 11],
			"rotation": {"angle": -45, "axis": "x", "origin": [9.525, 14.5, 10]},
			"faces": {
				"north": {"uv": [3.625, 5.5, 3.875, 5.75], "texture": "#0"},
				"east": {"uv": [4, 5.5, 4.25, 5.75], "texture": "#0"},
				"south": {"uv": [2.375, 5, 2.625, 5.25], "texture": "#0"},
				"west": {"uv": [3.25, 5.5, 3.5, 5.75], "texture": "#0"},
				"up": {"uv": [4.375, 5.5, 4.625, 5.75], "texture": "#0"},
				"down": {"uv": [4.75, 5.75, 5, 5.5], "texture": "#0"}
			}
		},
		{
			"from": [10.025, 13, 10],
			"to": [12.025, 15, 12],
			"rotation": {"angle": 22.5, "axis": "x", "origin": [11.525, 14.5, 10.5]},
			"faces": {
				"north": {"uv": [0, 5.625, 0.25, 5.875], "texture": "#0"},
				"east": {"uv": [0.375, 5.625, 0.625, 5.875], "texture": "#0"},
				"south": {"uv": [5.125, 5.5, 5.375, 5.75], "texture": "#0"},
				"west": {"uv": [5.5, 5.5, 5.75, 5.75], "texture": "#0"},
				"up": {"uv": [0.75, 5.625, 1, 5.875], "texture": "#0"},
				"down": {"uv": [5.625, 2.375, 5.875, 2.125], "texture": "#0"}
			}
		},
		{
			"from": [6.25, 10.75, 12.5],
			"to": [9.25, 13.75, 15.5],
			"rotation": {"angle": -22.5, "axis": "x", "origin": [7.75, 12.5, 13.5]},
			"faces": {
				"north": {"uv": [1.375, 5, 1.75, 5.375], "texture": "#0"},
				"east": {"uv": [5, 1.625, 5.375, 2], "texture": "#0"},
				"south": {"uv": [1.875, 5, 2.25, 5.375], "texture": "#0"},
				"west": {"uv": [5, 1.125, 5.375, 1.5], "texture": "#0"},
				"up": {"uv": [4.75, 5.375, 4.375, 5], "rotation": 270, "texture": "#0"},
				"down": {"uv": [5.25, 5, 4.875, 5.375], "rotation": 90, "texture": "#0"}
			}
		},
		{
			"from": [8.75, 10.75, 0.5],
			"to": [11.75, 13.75, 3.5],
			"rotation": {"angle": 22.5, "axis": "x", "origin": [8.25, 12.5, 2.5]},
			"faces": {
				"north": {"uv": [1.875, 5, 2.25, 5.375], "texture": "#0"},
				"east": {"uv": [5, 1.125, 5.375, 1.5], "texture": "#0"},
				"south": {"uv": [1.375, 5, 1.75, 5.375], "texture": "#0"},
				"west": {"uv": [5, 1.625, 5.375, 2], "texture": "#0"},
				"up": {"uv": [4.375, 5, 4.75, 5.375], "rotation": 270, "texture": "#0"},
				"down": {"uv": [4.875, 5.375, 5.25, 5], "rotation": 90, "texture": "#0"}
			}
		},
		{
			"from": [14, 8, 5.25],
			"to": [15, 9, 6.25],
			"rotation": {"angle": 22.5, "axis": "z", "origin": [14.5, 10.5, 4.5]},
			"faces": {
				"north": {"uv": [5.875, 6.25, 6, 6.375], "texture": "#0"},
				"east": {"uv": [6.125, 6.25, 6.25, 6.375], "texture": "#0"},
				"south": {"uv": [4.5, 6.25, 4.625, 6.375], "texture": "#0"},
				"west": {"uv": [5.625, 6.25, 5.75, 6.375], "texture": "#0"},
				"up": {"uv": [0, 6.375, 0.125, 6.5], "texture": "#0"},
				"down": {"uv": [6.375, 0.125, 6.5, 0], "texture": "#0"}
			}
		},
		{
			"from": [13.5, 8.75, 4.75],
			"to": [15.5, 13.75, 6.75],
			"rotation": {"angle": 22.5, "axis": "z", "origin": [14.5, 10.5, 4.5]},
			"faces": {
				"north": {"uv": [3.625, 4.75, 3.875, 5.375], "texture": "#0"},
				"east": {"uv": [4, 4.75, 4.25, 5.375], "texture": "#0"},
				"south": {"uv": [4.75, 2.5, 5, 3.125], "texture": "#0"},
				"west": {"uv": [3.25, 4.75, 3.5, 5.375], "texture": "#0"},
				"up": {"uv": [5.625, 2.5, 5.875, 2.75], "texture": "#0"},
				"down": {"uv": [5.625, 3.125, 5.875, 2.875], "texture": "#0"}
			}
		},
		{
			"from": [13, 10.25, 4.25],
			"to": [16, 13.25, 7.25],
			"rotation": {"angle": 22.5, "axis": "z", "origin": [14.5, 10.5, 4.5]},
			"faces": {
				"north": {"uv": [5.125, 2.125, 5.5, 2.5], "texture": "#0"},
				"east": {"uv": [5.125, 2.625, 5.5, 3], "texture": "#0"},
				"south": {"uv": [0, 5.125, 0.375, 5.5], "texture": "#0"},
				"west": {"uv": [0.5, 5.125, 0.875, 5.5], "texture": "#0"},
				"up": {"uv": [5.125, 3.125, 5.5, 3.5], "texture": "#0"},
				"down": {"uv": [5.125, 4, 5.5, 3.625], "texture": "#0"}
			}
		}
	],
	"gui_light": "front",
	"display": {
		"thirdperson_righthand": {
			"rotation": [90, 0, 0],
			"translation": [0, -2, -6.5],
			"scale": [0.8, 0.8, 0.8]
		},
		"thirdperson_lefthand": {
			"rotation": [90, 0, 0],
			"translation": [0, -2, -6.5],
			"scale": [0.8, 0.8, 0.8]
		},
		"firstperson_righthand": {
			"scale": [0.7, 0.7, 0.7]
		},
		"firstperson_lefthand": {
			"scale": [0.7, 0.7, 0.7]
		},
		"ground": {
			"scale": [0.5, 0.5, 0.5]
		},
		"gui": {
			"rotation": [12, 114, 0],
			"translation": [0, -3.75, 0],
			"scale": [0.85, 0.85, 0.85]
		},
		"head": {
			"rotation": [0, -90, 0],
			"translation": [0, 6, 0],
			"scale": [1.81, 1.81, 1.81]
		},
		"fixed": {
			"rotation": [-90, -90, 0],
			"translation": [0, 0, -0.25],
			"scale": [2, 2, 2]
		}
	},
	"groups": [
		{
			"name": "basket",
			"origin": [0, 0, 0],
			"color": 0,
			"children": [0, 1, 2, 3, 4, 5]
		},
		{
			"name": "handle",
			"origin": [-4.5, -0.54117, 1.72063],
			"color": 0,
			"children": [6, 7, 8, 9, 10, 11, 12, 13, 14]
		},
		{
			"name": "greens",
			"origin": [8, 12, 8],
			"color": 0,
			"children": [15, 16, 17, 18]
		},
		{
			"name": "group",
			"origin": [0, 0, 0],
			"color": 0,
			"children": [19, 20, 21]
		},
		22,
		23,
		24,
		25,
		26,
		27,
		28,
		29,
		{
			"name": "group",
			"origin": [0, 0, 0],
			"color": 0,
			"children": [30, 31, 32]
		}
	]
}