{
	"credit": "Made with Blockbench",
	"texture_size": [128, 128],
	"textures": {
		"0": "toffy/xmasdecor/toffy_xmasdecor_wreath",
		"particle": "toffy/xmasdecor/toffy_xmasdecor_wreath"
	},
	"elements": [
		{
			"name": "flat_green",
			"from": [6.975, -3.25, -2.5],
			"to": [6.975, 17.75, 18.5],
			"rotation": {"angle": 0, "axis": "y", "origin": [-1, 3, 7]},
			"faces": {
				"north": {"uv": [5.875, 7, 5.875, 9.625], "texture": "#0"},
				"east": {"uv": [0, 0, 2.625, 2.625], "texture": "#0"},
				"south": {"uv": [1.5, 7.5, 1.5, 10.125], "texture": "#0"},
				"west": {"uv": [0, 2.75, 2.625, 5.375], "texture": "#0"},
				"up": {"uv": [1.625, 10.125, 1.625, 7.5], "texture": "#0"},
				"down": {"uv": [1.75, 7.5, 1.75, 10.125], "texture": "#0"}
			}
		},
		{
			"name": "flat_green",
			"from": [9.025, -3.25, -2.5],
			"to": [9.025, 17.75, 18.5],
			"rotation": {"angle": 0, "axis": "y", "origin": [17, 3, 7]},
			"faces": {
				"north": {"uv": [5.875, 7, 5.875, 9.625], "texture": "#0"},
				"east": {"uv": [2.625, 2.75, 0, 5.375], "texture": "#0"},
				"south": {"uv": [1.5, 7.5, 1.5, 10.125], "texture": "#0"},
				"west": {"uv": [2.625, 0, 0, 2.625], "texture": "#0"},
				"up": {"uv": [1.625, 10.125, 1.625, 7.5], "texture": "#0"},
				"down": {"uv": [1.75, 7.5, 1.75, 10.125], "texture": "#0"}
			}
		},
		{
			"from": [7, 1.82843, 0.58579],
			"to": [9, 3.82843, 6.58579],
			"rotation": {"angle": 45, "axis": "x", "origin": [8, 2.82843, 3.58579]},
			"faces": {
				"north": {"uv": [7.25, 2.875, 7.5, 3.125], "texture": "#0"},
				"east": {"uv": [4, 5.5, 4.75, 5.75], "texture": "#0"},
				"south": {"uv": [3.25, 7.25, 3.5, 7.5], "texture": "#0"},
				"west": {"uv": [5.5, 4.5, 6.25, 4.75], "texture": "#0"},
				"up": {"uv": [5.125, 6.25, 4.875, 5.5], "texture": "#0"},
				"down": {"uv": [5.75, 4.875, 5.5, 5.625], "texture": "#0"}
			}
		},
		{
			"from": [7, 4.24264, 0.75736],
			"to": [9, 10.24264, 2.75736],
			"rotation": {"angle": 0, "axis": "y", "origin": [1, -0.75736, 0.75736]},
			"faces": {
				"north": {"uv": [5.875, 4.875, 6.125, 5.625], "texture": "#0"},
				"east": {"uv": [5.25, 6.125, 5.5, 6.875], "texture": "#0"},
				"south": {"uv": [5.625, 6.125, 5.875, 6.875], "texture": "#0"},
				"west": {"uv": [6.125, 5.75, 6.375, 6.5], "texture": "#0"},
				"up": {"uv": [7.5, 3.875, 7.25, 3.625], "texture": "#0"},
				"down": {"uv": [4.25, 7.25, 4, 7.5], "texture": "#0"}
			}
		},
		{
			"from": [7, 10.65685, 0.58579],
			"to": [9, 12.65685, 6.58579],
			"rotation": {"angle": -45, "axis": "x", "origin": [8, 11.65685, 3.58579]},
			"faces": {
				"north": {"uv": [7.25, 6, 7.5, 6.25], "texture": "#0"},
				"east": {"uv": [6.375, 3.25, 7.125, 3.5], "texture": "#0"},
				"south": {"uv": [7.25, 6.375, 7.5, 6.625], "texture": "#0"},
				"west": {"uv": [6.375, 4.375, 7.125, 4.625], "texture": "#0"},
				"up": {"uv": [5, 7.125, 4.75, 6.375], "texture": "#0"},
				"down": {"uv": [6.75, 5.75, 6.5, 6.5], "texture": "#0"}
			}
		},
		{
			"from": [7, 12.48528, 5],
			"to": [9, 14.48528, 11],
			"rotation": {"angle": 0, "axis": "y", "origin": [15, 14.48528, 16]},
			"faces": {
				"north": {"uv": [7.25, 6.75, 7.5, 7], "texture": "#0"},
				"east": {"uv": [6.625, 4.75, 7.375, 5], "texture": "#0"},
				"south": {"uv": [7.375, 2, 7.625, 2.25], "texture": "#0"},
				"west": {"uv": [6.625, 5.125, 7.375, 5.375], "texture": "#0"},
				"up": {"uv": [6.25, 7.375, 6, 6.625], "texture": "#0"},
				"down": {"uv": [6.625, 6.625, 6.375, 7.375], "texture": "#0"}
			}
		},
		{
			"from": [7, 10.65685, 9.41421],
			"to": [9, 12.65685, 15.41421],
			"rotation": {"angle": 45, "axis": "x", "origin": [8, 11.65685, 12.41421]},
			"faces": {
				"north": {"uv": [7.25, 4.375, 7.5, 4.625], "texture": "#0"},
				"east": {"uv": [5.875, 4, 6.625, 4.25], "texture": "#0"},
				"south": {"uv": [4.75, 7.25, 5, 7.5], "texture": "#0"},
				"west": {"uv": [6.375, 2.875, 7.125, 3.125], "texture": "#0"},
				"up": {"uv": [3.5, 7.125, 3.25, 6.375], "texture": "#0"},
				"down": {"uv": [3.875, 6.375, 3.625, 7.125], "texture": "#0"}
			}
		},
		{
			"from": [7, 4.24264, 13.24264],
			"to": [9, 10.24264, 15.24264],
			"rotation": {"angle": 0, "axis": "y", "origin": [1, -0.75736, 15.24264]},
			"faces": {
				"north": {"uv": [6.25, 4.875, 6.5, 5.625], "texture": "#0"},
				"east": {"uv": [2.125, 6.375, 2.375, 7.125], "texture": "#0"},
				"south": {"uv": [2.5, 6.375, 2.75, 7.125], "texture": "#0"},
				"west": {"uv": [2.875, 6.375, 3.125, 7.125], "texture": "#0"},
				"up": {"uv": [7.5, 4.25, 7.25, 4], "texture": "#0"},
				"down": {"uv": [4.625, 7.25, 4.375, 7.5], "texture": "#0"}
			}
		},
		{
			"from": [7, 1.82843, 9.41421],
			"to": [9, 3.82843, 15.41421],
			"rotation": {"angle": -45, "axis": "x", "origin": [8, 2.82843, 12.41421]},
			"faces": {
				"north": {"uv": [7.25, 3.25, 7.5, 3.5], "texture": "#0"},
				"east": {"uv": [5.25, 5.75, 6, 6], "texture": "#0"},
				"south": {"uv": [3.625, 7.25, 3.875, 7.5], "texture": "#0"},
				"west": {"uv": [5.875, 3.625, 6.625, 3.875], "texture": "#0"},
				"up": {"uv": [4.25, 6.625, 4, 5.875], "texture": "#0"},
				"down": {"uv": [4.625, 5.875, 4.375, 6.625], "texture": "#0"}
			}
		},
		{
			"from": [7, 0, 5],
			"to": [9, 2, 11],
			"rotation": {"angle": 0, "axis": "y", "origin": [1, 0, 16]},
			"faces": {
				"north": {"uv": [7, 2.5, 7.25, 2.75], "texture": "#0"},
				"east": {"uv": [5.5, 2.875, 6.25, 3.125], "texture": "#0"},
				"south": {"uv": [2.875, 7.25, 3.125, 7.5], "texture": "#0"},
				"west": {"uv": [5.5, 3.25, 6.25, 3.5], "texture": "#0"},
				"up": {"uv": [3.875, 6.25, 3.625, 5.5], "texture": "#0"},
				"down": {"uv": [5.75, 3.625, 5.5, 4.375], "texture": "#0"}
			}
		},
		{
			"name": "flat_tilt",
			"from": [6.875, -10, 0],
			"to": [6.875, 11, 21],
			"rotation": {"angle": -45, "axis": "x", "origin": [0, 1, 1]},
			"faces": {
				"north": {"uv": [1.875, 7.5, 1.875, 10.125], "texture": "#0"},
				"east": {"uv": [2.75, 0, 5.375, 2.625], "texture": "#0"},
				"south": {"uv": [2, 7.5, 2, 10.125], "texture": "#0"},
				"west": {"uv": [2.75, 2.75, 5.375, 5.375], "texture": "#0"},
				"up": {"uv": [5.125, 10.125, 5.125, 7.5], "texture": "#0"},
				"down": {"uv": [5.25, 7.5, 5.25, 10.125], "texture": "#0"}
			}
		},
		{
			"name": "flat_square",
			"from": [6.95, 0, 0],
			"to": [6.95, 15, 16],
			"faces": {
				"north": {"uv": [5.375, 7.5, 5.375, 9.375], "texture": "#0"},
				"east": {"uv": [0, 5.5, 2, 7.375], "texture": "#0"},
				"south": {"uv": [5.5, 7.5, 5.5, 9.375], "texture": "#0"},
				"west": {"uv": [5.5, 0, 7.5, 1.875], "texture": "#0"},
				"up": {"uv": [5.625, 9.5, 5.625, 7.5], "texture": "#0"},
				"down": {"uv": [5.75, 7.5, 5.75, 9.5], "texture": "#0"}
			}
		},
		{
			"from": [6.5, -6.25, 2.5],
			"to": [6.5, -0.25, 13.5],
			"faces": {
				"north": {"uv": [6, 7.5, 6, 8.25], "texture": "#0"},
				"east": {"uv": [5.5, 2, 6.875, 2.75], "texture": "#0"},
				"south": {"uv": [6.125, 7.5, 6.125, 8.25], "texture": "#0"},
				"west": {"uv": [2.125, 5.5, 3.5, 6.25], "texture": "#0"},
				"up": {"uv": [6.25, 8.875, 6.25, 7.5], "texture": "#0"},
				"down": {"uv": [6.375, 7.5, 6.375, 8.875], "texture": "#0"}
			}
		},
		{
			"from": [6.25, -0.5, 4],
			"to": [8.25, 2.5, 7],
			"faces": {
				"north": {"uv": [6.875, 6, 7.125, 6.375], "texture": "#0"},
				"east": {"uv": [6.75, 3.625, 7.125, 4], "texture": "#0"},
				"south": {"uv": [7, 2, 7.25, 2.375], "texture": "#0"},
				"west": {"uv": [4, 6.75, 4.375, 7.125], "texture": "#0"},
				"up": {"uv": [5.375, 7.375, 5.125, 7], "texture": "#0"},
				"down": {"uv": [5.75, 7, 5.5, 7.375], "texture": "#0"}
			}
		},
		{
			"from": [5.75, -0.25, 7],
			"to": [7.75, 1.75, 9],
			"faces": {
				"north": {"uv": [7.375, 2.375, 7.625, 2.625], "texture": "#0"},
				"east": {"uv": [7.375, 5.5, 7.625, 5.75], "texture": "#0"},
				"south": {"uv": [0, 7.5, 0.25, 7.75], "texture": "#0"},
				"west": {"uv": [0.375, 7.5, 0.625, 7.75], "texture": "#0"},
				"up": {"uv": [1, 7.75, 0.75, 7.5], "texture": "#0"},
				"down": {"uv": [1.375, 7.5, 1.125, 7.75], "texture": "#0"}
			}
		},
		{
			"from": [6.25, -0.5, 9],
			"to": [8.25, 2.5, 12],
			"faces": {
				"north": {"uv": [6.75, 7.125, 7, 7.5], "texture": "#0"},
				"east": {"uv": [6.75, 6.625, 7.125, 7], "texture": "#0"},
				"south": {"uv": [7.125, 7.125, 7.375, 7.5], "texture": "#0"},
				"west": {"uv": [6.875, 5.5, 7.25, 5.875], "texture": "#0"},
				"up": {"uv": [2.375, 7.625, 2.125, 7.25], "texture": "#0"},
				"down": {"uv": [2.75, 7.25, 2.5, 7.625], "texture": "#0"}
			}
		}
	],
	"gui_light": "front",
	"display": {
		"thirdperson_righthand": {
			"scale": [0.3, 0.3, 0.3]
		},
		"thirdperson_lefthand": {
			"scale": [0.3, 0.3, 0.3]
		},
		"firstperson_righthand": {
			"scale": [0.5, 0.5, 0.5]
		},
		"firstperson_lefthand": {
			"scale": [-0.5, 0.5, 0.5]
		},
		"ground": {
			"scale": [0.3, 0.3, 0.3]
		},
		"gui": {
			"rotation": [17, 111, 0],
			"translation": [0, 1.25, 0],
			"scale": [0.6, 0.6, 0.6]
		},
		"head": {
			"rotation": [0, -90, 0],
			"translation": [0, 0.25, -3.25],
			"scale": [1.2, 1.2, 1.2]
		},
		"fixed": {
			"rotation": [0, -90, 0],
			"translation": [0, 0, -1.25],
			"scale": [2, 2, 2]
		}
	},
	"groups": [
		0,
		1,
		{
			"name": "green",
			"origin": [1, 0, 16],
			"color": 0,
			"children": [2, 3, 4, 5, 6, 7, 8, 9]
		},
		{
			"name": "outer_decor",
			"origin": [0, 0, 0],
			"color": 0,
			"children": [10, 11]
		},
		{
			"name": "bow",
			"origin": [0, 0, 0],
			"color": 0,
			"children": [12, 13, 14, 15]
		}
	]
}