{
	"credit": "Made with Blockbench",
	"texture_size": [128, 128],
	"textures": {
		"0": "toffy/xmasdecor/toffy_xmasdecor_snowman",
		"particle": "toffy/xmasdecor/toffy_xmasdecor_snowman"
	},
	"elements": [
		{
			"from": [2, -16, 2],
			"to": [14, -4, 14],
			"rotation": {"angle": 0, "axis": "y", "origin": [0, -16, 0]},
			"faces": {
				"north": {"uv": [0, 0, 1.5, 1.5], "texture": "#0"},
				"east": {"uv": [0, 1.625, 1.5, 3.125], "texture": "#0"},
				"south": {"uv": [1.625, 0, 3.125, 1.5], "texture": "#0"},
				"west": {"uv": [1.625, 1.625, 3.125, 3.125], "texture": "#0"},
				"up": {"uv": [1.5, 4.75, 0, 3.25], "texture": "#0"},
				"down": {"uv": [4.75, 0, 3.25, 1.5], "texture": "#0"}
			}
		},
		{
			"from": [3, -4, 3],
			"to": [13, 6, 13],
			"rotation": {"angle": 0, "axis": "y", "origin": [0, -16, 0]},
			"faces": {
				"north": {"uv": [0, 4.875, 1.25, 6.125], "texture": "#0"},
				"east": {"uv": [4.875, 0, 6.125, 1.25], "texture": "#0"},
				"south": {"uv": [1.375, 4.875, 2.625, 6.125], "texture": "#0"},
				"west": {"uv": [4.875, 1.375, 6.125, 2.625], "texture": "#0"},
				"up": {"uv": [4, 6.5, 2.75, 5.25], "texture": "#0"},
				"down": {"uv": [5.375, 5.25, 4.125, 6.5], "texture": "#0"}
			}
		},
		{
			"from": [7.5, 9, -2],
			"to": [8.5, 10, 5],
			"rotation": {"angle": 22.5, "axis": "x", "origin": [8, 9.5, 2.5]},
			"faces": {
				"north": {"uv": [8, 5.625, 8.125, 5.75], "texture": "#0"},
				"east": {"uv": [0.75, 7.875, 1.625, 8], "texture": "#0"},
				"south": {"uv": [5.75, 8, 5.875, 8.125], "texture": "#0"},
				"west": {"uv": [7.875, 2.5, 8.75, 2.625], "texture": "#0"},
				"up": {"uv": [1.875, 8.75, 1.75, 7.875], "texture": "#0"},
				"down": {"uv": [8, 6.625, 7.875, 7.5], "texture": "#0"}
			}
		},
		{
			"from": [2, 13.75, 4],
			"to": [14, 14.75, 16],
			"rotation": {"angle": 22.5, "axis": "x", "origin": [8, 14.5, 8]},
			"faces": {
				"north": {"uv": [6.875, 6.375, 8.375, 6.5], "texture": "#0"},
				"east": {"uv": [7.125, 3.875, 8.625, 4], "texture": "#0"},
				"south": {"uv": [7.375, 1, 8.875, 1.125], "texture": "#0"},
				"west": {"uv": [7.375, 1.25, 8.875, 1.375], "texture": "#0"},
				"up": {"uv": [3.125, 4.75, 1.625, 3.25], "texture": "#0"},
				"down": {"uv": [4.75, 1.625, 3.25, 3.125], "texture": "#0"}
			}
		},
		{
			"from": [4, 14.5, 6],
			"to": [12, 22.5, 14],
			"rotation": {"angle": 22.5, "axis": "x", "origin": [8, 14.5, 8]},
			"faces": {
				"north": {"uv": [3.375, 6.625, 4.375, 7.625], "texture": "#0"},
				"east": {"uv": [4.5, 6.625, 5.5, 7.625], "texture": "#0"},
				"south": {"uv": [5.625, 6.625, 6.625, 7.625], "texture": "#0"},
				"west": {"uv": [6.75, 6.625, 7.75, 7.625], "texture": "#0"},
				"up": {"uv": [7.875, 5.125, 6.875, 4.125], "texture": "#0"},
				"down": {"uv": [7.875, 5.25, 6.875, 6.25], "texture": "#0"}
			}
		},
		{
			"from": [4, 6, 4],
			"to": [12, 14, 12],
			"rotation": {"angle": 45, "axis": "y", "origin": [8, 10, 8]},
			"faces": {
				"north": {"uv": [5.75, 4.125, 6.75, 5.125], "texture": "#0"},
				"east": {"uv": [0, 6.25, 1, 7.25], "texture": "#0"},
				"south": {"uv": [6.25, 0, 7.25, 1], "texture": "#0"},
				"west": {"uv": [1.125, 6.25, 2.125, 7.25], "texture": "#0"},
				"up": {"uv": [7.25, 2.125, 6.25, 1.125], "texture": "#0"},
				"down": {"uv": [3.25, 6.625, 2.25, 7.625], "texture": "#0"}
			}
		},
		{
			"from": [13, 4, 7],
			"to": [25, 5, 8],
			"rotation": {"angle": 22.5, "axis": "z", "origin": [18, 2.5, 7.5]},
			"faces": {
				"north": {"uv": [7.375, 1.5, 8.875, 1.625], "texture": "#0"},
				"east": {"uv": [2.75, 4.875, 2.875, 5], "texture": "#0"},
				"south": {"uv": [7.375, 1.75, 8.875, 1.875], "texture": "#0"},
				"west": {"uv": [3, 4.875, 3.125, 5], "texture": "#0"},
				"up": {"uv": [8.875, 2.125, 7.375, 2], "texture": "#0"},
				"down": {"uv": [3.625, 7.75, 2.125, 7.875], "texture": "#0"}
			}
		},
		{
			"from": [18, 5, 7.025],
			"to": [22, 6, 7.975],
			"rotation": {"angle": -22.5, "axis": "z", "origin": [18, 2.5, 7.5]},
			"faces": {
				"north": {"uv": [2.375, 8, 2.875, 8.125], "texture": "#0"},
				"east": {"uv": [2.25, 6.25, 2.375, 6.375], "texture": "#0"},
				"south": {"uv": [3, 8, 3.5, 8.125], "texture": "#0"},
				"west": {"uv": [2.5, 6.25, 2.625, 6.375], "texture": "#0"},
				"up": {"uv": [4.125, 8.125, 3.625, 8], "texture": "#0"},
				"down": {"uv": [8.5, 4.125, 8, 4.25], "texture": "#0"}
			}
		},
		{
			"from": [-8.30939, 4.7648, 7],
			"to": [3.69061, 5.7648, 8],
			"rotation": {"angle": -22.5, "axis": "z", "origin": [-3.57716, 4.61836, 7.5]},
			"faces": {
				"north": {"uv": [3.75, 7.75, 5.25, 7.875], "texture": "#0"},
				"east": {"uv": [8, 4.875, 8.125, 5], "texture": "#0"},
				"south": {"uv": [5.375, 7.75, 6.875, 7.875], "texture": "#0"},
				"west": {"uv": [8, 5.125, 8.125, 5.25], "texture": "#0"},
				"up": {"uv": [8.5, 7.875, 7, 7.75], "texture": "#0"},
				"down": {"uv": [9.375, 2.25, 7.875, 2.375], "texture": "#0"}
			}
		},
		{
			"from": [-6.93071, 4.5577, 7.025],
			"to": [-2.93071, 5.5577, 7.975],
			"rotation": {"angle": 22.5, "axis": "z", "origin": [-3.57716, 4.61836, 7.5]},
			"faces": {
				"north": {"uv": [4.25, 8, 4.75, 8.125], "texture": "#0"},
				"east": {"uv": [8, 5.375, 8.125, 5.5], "texture": "#0"},
				"south": {"uv": [8, 4.375, 8.5, 4.5], "texture": "#0"},
				"west": {"uv": [5.5, 8, 5.625, 8.125], "texture": "#0"},
				"up": {"uv": [8.5, 4.75, 8, 4.625], "texture": "#0"},
				"down": {"uv": [5.375, 8, 4.875, 8.125], "texture": "#0"}
			}
		},
		{
			"from": [12.51041, 5.25, 4.02513],
			"to": [14.51041, 8.25, 7.02513],
			"rotation": {"angle": 45, "axis": "y", "origin": [14.01041, 6.25, 5.52513]},
			"faces": {
				"north": {"uv": [5.375, 2.75, 5.625, 3.125], "texture": "#0"},
				"east": {"uv": [4.875, 2.75, 5.25, 3.125], "texture": "#0"},
				"south": {"uv": [6.75, 2.25, 7, 2.625], "texture": "#0"},
				"west": {"uv": [6.25, 2.25, 6.625, 2.625], "texture": "#0"},
				"up": {"uv": [8.125, 3.125, 7.875, 2.75], "texture": "#0"},
				"down": {"uv": [2.25, 8, 2, 8.375], "texture": "#0"}
			}
		},
		{
			"from": [3, 4.75, 3],
			"to": [13, 7.75, 13],
			"rotation": {"angle": 45, "axis": "y", "origin": [8, 9.75, 8]},
			"faces": {
				"north": {"uv": [7.125, 3.375, 8.375, 3.75], "texture": "#0"},
				"east": {"uv": [7.375, 0, 8.625, 0.375], "texture": "#0"},
				"south": {"uv": [7.375, 0.5, 8.625, 0.875], "texture": "#0"},
				"west": {"uv": [0.75, 7.375, 2, 7.75], "texture": "#0"},
				"up": {"uv": [6.75, 6.5, 5.5, 5.25], "texture": "#0"},
				"down": {"uv": [7, 2.75, 5.75, 4], "texture": "#0"}
			}
		},
		{
			"from": [11.01041, -1.75, 4.77513],
			"to": [16.01041, 6.25, 4.77513],
			"rotation": {"angle": 22.5, "axis": "x", "origin": [14.01041, 6.25, 5.52513]},
			"faces": {
				"north": {"uv": [7.125, 2.25, 7.75, 3.25], "texture": "#0"},
				"east": {"uv": [6.5, 8, 6.5, 9], "texture": "#0"},
				"south": {"uv": [0, 7.375, 0.625, 8.375], "texture": "#0"},
				"west": {"uv": [6.625, 8, 6.625, 9], "texture": "#0"},
				"up": {"uv": [8.5, 3.25, 7.875, 3.25], "texture": "#0"},
				"down": {"uv": [8.5, 7.625, 7.875, 7.625], "texture": "#0"}
			}
		},
		{
			"from": [14.01041, -8.75, 3.52513],
			"to": [14.01041, 6.25, 12.52513],
			"rotation": {"angle": 45, "axis": "y", "origin": [14.01041, 6.25, 5.52513]},
			"faces": {
				"north": {"uv": [6, 8, 6, 9.875], "texture": "#0"},
				"east": {"uv": [3.25, 3.25, 4.375, 5.125], "texture": "#0"},
				"south": {"uv": [6.125, 8, 6.125, 9.875], "texture": "#0"},
				"west": {"uv": [4.5, 3.25, 5.625, 5.125], "texture": "#0"},
				"up": {"uv": [6.25, 9.125, 6.25, 8], "texture": "#0"},
				"down": {"uv": [6.375, 8, 6.375, 9.125], "texture": "#0"}
			}
		}
	],
	"gui_light": "front",
	"display": {
		"thirdperson_righthand": {
			"rotation": [64, 0, -15],
			"translation": [5.75, -2.5, 0.25],
			"scale": [0.4, 0.4, 0.4]
		},
		"thirdperson_lefthand": {
			"rotation": [64, 0, -15],
			"translation": [5.75, -2.5, 0.25],
			"scale": [0.4, 0.4, 0.4]
		},
		"firstperson_righthand": {
			"translation": [0, 3, 0],
			"scale": [0.4, 0.4, 0.4]
		},
		"firstperson_lefthand": {
			"translation": [0, 3, 0],
			"scale": [0.4, 0.4, 0.4]
		},
		"ground": {
			"translation": [0, 3.5, 0],
			"scale": [0.3, 0.3, 0.3]
		},
		"gui": {
			"rotation": [23, -152, 0],
			"translation": [0, 1.75, 0],
			"scale": [0.35, 0.35, 0.35]
		},
		"head": {
			"translation": [0, 17.75, 0],
			"scale": [0.55, 0.55, 0.55]
		},
		"fixed": {
			"rotation": [-90, 0, 0],
			"translation": [0, 0, -46.25],
			"scale": [2, 2, 2]
		}
	},
	"groups": [
		0,
		1,
		2,
		3,
		4,
		5,
		{
			"name": "group",
			"origin": [-2, 2.5, 7.5],
			"color": 0,
			"children": [
				6,
				7,
				{
					"name": "group",
					"origin": [-2, 2.5, 7.5],
					"color": 0,
					"children": [8, 9]
				}
			]
		},
		{
			"name": "scarf_flat",
			"origin": [14.01041, 6.5, 5.52513],
			"color": 0,
			"children": [10, 11, 12, 13]
		}
	]
}