{
	"credit": "Made with Blockbench",
	"texture_size": [128, 128],
	"textures": {
		"0": "toffy/xmasdecor/toffy_christmas_tree",
		"particle": "toffy/xmasdecor/toffy_christmas_tree"
	},
	"elements": [
		{
			"from": [7.35424, -3, 7.15591],
			"to": [9.35424, 12, 9.15591],
			"rotation": {"angle": -45, "axis": "y", "origin": [8.36532, 5.18372, 7.65034]},
			"faces": {
				"north": {"uv": [8.625, 12.375, 8.875, 14.25], "texture": "#0"},
				"east": {"uv": [8.875, 12.375, 9.125, 14.25], "texture": "#0"},
				"south": {"uv": [12.375, 12.625, 12.625, 14.5], "texture": "#0"},
				"west": {"uv": [12.625, 12.625, 12.875, 14.5], "texture": "#0"},
				"up": {"uv": [2.75, 1.625, 2.5, 1.375], "texture": "#0"},
				"down": {"uv": [3, 1.375, 2.75, 1.625], "texture": "#0"}
			}
		},
		{
			"from": [6.85424, -16, 6.65591],
			"to": [9.85424, -3, 9.65591],
			"rotation": {"angle": -45, "axis": "y", "origin": [8.36532, 5.18372, 7.65034]},
			"faces": {
				"north": {"uv": [10.875, 12.125, 11.25, 13.75], "texture": "#0"},
				"east": {"uv": [11.25, 12.125, 11.625, 13.75], "texture": "#0"},
				"south": {"uv": [12.25, 7.875, 12.625, 9.5], "texture": "#0"},
				"west": {"uv": [12.25, 9.5, 12.625, 11.125], "texture": "#0"},
				"up": {"uv": [2.125, 1.75, 1.75, 1.375], "texture": "#0"},
				"down": {"uv": [2.5, 1.375, 2.125, 1.75], "texture": "#0"}
			}
		},
		{
			"from": [7.85424, 9, 7.65591],
			"to": [8.85424, 25, 8.65591],
			"rotation": {"angle": -45, "axis": "y", "origin": [8.36532, 5.18372, 7.65034]},
			"faces": {
				"north": {"uv": [12.625, 7.875, 12.75, 9.875], "texture": "#0"},
				"east": {"uv": [12.625, 9.875, 12.75, 11.875], "texture": "#0"},
				"south": {"uv": [0, 12.75, 0.125, 14.75], "texture": "#0"},
				"west": {"uv": [0.125, 12.75, 0.25, 14.75], "texture": "#0"},
				"up": {"uv": [2.625, 1.75, 2.5, 1.625], "texture": "#0"},
				"down": {"uv": [2.75, 1.625, 2.625, 1.75], "texture": "#0"}
			}
		},
		{
			"from": [1.5, 25, 8],
			"to": [13.5, 32, 8],
			"rotation": {"angle": 0, "axis": "y", "origin": [8.36532, 5.18372, 7.65034]},
			"faces": {
				"north": {"uv": [11.25, 5, 12.75, 5.875], "texture": "#0"},
				"east": {"uv": [0, 0, 0, 0.875], "texture": "#0"},
				"south": {"uv": [11.125, 1.25, 12.625, 2.125], "texture": "#0"},
				"west": {"uv": [0, 0, 0, 0.875], "texture": "#0"},
				"up": {"uv": [0, 1.5, 0, 0], "rotation": 90, "texture": "#0"},
				"down": {"uv": [0, 0, 0, 1.5], "rotation": 270, "texture": "#0"}
			}
		},
		{
			"from": [8, 25, 1.5],
			"to": [8, 32, 13.5],
			"rotation": {"angle": 0, "axis": "y", "origin": [8.36532, 5.18372, 7.65034]},
			"faces": {
				"north": {"uv": [0, 0, 0, 0.875], "texture": "#0"},
				"east": {"uv": [11.25, 5, 12.75, 5.875], "texture": "#0"},
				"south": {"uv": [0, 0, 0, 0.875], "texture": "#0"},
				"west": {"uv": [11.125, 1.25, 12.625, 2.125], "texture": "#0"},
				"up": {"uv": [0, 1.5, 0, 0], "rotation": 180, "texture": "#0"},
				"down": {"uv": [0, 0, 0, 1.5], "rotation": 180, "texture": "#0"}
			}
		},
		{
			"from": [3, 13.86615, 6.94911],
			"to": [13, 13.86615, 15.94911],
			"rotation": {"angle": -45, "axis": "x", "origin": [8.36532, 5.18372, 7.65034]},
			"faces": {
				"north": {"uv": [0, 0, 1.25, 0], "texture": "#0"},
				"east": {"uv": [0, 0, 1.125, 0], "texture": "#0"},
				"south": {"uv": [0, 0, 1.25, 0], "texture": "#0"},
				"west": {"uv": [0, 0, 1.125, 0], "texture": "#0"},
				"up": {"uv": [3.875, 11.875, 2.625, 10.75], "texture": "#0"},
				"down": {"uv": [5.125, 10.75, 3.875, 11.875], "texture": "#0"}
			}
		},
		{
			"from": [3, 14.36064, -0.15394],
			"to": [13, 14.36064, 8.84606],
			"rotation": {"angle": 45, "axis": "x", "origin": [8.36532, 5.18372, 7.65034]},
			"faces": {
				"north": {"uv": [1.25, 0, 0, 0], "texture": "#0"},
				"east": {"uv": [1.125, 0, 0, 0], "texture": "#0"},
				"south": {"uv": [1.25, 0, 0, 0], "texture": "#0"},
				"west": {"uv": [1.125, 0, 0, 0], "texture": "#0"},
				"up": {"uv": [3.875, 10.75, 2.625, 11.875], "texture": "#0"},
				"down": {"uv": [5.125, 11.875, 3.875, 10.75], "texture": "#0"}
			}
		},
		{
			"from": [11.5, -7, 4.5],
			"to": [11.5, 9, 11.5],
			"rotation": {"angle": 0, "axis": "y", "origin": [8.36532, 5.18372, 7.65034]},
			"faces": {
				"north": {"uv": [0, 0, 0, 2], "texture": "#0"},
				"east": {"uv": [10.375, 7.5, 11.25, 9.5], "texture": "#0"},
				"south": {"uv": [0, 0, 0, 2], "texture": "#0"},
				"west": {"uv": [0, 10.75, 0.875, 12.75], "texture": "#0"},
				"up": {"uv": [0, 0.875, 0, 0], "texture": "#0"},
				"down": {"uv": [0, 0, 0, 0.875], "texture": "#0"}
			}
		},
		{
			"from": [4.5, -7, 4.5],
			"to": [4.5, 9, 11.5],
			"rotation": {"angle": 0, "axis": "y", "origin": [8.36532, 5.18372, 7.65034]},
			"faces": {
				"north": {"uv": [0, 0, 0, 2], "texture": "#0"},
				"east": {"uv": [0.875, 10.75, 0, 12.75], "texture": "#0"},
				"south": {"uv": [0, 0, 0, 2], "texture": "#0"},
				"west": {"uv": [11.25, 7.5, 10.375, 9.5], "texture": "#0"},
				"up": {"uv": [0, 0.875, 0, 0], "texture": "#0"},
				"down": {"uv": [0, 0, 0, 0.875], "texture": "#0"}
			}
		},
		{
			"from": [4.5, -7, 11.5],
			"to": [11.5, 9, 11.5],
			"rotation": {"angle": 0, "axis": "y", "origin": [8.36532, 5.18372, 7.65034]},
			"faces": {
				"north": {"uv": [0.875, 10.75, 1.75, 12.75], "texture": "#0"},
				"east": {"uv": [0, 0, 0, 2], "texture": "#0"},
				"south": {"uv": [1.75, 10.75, 2.625, 12.75], "texture": "#0"},
				"west": {"uv": [0, 0, 0, 2], "texture": "#0"},
				"up": {"uv": [0.875, 0, 0, 0], "texture": "#0"},
				"down": {"uv": [0.875, 0, 0, 0], "texture": "#0"}
			}
		},
		{
			"from": [4.5, -7, 4.5],
			"to": [11.5, 9, 4.5],
			"rotation": {"angle": 0, "axis": "y", "origin": [8.36532, 5.18372, 7.65034]},
			"faces": {
				"north": {"uv": [2.625, 10.75, 1.75, 12.75], "texture": "#0"},
				"east": {"uv": [0, 0, 0, 2], "texture": "#0"},
				"south": {"uv": [1.75, 10.75, 0.875, 12.75], "texture": "#0"},
				"west": {"uv": [0, 0, 0, 2], "texture": "#0"},
				"up": {"uv": [0.875, 0, 0, 0], "texture": "#0"},
				"down": {"uv": [0.875, 0, 0, 0], "texture": "#0"}
			}
		},
		{
			"from": [4.5, 7.23631, 12.66639],
			"to": [11.5, 16.23631, 12.66639],
			"rotation": {"angle": -22.5, "axis": "x", "origin": [8.36532, 5.18372, 7.65034]},
			"faces": {
				"north": {"uv": [11.875, 3.25, 12.75, 4.375], "texture": "#0"},
				"east": {"uv": [0, 0, 0, 1.125], "texture": "#0"},
				"south": {"uv": [4.625, 12, 5.5, 13.125], "texture": "#0"},
				"west": {"uv": [0, 0, 0, 1.125], "texture": "#0"},
				"up": {"uv": [0.875, 0, 0, 0], "texture": "#0"},
				"down": {"uv": [0.875, 0, 0, 0], "texture": "#0"}
			}
		},
		{
			"from": [4.5, 7.50392, 3.28038],
			"to": [11.5, 16.50392, 3.28038],
			"rotation": {"angle": 22.5, "axis": "x", "origin": [8.36532, 5.18372, 7.65034]},
			"faces": {
				"north": {"uv": [5.5, 12, 4.625, 13.125], "texture": "#0"},
				"east": {"uv": [0, 0, 0, 1.125], "texture": "#0"},
				"south": {"uv": [12.75, 3.25, 11.875, 4.375], "texture": "#0"},
				"west": {"uv": [0, 0, 0, 1.125], "texture": "#0"},
				"up": {"uv": [0.875, 0, 0, 0], "texture": "#0"},
				"down": {"uv": [0.875, 0, 0, 0], "texture": "#0"}
			}
		},
		{
			"from": [12.72089, 7.5103, 4.5],
			"to": [12.72089, 16.5103, 11.5],
			"rotation": {"angle": 22.5, "axis": "z", "origin": [8.36532, 5.18372, 7.65034]},
			"faces": {
				"north": {"uv": [0, 0, 0, 1.125], "texture": "#0"},
				"east": {"uv": [10, 12.125, 10.875, 13.25], "texture": "#0"},
				"south": {"uv": [0, 0, 0, 1.125], "texture": "#0"},
				"west": {"uv": [12.25, 6.75, 13.125, 7.875], "texture": "#0"},
				"up": {"uv": [0, 0.875, 0, 0], "texture": "#0"},
				"down": {"uv": [0, 0, 0, 0.875], "texture": "#0"}
			}
		},
		{
			"from": [3.33473, 7.23069, 4.5],
			"to": [3.33473, 16.23069, 11.5],
			"rotation": {"angle": -22.5, "axis": "z", "origin": [8.36532, 5.18372, 7.65034]},
			"faces": {
				"north": {"uv": [0, 0, 0, 1.125], "texture": "#0"},
				"east": {"uv": [13.125, 6.75, 12.25, 7.875], "texture": "#0"},
				"south": {"uv": [0, 0, 0, 1.125], "texture": "#0"},
				"west": {"uv": [10.875, 12.125, 10, 13.25], "texture": "#0"},
				"up": {"uv": [0, 0.875, 0, 0], "texture": "#0"},
				"down": {"uv": [0, 0, 0, 0.875], "texture": "#0"}
			}
		},
		{
			"from": [0.05548, 13.85507, 3],
			"to": [9.05548, 13.85507, 13],
			"rotation": {"angle": -45, "axis": "z", "origin": [8.36532, 5.18372, 7.65034]},
			"faces": {
				"north": {"uv": [0, 0, 1.125, 0], "texture": "#0"},
				"east": {"uv": [0, 0, 1.25, 0], "texture": "#0"},
				"south": {"uv": [0, 0, 1.125, 0], "texture": "#0"},
				"west": {"uv": [0, 0, 1.25, 0], "texture": "#0"},
				"up": {"uv": [6.25, 12, 5.125, 10.75], "texture": "#0"},
				"down": {"uv": [11.875, 0, 10.75, 1.25], "texture": "#0"}
			}
		},
		{
			"from": [7.15852, 14.37172, 3],
			"to": [16.15852, 14.37172, 13],
			"rotation": {"angle": 45, "axis": "z", "origin": [8.36532, 5.18372, 7.65034]},
			"faces": {
				"north": {"uv": [1.125, 0, 0, 0], "texture": "#0"},
				"east": {"uv": [1.25, 0, 0, 0], "texture": "#0"},
				"south": {"uv": [1.125, 0, 0, 0], "texture": "#0"},
				"west": {"uv": [1.25, 0, 0, 0], "texture": "#0"},
				"up": {"uv": [5.125, 12, 6.25, 10.75], "texture": "#0"},
				"down": {"uv": [10.75, 0, 11.875, 1.25], "texture": "#0"}
			}
		},
		{
			"from": [2.23887, 11.77524, 2],
			"to": [12.23887, 11.77524, 14],
			"rotation": {"angle": -45, "axis": "z", "origin": [8.36532, 5.18372, 7.65034]},
			"faces": {
				"north": {"uv": [0, 0, 1.25, 0], "texture": "#0"},
				"east": {"uv": [0, 0, 1.5, 0], "texture": "#0"},
				"south": {"uv": [0, 0, 1.25, 0], "texture": "#0"},
				"west": {"uv": [0, 0, 1.5, 0], "texture": "#0"},
				"up": {"uv": [7.25, 9.5, 6, 8], "texture": "#0"},
				"down": {"uv": [9.25, 0, 8, 1.5], "texture": "#0"}
			}
		},
		{
			"from": [3.97513, 12.29188, 2],
			"to": [13.97513, 12.29188, 14],
			"rotation": {"angle": 45, "axis": "z", "origin": [8.36532, 5.18372, 7.65034]},
			"faces": {
				"north": {"uv": [1.25, 0, 0, 0], "texture": "#0"},
				"east": {"uv": [1.5, 0, 0, 0], "texture": "#0"},
				"south": {"uv": [1.25, 0, 0, 0], "texture": "#0"},
				"west": {"uv": [1.5, 0, 0, 0], "texture": "#0"},
				"up": {"uv": [6, 9.5, 7.25, 8], "texture": "#0"},
				"down": {"uv": [8, 0, 9.25, 1.5], "texture": "#0"}
			}
		},
		{
			"from": [5.0673, 8.94681, 2],
			"to": [15.0673, 8.94681, 14],
			"rotation": {"angle": -45, "axis": "z", "origin": [8.36532, 5.18372, 7.65034]},
			"faces": {
				"north": {"uv": [0, 0, 1.25, 0], "texture": "#0"},
				"east": {"uv": [0, 0, 1.5, 0], "texture": "#0"},
				"south": {"uv": [0, 0, 1.25, 0], "texture": "#0"},
				"west": {"uv": [0, 0, 1.5, 0], "texture": "#0"},
				"up": {"uv": [9.25, 5.625, 8, 4.125], "texture": "#0"},
				"down": {"uv": [9.625, 1.5, 8.375, 3], "texture": "#0"}
			}
		},
		{
			"from": [1.1467, 9.46345, 2],
			"to": [11.1467, 9.46345, 14],
			"rotation": {"angle": 45, "axis": "z", "origin": [8.36532, 5.18372, 7.65034]},
			"faces": {
				"north": {"uv": [1.25, 0, 0, 0], "texture": "#0"},
				"east": {"uv": [1.5, 0, 0, 0], "texture": "#0"},
				"south": {"uv": [1.25, 0, 0, 0], "texture": "#0"},
				"west": {"uv": [1.5, 0, 0, 0], "texture": "#0"},
				"up": {"uv": [8, 5.625, 9.25, 4.125], "texture": "#0"},
				"down": {"uv": [8.375, 1.5, 9.625, 3], "texture": "#0"}
			}
		},
		{
			"from": [10.78623, 3.33143, 1],
			"to": [21.78623, 3.33143, 15],
			"rotation": {"angle": -45, "axis": "z", "origin": [8.36532, 5.18372, 7.65034]},
			"faces": {
				"north": {"uv": [0, 0, 1.375, 0], "texture": "#0"},
				"east": {"uv": [0, 0, 1.75, 0], "texture": "#0"},
				"south": {"uv": [0, 0, 1.375, 0], "texture": "#0"},
				"west": {"uv": [0, 0, 1.75, 0], "texture": "#0"},
				"up": {"uv": [4.875, 3.5, 3.5, 1.75], "texture": "#0"},
				"down": {"uv": [1.375, 4.125, 0, 5.875], "texture": "#0"}
			}
		},
		{
			"from": [12.15226, -5.02103, 1],
			"to": [23.15226, -5.02103, 15],
			"rotation": {"angle": -22.5, "axis": "z", "origin": [8.36532, 5.18372, 7.65034]},
			"faces": {
				"north": {"uv": [0, 0, 1.375, 0], "texture": "#0"},
				"east": {"uv": [0, 0, 1.75, 0], "texture": "#0"},
				"south": {"uv": [0, 0, 1.375, 0], "texture": "#0"},
				"west": {"uv": [0, 0, 1.75, 0], "texture": "#0"},
				"up": {"uv": [4.875, 3.5, 3.5, 1.75], "texture": "#0"},
				"down": {"uv": [1.375, 4.125, 0, 5.875], "texture": "#0"}
			}
		},
		{
			"from": [-5.57223, 3.84807, 1],
			"to": [5.42777, 3.84807, 15],
			"rotation": {"angle": 45, "axis": "z", "origin": [8.36532, 5.18372, 7.65034]},
			"faces": {
				"north": {"uv": [1.375, 0, 0, 0], "texture": "#0"},
				"east": {"uv": [1.75, 0, 0, 0], "texture": "#0"},
				"south": {"uv": [1.375, 0, 0, 0], "texture": "#0"},
				"west": {"uv": [1.75, 0, 0, 0], "texture": "#0"},
				"up": {"uv": [3.5, 3.5, 4.875, 1.75], "texture": "#0"},
				"down": {"uv": [0, 4.125, 1.375, 5.875], "texture": "#0"}
			}
		},
		{
			"from": [-7.09664, -4.74143, 1],
			"to": [3.90336, -4.74143, 15],
			"rotation": {"angle": 22.5, "axis": "z", "origin": [8.36532, 5.18372, 7.65034]},
			"faces": {
				"north": {"uv": [1.375, 0, 0, 0], "texture": "#0"},
				"east": {"uv": [1.75, 0, 0, 0], "texture": "#0"},
				"south": {"uv": [1.375, 0, 0, 0], "texture": "#0"},
				"west": {"uv": [1.75, 0, 0, 0], "texture": "#0"},
				"up": {"uv": [3.5, 3.5, 4.875, 1.75], "texture": "#0"},
				"down": {"uv": [0, 4.125, 1.375, 5.875], "texture": "#0"}
			}
		},
		{
			"from": [-8.40066, 1.01964, 1],
			"to": [2.59934, 1.01964, 15],
			"rotation": {"angle": 45, "axis": "z", "origin": [8.36532, 5.18372, 7.65034]},
			"faces": {
				"north": {"uv": [1.375, 0, 0, 0], "texture": "#0"},
				"east": {"uv": [1.75, 0, 0, 0], "texture": "#0"},
				"south": {"uv": [1.375, 0, 0, 0], "texture": "#0"},
				"west": {"uv": [1.75, 0, 0, 0], "texture": "#0"},
				"up": {"uv": [3.5, 3.5, 4.875, 1.75], "texture": "#0"},
				"down": {"uv": [0, 4.125, 1.375, 5.875], "texture": "#0"}
			}
		},
		{
			"from": [-2.7438, 6.6765, 1],
			"to": [8.2562, 6.6765, 15],
			"rotation": {"angle": 45, "axis": "z", "origin": [8.36532, 5.18372, 7.65034]},
			"faces": {
				"north": {"uv": [1.375, 0, 0, 0], "texture": "#0"},
				"east": {"uv": [1.75, 0, 0, 0], "texture": "#0"},
				"south": {"uv": [1.375, 0, 0, 0], "texture": "#0"},
				"west": {"uv": [1.75, 0, 0, 0], "texture": "#0"},
				"up": {"uv": [3.5, 3.5, 4.875, 1.75], "texture": "#0"},
				"down": {"uv": [0, 4.125, 1.375, 5.875], "texture": "#0"}
			}
		},
		{
			"from": [10.52303, 16.56518, 4],
			"to": [18.52303, 16.56518, 12],
			"rotation": {"angle": 45, "axis": "z", "origin": [8.36532, 5.18372, 7.65034]},
			"faces": {
				"north": {"uv": [0, 0, 1, 0], "texture": "#0"},
				"east": {"uv": [0, 0, 1, 0], "texture": "#0"},
				"south": {"uv": [0, 0, 1, 0], "texture": "#0"},
				"west": {"uv": [0, 0, 1, 0], "texture": "#0"},
				"up": {"uv": [12.625, 12.625, 11.625, 11.625], "texture": "#0"},
				"down": {"uv": [3.625, 11.875, 2.625, 12.875], "texture": "#0"}
			}
		},
		{
			"from": [-2.30903, 16.04854, 4],
			"to": [5.69097, 16.04854, 12],
			"rotation": {"angle": -45, "axis": "z", "origin": [8.36532, 5.18372, 7.65034]},
			"faces": {
				"north": {"uv": [1, 0, 0, 0], "texture": "#0"},
				"east": {"uv": [1, 0, 0, 0], "texture": "#0"},
				"south": {"uv": [1, 0, 0, 0], "texture": "#0"},
				"west": {"uv": [1, 0, 0, 0], "texture": "#0"},
				"up": {"uv": [11.625, 12.625, 12.625, 11.625], "texture": "#0"},
				"down": {"uv": [2.625, 11.875, 3.625, 12.875], "texture": "#0"}
			}
		},
		{
			"from": [4, 16.5541, -2.51844],
			"to": [12, 16.5541, 5.48156],
			"rotation": {"angle": 45, "axis": "x", "origin": [8.36532, 5.18372, 7.65034]},
			"faces": {
				"north": {"uv": [0, 0, 1, 0], "texture": "#0"},
				"east": {"uv": [0, 0, 1, 0], "texture": "#0"},
				"south": {"uv": [0, 0, 1, 0], "texture": "#0"},
				"west": {"uv": [0, 0, 1, 0], "texture": "#0"},
				"up": {"uv": [4.625, 12.875, 3.625, 11.875], "texture": "#0"},
				"down": {"uv": [12.875, 0, 11.875, 1], "texture": "#0"}
			}
		},
		{
			"from": [4, 16.05962, 10.31362],
			"to": [12, 16.05962, 18.31362],
			"rotation": {"angle": -45, "axis": "x", "origin": [8.36532, 5.18372, 7.65034]},
			"faces": {
				"north": {"uv": [1, 0, 0, 0], "texture": "#0"},
				"east": {"uv": [1, 0, 0, 0], "texture": "#0"},
				"south": {"uv": [1, 0, 0, 0], "texture": "#0"},
				"west": {"uv": [1, 0, 0, 0], "texture": "#0"},
				"up": {"uv": [4.625, 11.875, 3.625, 12.875], "texture": "#0"},
				"down": {"uv": [12.875, 1, 11.875, 0], "texture": "#0"}
			}
		},
		{
			"from": [5, 18.47885, -4.5828],
			"to": [11, 18.47885, 1.4172],
			"rotation": {"angle": 45, "axis": "x", "origin": [8.36532, 5.18372, 7.65034]},
			"faces": {
				"north": {"uv": [0, 0, 0.75, 0], "texture": "#0"},
				"east": {"uv": [0, 0, 0.75, 0], "texture": "#0"},
				"south": {"uv": [0, 0, 0.75, 0], "texture": "#0"},
				"west": {"uv": [0, 0, 0.75, 0], "texture": "#0"},
				"up": {"uv": [8.625, 13.125, 7.875, 12.375], "texture": "#0"},
				"down": {"uv": [12.375, 12.625, 11.625, 13.375], "texture": "#0"}
			}
		},
		{
			"from": [5, 17.98437, 14.37798],
			"to": [11, 17.98437, 20.37798],
			"rotation": {"angle": -45, "axis": "x", "origin": [8.36532, 5.18372, 7.65034]},
			"faces": {
				"north": {"uv": [0.75, 0, 0, 0], "texture": "#0"},
				"east": {"uv": [0.75, 0, 0, 0], "texture": "#0"},
				"south": {"uv": [0.75, 0, 0, 0], "texture": "#0"},
				"west": {"uv": [0.75, 0, 0, 0], "texture": "#0"},
				"up": {"uv": [8.625, 12.375, 7.875, 13.125], "texture": "#0"},
				"down": {"uv": [12.375, 13.375, 11.625, 12.625], "texture": "#0"}
			}
		},
		{
			"from": [14.58739, 18.48993, 5],
			"to": [20.58739, 18.48993, 11],
			"rotation": {"angle": 45, "axis": "z", "origin": [8.36532, 5.18372, 7.65034]},
			"faces": {
				"north": {"uv": [0, 0, 0.75, 0], "texture": "#0"},
				"east": {"uv": [0, 0, 0.75, 0], "texture": "#0"},
				"south": {"uv": [0, 0, 0.75, 0], "texture": "#0"},
				"west": {"uv": [0, 0, 0.75, 0], "texture": "#0"},
				"up": {"uv": [8.625, 13.125, 7.875, 12.375], "rotation": 90, "texture": "#0"},
				"down": {"uv": [12.375, 12.625, 11.625, 13.375], "rotation": 270, "texture": "#0"}
			}
		},
		{
			"from": [-4.37339, 17.97329, 5],
			"to": [1.62661, 17.97329, 11],
			"rotation": {"angle": -45, "axis": "z", "origin": [8.36532, 5.18372, 7.65034]},
			"faces": {
				"north": {"uv": [0.75, 0, 0, 0], "texture": "#0"},
				"east": {"uv": [0.75, 0, 0, 0], "texture": "#0"},
				"south": {"uv": [0.75, 0, 0, 0], "texture": "#0"},
				"west": {"uv": [0.75, 0, 0, 0], "texture": "#0"},
				"up": {"uv": [8.625, 12.375, 7.875, 13.125], "rotation": 90, "texture": "#0"},
				"down": {"uv": [12.375, 13.375, 11.625, 12.625], "rotation": 270, "texture": "#0"}
			}
		},
		{
			"from": [2, 12.2808, 2.02946],
			"to": [14, 12.2808, 12.02946],
			"rotation": {"angle": 45, "axis": "x", "origin": [8.36532, 5.18372, 7.65034]},
			"faces": {
				"north": {"uv": [0, 0, 1.5, 0], "texture": "#0"},
				"east": {"uv": [0, 0, 1.25, 0], "texture": "#0"},
				"south": {"uv": [0, 0, 1.5, 0], "texture": "#0"},
				"west": {"uv": [0, 0, 1.25, 0], "texture": "#0"},
				"up": {"uv": [10.75, 1.25, 9.25, 0], "texture": "#0"},
				"down": {"uv": [10.75, 3, 9.25, 4.25], "texture": "#0"}
			}
		},
		{
			"from": [2, 11.78631, 3.76571],
			"to": [14, 11.78631, 13.76571],
			"rotation": {"angle": -45, "axis": "x", "origin": [8.36532, 5.18372, 7.65034]},
			"faces": {
				"north": {"uv": [1.5, 0, 0, 0], "texture": "#0"},
				"east": {"uv": [1.25, 0, 0, 0], "texture": "#0"},
				"south": {"uv": [1.5, 0, 0, 0], "texture": "#0"},
				"west": {"uv": [1.25, 0, 0, 0], "texture": "#0"},
				"up": {"uv": [10.75, 0, 9.25, 1.25], "texture": "#0"},
				"down": {"uv": [10.75, 4.25, 9.25, 3], "texture": "#0"}
			}
		},
		{
			"from": [2, 9.45237, 4.85789],
			"to": [14, 9.45237, 14.85789],
			"rotation": {"angle": 45, "axis": "x", "origin": [8.36532, 5.18372, 7.65034]},
			"faces": {
				"north": {"uv": [0, 0, 1.5, 0], "texture": "#0"},
				"east": {"uv": [0, 0, 1.25, 0], "texture": "#0"},
				"south": {"uv": [0, 0, 1.5, 0], "texture": "#0"},
				"west": {"uv": [0, 0, 1.25, 0], "texture": "#0"},
				"up": {"uv": [10.75, 5.5, 9.25, 4.25], "texture": "#0"},
				"down": {"uv": [6.5, 9.5, 5, 10.75], "texture": "#0"}
			}
		},
		{
			"from": [2, 8.95789, 0.93729],
			"to": [14, 8.95789, 10.93729],
			"rotation": {"angle": -45, "axis": "x", "origin": [8.36532, 5.18372, 7.65034]},
			"faces": {
				"north": {"uv": [1.5, 0, 0, 0], "texture": "#0"},
				"east": {"uv": [1.25, 0, 0, 0], "texture": "#0"},
				"south": {"uv": [1.5, 0, 0, 0], "texture": "#0"},
				"west": {"uv": [1.25, 0, 0, 0], "texture": "#0"},
				"up": {"uv": [10.75, 4.25, 9.25, 5.5], "texture": "#0"},
				"down": {"uv": [6.5, 10.75, 5, 9.5], "texture": "#0"}
			}
		},
		{
			"from": [1, 3.83699, 10.57682],
			"to": [15, 3.83699, 21.57682],
			"rotation": {"angle": 45, "axis": "x", "origin": [8.36532, 5.18372, 7.65034]},
			"faces": {
				"north": {"uv": [0, 0, 1.75, 0], "texture": "#0"},
				"east": {"uv": [0, 0, 1.375, 0], "texture": "#0"},
				"south": {"uv": [0, 0, 1.75, 0], "texture": "#0"},
				"west": {"uv": [0, 0, 1.375, 0], "texture": "#0"},
				"up": {"uv": [8, 2.75, 6.25, 1.375], "texture": "#0"},
				"down": {"uv": [8, 4.875, 6.25, 6.25], "texture": "#0"}
			}
		},
		{
			"from": [1, -4.74742, 12.09783],
			"to": [15, -4.74742, 23.09783],
			"rotation": {"angle": 22.5, "axis": "x", "origin": [8.36532, 5.18372, 7.65034]},
			"faces": {
				"north": {"uv": [0, 0, 1.75, 0], "texture": "#0"},
				"east": {"uv": [0, 0, 1.375, 0], "texture": "#0"},
				"south": {"uv": [0, 0, 1.75, 0], "texture": "#0"},
				"west": {"uv": [0, 0, 1.375, 0], "texture": "#0"},
				"up": {"uv": [8, 2.75, 6.25, 1.375], "texture": "#0"},
				"down": {"uv": [8, 4.875, 6.25, 6.25], "texture": "#0"}
			}
		},
		{
			"from": [1, 3.34251, -5.78164],
			"to": [15, 3.34251, 5.21836],
			"rotation": {"angle": -45, "axis": "x", "origin": [8.36532, 5.18372, 7.65034]},
			"faces": {
				"north": {"uv": [1.75, 0, 0, 0], "texture": "#0"},
				"east": {"uv": [1.375, 0, 0, 0], "texture": "#0"},
				"south": {"uv": [1.75, 0, 0, 0], "texture": "#0"},
				"west": {"uv": [1.375, 0, 0, 0], "texture": "#0"},
				"up": {"uv": [8, 1.375, 6.25, 2.75], "texture": "#0"},
				"down": {"uv": [8, 6.25, 6.25, 4.875], "texture": "#0"}
			}
		},
		{
			"from": [1, -5.01503, -7.15106],
			"to": [15, -5.01503, 3.84894],
			"rotation": {"angle": -22.5, "axis": "x", "origin": [8.36532, 5.18372, 7.65034]},
			"faces": {
				"north": {"uv": [1.75, 0, 0, 0], "texture": "#0"},
				"east": {"uv": [1.375, 0, 0, 0], "texture": "#0"},
				"south": {"uv": [1.75, 0, 0, 0], "texture": "#0"},
				"west": {"uv": [1.375, 0, 0, 0], "texture": "#0"},
				"up": {"uv": [8, 1.375, 6.25, 2.75], "texture": "#0"},
				"down": {"uv": [8, 6.25, 6.25, 4.875], "texture": "#0"}
			}
		},
		{
			"from": [1, 0.51408, -8.61007],
			"to": [15, 0.51408, 2.38993],
			"rotation": {"angle": -45, "axis": "x", "origin": [8.36532, 5.18372, 7.65034]},
			"faces": {
				"north": {"uv": [1.75, 0, 0, 0], "texture": "#0"},
				"east": {"uv": [1.375, 0, 0, 0], "texture": "#0"},
				"south": {"uv": [1.75, 0, 0, 0], "texture": "#0"},
				"west": {"uv": [1.375, 0, 0, 0], "texture": "#0"},
				"up": {"uv": [8, 1.375, 6.25, 2.75], "texture": "#0"},
				"down": {"uv": [8, 6.25, 6.25, 4.875], "texture": "#0"}
			}
		},
		{
			"from": [1, 6.17093, -2.95321],
			"to": [15, 6.17093, 8.04679],
			"rotation": {"angle": -45, "axis": "x", "origin": [8.36532, 5.18372, 7.65034]},
			"faces": {
				"north": {"uv": [1.75, 0, 0, 0], "texture": "#0"},
				"east": {"uv": [1.375, 0, 0, 0], "texture": "#0"},
				"south": {"uv": [1.75, 0, 0, 0], "texture": "#0"},
				"west": {"uv": [1.375, 0, 0, 0], "texture": "#0"},
				"up": {"uv": [8, 1.375, 6.25, 2.75], "texture": "#0"},
				"down": {"uv": [8, 6.25, 6.25, 4.875], "texture": "#0"}
			}
		},
		{
			"from": [1.67, 7, 3.60064],
			"to": [2.67, 8, 4.60064],
			"rotation": {"angle": -22.5, "axis": "y", "origin": [8.36532, 5.18372, 7.65034]},
			"faces": {
				"north": {"uv": [2.75, 1.625, 2.875, 1.75], "texture": "#0"},
				"east": {"uv": [2.875, 1.625, 3, 1.75], "texture": "#0"},
				"south": {"uv": [3, 1.625, 3.125, 1.75], "texture": "#0"},
				"west": {"uv": [3.125, 1.625, 3.25, 1.75], "texture": "#0"},
				"up": {"uv": [3.375, 1.75, 3.25, 1.625], "texture": "#0"},
				"down": {"uv": [3.5, 1.625, 3.375, 1.75], "texture": "#0"}
			}
		},
		{
			"from": [3.70138, 1.67417, 1],
			"to": [5.70138, 3.67417, 3],
			"rotation": {"angle": -45, "axis": "z", "origin": [8.36532, 5.18372, 7.65034]},
			"faces": {
				"north": {"uv": [3, 1.375, 3.25, 1.625], "texture": "#0"},
				"east": {"uv": [3.25, 1.375, 3.5, 1.625], "texture": "#0"},
				"south": {"uv": [1.375, 4.125, 1.625, 4.375], "texture": "#0"},
				"west": {"uv": [4.125, 6, 4.375, 6.25], "texture": "#0"},
				"up": {"uv": [4.625, 6.25, 4.375, 6], "texture": "#0"},
				"down": {"uv": [4.875, 6, 4.625, 6.25], "texture": "#0"}
			}
		},
		{
			"from": [13.5111, 2.75, 3.76682],
			"to": [14.5111, 3.75, 4.76682],
			"rotation": {"angle": -45, "axis": "y", "origin": [8.36532, 5.18372, 7.65034]},
			"faces": {
				"north": {"uv": [1.625, 4.125, 1.75, 4.25], "texture": "#0"},
				"east": {"uv": [1.625, 4.25, 1.75, 4.375], "texture": "#0"},
				"south": {"uv": [1.375, 4.375, 1.5, 4.5], "texture": "#0"},
				"west": {"uv": [1.5, 4.375, 1.625, 4.5], "texture": "#0"},
				"up": {"uv": [1.75, 4.5, 1.625, 4.375], "texture": "#0"},
				"down": {"uv": [4.25, 6.5, 4.125, 6.625], "texture": "#0"}
			}
		},
		{
			"from": [13.75, 0.62459, 5.35346],
			"to": [15.75, 2.62459, 7.35346],
			"rotation": {"angle": -45, "axis": "x", "origin": [8.36532, 5.18372, 7.65034]},
			"faces": {
				"north": {"uv": [6.5, 3.25, 6.25, 3.5], "rotation": 90, "texture": "#0"},
				"east": {"uv": [4.125, 6.25, 4.375, 6.5], "rotation": 270, "texture": "#0"},
				"south": {"uv": [6.5, 3.25, 6.25, 3], "rotation": 90, "texture": "#0"},
				"west": {"uv": [4.625, 6.25, 4.875, 6.5], "rotation": 90, "texture": "#0"},
				"up": {"uv": [6.25, 2.75, 6.5, 3], "rotation": 180, "texture": "#0"},
				"down": {"uv": [4.375, 6.25, 4.625, 6.5], "texture": "#0"}
			}
		},
		{
			"from": [-0.27748, -1.5, 10.13078],
			"to": [0.72252, -0.5, 11.13078],
			"rotation": {"angle": -45, "axis": "y", "origin": [8.36532, 5.18372, 7.65034]},
			"faces": {
				"north": {"uv": [4.25, 6.5, 4.375, 6.625], "texture": "#0"},
				"east": {"uv": [4.375, 6.5, 4.5, 6.625], "texture": "#0"},
				"south": {"uv": [4.5, 6.5, 4.625, 6.625], "texture": "#0"},
				"west": {"uv": [4.625, 6.5, 4.75, 6.625], "texture": "#0"},
				"up": {"uv": [4.875, 6.625, 4.75, 6.5], "texture": "#0"},
				"down": {"uv": [6.625, 2.75, 6.5, 2.875], "texture": "#0"}
			}
		},
		{
			"from": [-0.5, 1.33169, -1.36405],
			"to": [1.5, 3.33169, 0.63595],
			"rotation": {"angle": -45, "axis": "x", "origin": [8.36532, 5.18372, 7.65034]},
			"faces": {
				"north": {"uv": [5.875, 6.625, 6.125, 6.875], "texture": "#0"},
				"east": {"uv": [5.875, 6.875, 6.125, 7.125], "texture": "#0"},
				"south": {"uv": [5.875, 7.125, 6.125, 7.375], "texture": "#0"},
				"west": {"uv": [5.875, 7.375, 6.125, 7.625], "texture": "#0"},
				"up": {"uv": [7.625, 4.375, 7.375, 4.125], "texture": "#0"},
				"down": {"uv": [7.625, 4.375, 7.375, 4.625], "texture": "#0"}
			}
		},
		{
			"from": [13.61466, 0.503, 1],
			"to": [24.61466, 0.503, 15],
			"rotation": {"angle": -45, "axis": "z", "origin": [8.36532, 5.18372, 7.65034]},
			"faces": {
				"north": {"uv": [0, 0, 1.375, 0], "texture": "#0"},
				"east": {"uv": [0, 0, 1.75, 0], "texture": "#0"},
				"south": {"uv": [0, 0, 1.375, 0], "texture": "#0"},
				"west": {"uv": [0, 0, 1.75, 0], "texture": "#0"},
				"up": {"uv": [6.625, 4.875, 4.875, 3.5], "rotation": 270, "texture": "#0"},
				"down": {"uv": [8, 0, 6.25, 1.375], "rotation": 90, "texture": "#0"}
			}
		},
		{
			"from": [7.9578, 6.15986, 1],
			"to": [18.9578, 6.15986, 15],
			"rotation": {"angle": -45, "axis": "z", "origin": [8.36532, 5.18372, 7.65034]},
			"faces": {
				"north": {"uv": [0, 0, 1.375, 0], "texture": "#0"},
				"east": {"uv": [0, 0, 1.75, 0], "texture": "#0"},
				"south": {"uv": [0, 0, 1.375, 0], "texture": "#0"},
				"west": {"uv": [0, 0, 1.75, 0], "texture": "#0"},
				"up": {"uv": [6.625, 4.875, 4.875, 3.5], "rotation": 270, "texture": "#0"},
				"down": {"uv": [8, 0, 6.25, 1.375], "rotation": 90, "texture": "#0"}
			}
		},
		{
			"from": [1, 1.00857, 13.40525],
			"to": [15, 1.00857, 24.40525],
			"rotation": {"angle": 45, "axis": "x", "origin": [8.36532, 5.18372, 7.65034]},
			"faces": {
				"north": {"uv": [0, 0, 1.75, 0], "texture": "#0"},
				"east": {"uv": [0, 0, 1.375, 0], "texture": "#0"},
				"south": {"uv": [0, 0, 1.75, 0], "texture": "#0"},
				"west": {"uv": [0, 0, 1.375, 0], "texture": "#0"},
				"up": {"uv": [4.875, 5.25, 3.5, 3.5], "rotation": 90, "texture": "#0"},
				"down": {"uv": [4.875, 0, 3.5, 1.75], "rotation": 270, "texture": "#0"}
			}
		},
		{
			"from": [1, 6.66542, 7.74839],
			"to": [15, 6.66542, 18.74839],
			"rotation": {"angle": 45, "axis": "x", "origin": [8.36532, 5.18372, 7.65034]},
			"faces": {
				"north": {"uv": [0, 0, 1.75, 0], "texture": "#0"},
				"east": {"uv": [0, 0, 1.375, 0], "texture": "#0"},
				"south": {"uv": [0, 0, 1.75, 0], "texture": "#0"},
				"west": {"uv": [0, 0, 1.375, 0], "texture": "#0"},
				"up": {"uv": [4.875, 5.25, 3.5, 3.5], "rotation": 90, "texture": "#0"},
				"down": {"uv": [4.875, 0, 3.5, 1.75], "rotation": 270, "texture": "#0"}
			}
		},
		{
			"from": [14.88054, -1.5, 13.28215],
			"to": [15.88054, -0.5, 14.28215],
			"rotation": {"angle": -22.5, "axis": "y", "origin": [8.36532, 5.18372, 7.65034]},
			"faces": {
				"north": {"uv": [6.5, 2.875, 6.625, 3], "texture": "#0"},
				"east": {"uv": [6.5, 3, 6.625, 3.125], "texture": "#0"},
				"south": {"uv": [6.5, 3.125, 6.625, 3.25], "texture": "#0"},
				"west": {"uv": [6.5, 3.25, 6.625, 3.375], "texture": "#0"},
				"up": {"uv": [6.625, 3.5, 6.5, 3.375], "texture": "#0"},
				"down": {"uv": [6.25, 6.625, 6.125, 6.75], "texture": "#0"}
			}
		},
		{
			"from": [4.85577, -4.17315, 15],
			"to": [6.85577, -2.17315, 17],
			"rotation": {"angle": 45, "axis": "z", "origin": [8.36532, 5.18372, 7.65034]},
			"faces": {
				"north": {"uv": [0.25, 7.625, 0.5, 7.875], "texture": "#0"},
				"east": {"uv": [0.5, 7.625, 0.75, 7.875], "texture": "#0"},
				"south": {"uv": [7.375, 4.625, 7.625, 4.875], "texture": "#0"},
				"west": {"uv": [0, 7.625, 0.25, 7.875], "texture": "#0"},
				"up": {"uv": [1, 7.875, 0.75, 7.625], "rotation": 180, "texture": "#0"},
				"down": {"uv": [1.25, 7.625, 1, 7.875], "rotation": 180, "texture": "#0"}
			}
		},
		{
			"from": [10.56996, 16.5, 8.7058],
			"to": [11.56996, 17.5, 9.7058],
			"rotation": {"angle": 22.5, "axis": "y", "origin": [8.36532, 5.18372, 7.65034]},
			"faces": {
				"north": {"uv": [6.5, 3.25, 6.625, 3.375], "texture": "#0"},
				"east": {"uv": [6.5, 2.875, 6.625, 3], "texture": "#0"},
				"south": {"uv": [6.5, 3, 6.625, 3.125], "texture": "#0"},
				"west": {"uv": [6.5, 3.125, 6.625, 3.25], "texture": "#0"},
				"up": {"uv": [6.625, 3.5, 6.5, 3.375], "rotation": 90, "texture": "#0"},
				"down": {"uv": [6.25, 6.625, 6.125, 6.75], "rotation": 270, "texture": "#0"}
			}
		},
		{
			"from": [10.06996, 14.5, 8.2058],
			"to": [12.06996, 16.5, 10.2058],
			"rotation": {"angle": 22.5, "axis": "y", "origin": [8.36532, 5.18372, 7.65034]},
			"faces": {
				"north": {"uv": [0.5, 7.625, 0.75, 7.875], "texture": "#0"},
				"east": {"uv": [7.375, 4.625, 7.625, 4.875], "texture": "#0"},
				"south": {"uv": [0, 7.625, 0.25, 7.875], "texture": "#0"},
				"west": {"uv": [0.25, 7.625, 0.5, 7.875], "texture": "#0"},
				"up": {"uv": [1, 7.875, 0.75, 7.625], "rotation": 90, "texture": "#0"},
				"down": {"uv": [1.25, 7.625, 1, 7.875], "rotation": 270, "texture": "#0"}
			}
		},
		{
			"from": [2.01985, -5.5, 1.83214],
			"to": [3.01985, -4.5, 2.83214],
			"rotation": {"angle": -22.5, "axis": "y", "origin": [8.36532, 5.18372, 7.65034]},
			"faces": {
				"north": {"uv": [6.5, 2.875, 6.625, 3], "texture": "#0"},
				"east": {"uv": [6.5, 3, 6.625, 3.125], "texture": "#0"},
				"south": {"uv": [6.5, 3.125, 6.625, 3.25], "texture": "#0"},
				"west": {"uv": [6.5, 3.25, 6.625, 3.375], "texture": "#0"},
				"up": {"uv": [6.625, 3.5, 6.5, 3.375], "texture": "#0"},
				"down": {"uv": [6.25, 6.625, 6.125, 6.75], "texture": "#0"}
			}
		},
		{
			"from": [4, -9.13397, 9.85593],
			"to": [6, -7.13397, 11.85593],
			"rotation": {"angle": 45, "axis": "x", "origin": [8.36532, 5.18372, 7.65034]},
			"faces": {
				"north": {"uv": [0.5, 7.625, 0.75, 7.875], "texture": "#0"},
				"east": {"uv": [7.375, 4.625, 7.625, 4.875], "texture": "#0"},
				"south": {"uv": [0, 7.625, 0.25, 7.875], "texture": "#0"},
				"west": {"uv": [0.25, 7.625, 0.5, 7.875], "texture": "#0"},
				"up": {"uv": [1, 7.875, 0.75, 7.625], "rotation": 90, "texture": "#0"},
				"down": {"uv": [1.25, 7.625, 1, 7.875], "rotation": 270, "texture": "#0"}
			}
		},
		{
			"from": [6.44003, -5, 14.72698],
			"to": [7.44003, -4, 15.72698],
			"rotation": {"angle": -45, "axis": "y", "origin": [8.36532, 5.18372, 7.65034]},
			"faces": {
				"north": {"uv": [1.625, 4.125, 1.75, 4.25], "texture": "#0"},
				"east": {"uv": [1.625, 4.25, 1.75, 4.375], "texture": "#0"},
				"south": {"uv": [1.375, 4.375, 1.5, 4.5], "texture": "#0"},
				"west": {"uv": [1.5, 4.375, 1.625, 4.5], "texture": "#0"},
				"up": {"uv": [1.75, 4.5, 1.625, 4.375], "texture": "#0"},
				"down": {"uv": [4.25, 6.5, 4.125, 6.625], "texture": "#0"}
			}
		},
		{
			"from": [5.94003, -7, 14.22698],
			"to": [7.94003, -5, 16.22698],
			"rotation": {"angle": -45, "axis": "y", "origin": [8.36532, 5.18372, 7.65034]},
			"faces": {
				"north": {"uv": [4.125, 6.25, 4.375, 6.5], "texture": "#0"},
				"east": {"uv": [4.375, 6.25, 4.625, 6.5], "texture": "#0"},
				"south": {"uv": [4.625, 6.25, 4.875, 6.5], "texture": "#0"},
				"west": {"uv": [6.25, 2.75, 6.5, 3], "texture": "#0"},
				"up": {"uv": [6.5, 3.25, 6.25, 3], "texture": "#0"},
				"down": {"uv": [6.5, 3.25, 6.25, 3.5], "texture": "#0"}
			}
		},
		{
			"from": [2.9045, 10.75, 5.18104],
			"to": [3.9045, 11.75, 6.18104],
			"rotation": {"angle": -45, "axis": "y", "origin": [8.36532, 5.18372, 7.65034]},
			"faces": {
				"north": {"uv": [1.625, 4.125, 1.75, 4.25], "texture": "#0"},
				"east": {"uv": [1.625, 4.25, 1.75, 4.375], "texture": "#0"},
				"south": {"uv": [1.375, 4.375, 1.5, 4.5], "texture": "#0"},
				"west": {"uv": [1.5, 4.375, 1.625, 4.5], "texture": "#0"},
				"up": {"uv": [1.75, 4.5, 1.625, 4.375], "texture": "#0"},
				"down": {"uv": [4.25, 6.5, 4.125, 6.625], "texture": "#0"}
			}
		},
		{
			"from": [2.64072, 5.91681, 1.75],
			"to": [4.64072, 7.91681, 3.75],
			"rotation": {"angle": -45, "axis": "z", "origin": [8.36532, 5.18372, 7.65034]},
			"faces": {
				"north": {"uv": [4.125, 6.25, 4.375, 6.5], "texture": "#0"},
				"east": {"uv": [4.375, 6.25, 4.625, 6.5], "texture": "#0"},
				"south": {"uv": [4.625, 6.25, 4.875, 6.5], "texture": "#0"},
				"west": {"uv": [6.25, 2.75, 6.5, 3], "texture": "#0"},
				"up": {"uv": [6.5, 3.25, 6.25, 3], "texture": "#0"},
				"down": {"uv": [6.5, 3.25, 6.25, 3.5], "texture": "#0"}
			}
		},
		{
			"from": [12.67682, 12.5, 5.6276],
			"to": [13.67682, 13.5, 6.6276],
			"rotation": {"angle": 22.5, "axis": "y", "origin": [8.36532, 5.18372, 7.65034]},
			"faces": {
				"north": {"uv": [4.625, 6.5, 4.75, 6.625], "texture": "#0"},
				"east": {"uv": [4.25, 6.5, 4.375, 6.625], "texture": "#0"},
				"south": {"uv": [4.375, 6.5, 4.5, 6.625], "texture": "#0"},
				"west": {"uv": [4.5, 6.5, 4.625, 6.625], "texture": "#0"},
				"up": {"uv": [4.875, 6.625, 4.75, 6.5], "rotation": 90, "texture": "#0"},
				"down": {"uv": [6.625, 2.75, 6.5, 2.875], "rotation": 270, "texture": "#0"}
			}
		},
		{
			"from": [12.17682, 10.5, 5.1276],
			"to": [14.17682, 12.5, 7.1276],
			"rotation": {"angle": 22.5, "axis": "y", "origin": [8.36532, 5.18372, 7.65034]},
			"faces": {
				"north": {"uv": [5.875, 7.375, 6.125, 7.625], "texture": "#0"},
				"east": {"uv": [5.875, 6.625, 6.125, 6.875], "texture": "#0"},
				"south": {"uv": [5.875, 6.875, 6.125, 7.125], "texture": "#0"},
				"west": {"uv": [5.875, 7.125, 6.125, 7.375], "texture": "#0"},
				"up": {"uv": [7.625, 4.375, 7.375, 4.125], "rotation": 90, "texture": "#0"},
				"down": {"uv": [7.625, 4.375, 7.375, 4.625], "rotation": 270, "texture": "#0"}
			}
		},
		{
			"from": [11.56655, -9.5, 1.46873],
			"to": [12.56655, -8.5, 2.46873],
			"rotation": {"angle": -45, "axis": "y", "origin": [8.36532, 5.18372, 7.65034]},
			"faces": {
				"north": {"uv": [4.25, 6.5, 4.375, 6.625], "texture": "#0"},
				"east": {"uv": [4.375, 6.5, 4.5, 6.625], "texture": "#0"},
				"south": {"uv": [4.5, 6.5, 4.625, 6.625], "texture": "#0"},
				"west": {"uv": [4.625, 6.5, 4.75, 6.625], "texture": "#0"},
				"up": {"uv": [4.875, 6.625, 4.75, 6.5], "texture": "#0"},
				"down": {"uv": [6.625, 2.75, 6.5, 2.875], "texture": "#0"}
			}
		},
		{
			"from": [14, -7.89654, 16.75022],
			"to": [16, -5.89654, 18.75022],
			"rotation": {"angle": 45, "axis": "x", "origin": [8.36532, 5.18372, 7.65034]},
			"faces": {
				"north": {"uv": [5.875, 7.375, 6.125, 7.625], "texture": "#0"},
				"east": {"uv": [5.875, 6.625, 6.125, 6.875], "texture": "#0"},
				"south": {"uv": [5.875, 6.875, 6.125, 7.125], "texture": "#0"},
				"west": {"uv": [5.875, 7.125, 6.125, 7.375], "texture": "#0"},
				"up": {"uv": [7.625, 4.375, 7.375, 4.125], "rotation": 90, "texture": "#0"},
				"down": {"uv": [7.625, 4.375, 7.375, 4.625], "rotation": 270, "texture": "#0"}
			}
		},
		{
			"from": [12.50518, 11, 8.85409],
			"to": [13.50518, 12, 9.85409],
			"rotation": {"angle": -22.5, "axis": "y", "origin": [8.36532, 5.18372, 7.65034]},
			"faces": {
				"north": {"uv": [4.25, 6.5, 4.375, 6.625], "texture": "#0"},
				"east": {"uv": [4.375, 6.5, 4.5, 6.625], "texture": "#0"},
				"south": {"uv": [4.5, 6.5, 4.625, 6.625], "texture": "#0"},
				"west": {"uv": [4.625, 6.5, 4.75, 6.625], "texture": "#0"},
				"up": {"uv": [4.875, 6.625, 4.75, 6.5], "texture": "#0"},
				"down": {"uv": [6.625, 2.75, 6.5, 2.875], "texture": "#0"}
			}
		},
		{
			"from": [11, 9.95791, 5.61329],
			"to": [13, 11.95791, 7.61329],
			"rotation": {"angle": 45, "axis": "x", "origin": [8.36532, 5.18372, 7.65034]},
			"faces": {
				"north": {"uv": [5.875, 7.375, 6.125, 7.625], "texture": "#0"},
				"east": {"uv": [5.875, 6.625, 6.125, 6.875], "texture": "#0"},
				"south": {"uv": [5.875, 6.875, 6.125, 7.125], "texture": "#0"},
				"west": {"uv": [5.875, 7.125, 6.125, 7.375], "texture": "#0"},
				"up": {"uv": [7.625, 4.375, 7.375, 4.125], "rotation": 90, "texture": "#0"},
				"down": {"uv": [7.625, 4.375, 7.375, 4.625], "rotation": 270, "texture": "#0"}
			}
		},
		{
			"from": [16.02876, -1.75, 7.39244],
			"to": [17.02876, -0.75, 8.39244],
			"rotation": {"angle": 22.5, "axis": "y", "origin": [8.36532, 5.18372, 7.65034]},
			"faces": {
				"north": {"uv": [3.125, 1.625, 3.25, 1.75], "texture": "#0"},
				"east": {"uv": [2.75, 1.625, 2.875, 1.75], "texture": "#0"},
				"south": {"uv": [2.875, 1.625, 3, 1.75], "texture": "#0"},
				"west": {"uv": [3, 1.625, 3.125, 1.75], "texture": "#0"},
				"up": {"uv": [3.375, 1.75, 3.25, 1.625], "rotation": 90, "texture": "#0"},
				"down": {"uv": [3.5, 1.625, 3.375, 1.75], "rotation": 270, "texture": "#0"}
			}
		},
		{
			"from": [15, -3.47712, 10.20948],
			"to": [17, -1.47712, 12.20948],
			"rotation": {"angle": 45, "axis": "x", "origin": [8.36532, 5.18372, 7.65034]},
			"faces": {
				"north": {"uv": [4.125, 6, 4.375, 6.25], "texture": "#0"},
				"east": {"uv": [3, 1.375, 3.25, 1.625], "texture": "#0"},
				"south": {"uv": [3.25, 1.375, 3.5, 1.625], "texture": "#0"},
				"west": {"uv": [1.375, 4.125, 1.625, 4.375], "texture": "#0"},
				"up": {"uv": [4.625, 6.25, 4.375, 6], "rotation": 90, "texture": "#0"},
				"down": {"uv": [4.875, 6, 4.625, 6.25], "rotation": 270, "texture": "#0"}
			}
		},
		{
			"from": [4.85072, 18.75, 5.03748],
			"to": [5.85072, 19.75, 6.03748],
			"rotation": {"angle": 22.5, "axis": "y", "origin": [8.36532, 5.18372, 7.65034]},
			"faces": {
				"north": {"uv": [3.125, 1.625, 3.25, 1.75], "texture": "#0"},
				"east": {"uv": [2.75, 1.625, 2.875, 1.75], "texture": "#0"},
				"south": {"uv": [2.875, 1.625, 3, 1.75], "texture": "#0"},
				"west": {"uv": [3, 1.625, 3.125, 1.75], "texture": "#0"},
				"up": {"uv": [3.375, 1.75, 3.25, 1.625], "rotation": 90, "texture": "#0"},
				"down": {"uv": [3.5, 1.625, 3.375, 1.75], "rotation": 270, "texture": "#0"}
			}
		},
		{
			"from": [4.35072, 16.75, 4.53748],
			"to": [6.35072, 18.75, 6.53748],
			"rotation": {"angle": 22.5, "axis": "y", "origin": [8.36532, 5.18372, 7.65034]},
			"faces": {
				"north": {"uv": [4.125, 6, 4.375, 6.25], "texture": "#0"},
				"east": {"uv": [3, 1.375, 3.25, 1.625], "texture": "#0"},
				"south": {"uv": [3.25, 1.375, 3.5, 1.625], "texture": "#0"},
				"west": {"uv": [1.375, 4.125, 1.625, 4.375], "texture": "#0"},
				"up": {"uv": [4.625, 6.25, 4.375, 6], "rotation": 90, "texture": "#0"},
				"down": {"uv": [4.875, 6, 4.625, 6.25], "rotation": 270, "texture": "#0"}
			}
		},
		{
			"from": [12.09688, -1, 13.31276],
			"to": [13.09688, 0, 14.31276],
			"rotation": {"angle": -45, "axis": "y", "origin": [8.36532, 5.18372, 7.65034]},
			"faces": {
				"north": {"uv": [2.75, 1.625, 2.875, 1.75], "texture": "#0"},
				"east": {"uv": [2.875, 1.625, 3, 1.75], "texture": "#0"},
				"south": {"uv": [3, 1.625, 3.125, 1.75], "texture": "#0"},
				"west": {"uv": [3.125, 1.625, 3.25, 1.75], "texture": "#0"},
				"up": {"uv": [3.375, 1.75, 3.25, 1.625], "texture": "#0"},
				"down": {"uv": [3.5, 1.625, 3.375, 1.75], "texture": "#0"}
			}
		},
		{
			"from": [11.59688, -3, 12.81276],
			"to": [13.59688, -1, 14.81276],
			"rotation": {"angle": -45, "axis": "y", "origin": [8.36532, 5.18372, 7.65034]},
			"faces": {
				"north": {"uv": [3, 1.375, 3.25, 1.625], "texture": "#0"},
				"east": {"uv": [3.25, 1.375, 3.5, 1.625], "texture": "#0"},
				"south": {"uv": [1.375, 4.125, 1.625, 4.375], "texture": "#0"},
				"west": {"uv": [4.125, 6, 4.375, 6.25], "texture": "#0"},
				"up": {"uv": [4.625, 6.25, 4.375, 6], "texture": "#0"},
				"down": {"uv": [4.875, 6, 4.625, 6.25], "texture": "#0"}
			}
		},
		{
			"from": [5.48898, -2.19351, 2.02218],
			"to": [6.48898, 2.80649, 3.02218],
			"rotation": {"angle": -22.5, "axis": "z", "origin": [8.36532, 5.18372, 7.65034]},
			"faces": {
				"north": {"uv": [13, 0.125, 13.125, 0.75], "texture": "#0"},
				"east": {"uv": [13.75, 0.125, 13.875, 0.75], "texture": "#0"},
				"south": {"uv": [13.5, 0.125, 13.625, 0.75], "texture": "#0"},
				"west": {"uv": [13.25, 0.125, 13.375, 0.75], "texture": "#0"},
				"up": {"uv": [13.25, 0.875, 13.375, 1], "rotation": 90, "texture": "#0"},
				"down": {"uv": [13, 0.875, 13.125, 1], "rotation": 270, "texture": "#0"}
			}
		},
		{
			"from": [1.80866, -0.9139, 2.04718],
			"to": [3.80866, 0.0861, 2.99718],
			"rotation": {"angle": 0, "axis": "z", "origin": [8.36532, 5.18372, 7.65034]},
			"faces": {
				"north": {"uv": [13.75, 2, 13.875, 2.25], "rotation": 270, "texture": "#0"},
				"east": {"uv": [13.25, 2.375, 13.375, 2.5], "rotation": 180, "texture": "#0"},
				"south": {"uv": [13, 2, 13.125, 2.25], "rotation": 90, "texture": "#0"},
				"west": {"uv": [13, 2.375, 13.125, 2.5], "texture": "#0"},
				"up": {"uv": [13.5, 2, 13.625, 2.25], "rotation": 90, "texture": "#0"},
				"down": {"uv": [13.25, 2, 13.375, 2.25], "rotation": 90, "texture": "#0"}
			}
		},
		{
			"from": [-0.02571, 2.05938, 2.07218],
			"to": [0.97429, 4.05938, 2.97218],
			"rotation": {"angle": 22.5, "axis": "z", "origin": [8.36532, 5.18372, 7.65034]},
			"faces": {
				"north": {"uv": [13.75, 3, 13.875, 3.25], "rotation": 180, "texture": "#0"},
				"east": {"uv": [13.5, 3, 13.625, 3.25], "rotation": 180, "texture": "#0"},
				"south": {"uv": [13, 3, 13.125, 3.25], "rotation": 180, "texture": "#0"},
				"west": {"uv": [13.25, 3, 13.375, 3.25], "rotation": 180, "texture": "#0"},
				"up": {"uv": [13, 3.5, 13.125, 3.625], "rotation": 90, "texture": "#0"},
				"down": {"uv": [13.25, 3.5, 13.375, 3.625], "rotation": 270, "texture": "#0"}
			}
		},
		{
			"from": [14, -9, 3.25],
			"to": [15, -4, 4.25],
			"rotation": {"angle": 0, "axis": "y", "origin": [8.36532, 5.18372, 7.65034]},
			"faces": {
				"north": {"uv": [13.375, 0.125, 13.25, 0.75], "texture": "#0"},
				"east": {"uv": [13.625, 0.125, 13.5, 0.75], "texture": "#0"},
				"south": {"uv": [13.875, 0.125, 13.75, 0.75], "texture": "#0"},
				"west": {"uv": [13.125, 0.125, 13, 0.75], "texture": "#0"},
				"up": {"uv": [13.25, 1, 13.375, 0.875], "texture": "#0"},
				"down": {"uv": [13, 1, 13.125, 0.875], "texture": "#0"}
			}
		},
		{
			"from": [14.025, -6.61908, -2.91904],
			"to": [14.975, -5.61908, -0.91904],
			"rotation": {"angle": -22.5, "axis": "x", "origin": [8.36532, 5.18372, 7.65034]},
			"faces": {
				"north": {"uv": [13.125, 2.375, 13, 2.5], "texture": "#0"},
				"east": {"uv": [13, 2.25, 13.125, 2], "rotation": 90, "texture": "#0"},
				"south": {"uv": [13.375, 2.375, 13.25, 2.5], "rotation": 180, "texture": "#0"},
				"west": {"uv": [13.75, 2.25, 13.875, 2], "rotation": 270, "texture": "#0"},
				"up": {"uv": [13.5, 2.25, 13.625, 2], "texture": "#0"},
				"down": {"uv": [13.25, 2.25, 13.375, 2], "rotation": 180, "texture": "#0"}
			}
		},
		{
			"from": [14.05, -9.09785, 12.50997],
			"to": [14.95, -8.09785, 14.50997],
			"rotation": {"angle": 45, "axis": "x", "origin": [8.36532, 5.18372, 7.65034]},
			"faces": {
				"north": {"uv": [13.125, 3.5, 13, 3.625], "texture": "#0"},
				"east": {"uv": [13, 3.25, 13.125, 3], "rotation": 90, "texture": "#0"},
				"south": {"uv": [13.375, 3.5, 13.25, 3.625], "rotation": 180, "texture": "#0"},
				"west": {"uv": [13.75, 3.25, 13.875, 3], "rotation": 270, "texture": "#0"},
				"up": {"uv": [13.5, 3.25, 13.625, 3], "texture": "#0"},
				"down": {"uv": [13.25, 3.25, 13.375, 3], "rotation": 180, "texture": "#0"}
			}
		},
		{
			"from": [9, 1.29176, 12.87157],
			"to": [10, 6.29176, 13.87157],
			"rotation": {"angle": -22.5, "axis": "x", "origin": [8.36532, 5.18372, 7.65034]},
			"faces": {
				"north": {"uv": [13.75, 0.125, 13.875, 0.75], "texture": "#0"},
				"east": {"uv": [13.5, 0.125, 13.625, 0.75], "texture": "#0"},
				"south": {"uv": [13.25, 0.125, 13.375, 0.75], "texture": "#0"},
				"west": {"uv": [13, 0.125, 13.125, 0.75], "texture": "#0"},
				"up": {"uv": [13.25, 0.875, 13.375, 1], "texture": "#0"},
				"down": {"uv": [13, 0.875, 13.125, 1], "texture": "#0"}
			}
		},
		{
			"from": [9.025, 3.5861, 13.96352],
			"to": [9.975, 4.5861, 15.96352],
			"rotation": {"angle": 0, "axis": "x", "origin": [8.36532, 5.18372, 7.65034]},
			"faces": {
				"north": {"uv": [13.25, 2.375, 13.375, 2.5], "rotation": 180, "texture": "#0"},
				"east": {"uv": [13, 2, 13.125, 2.25], "rotation": 90, "texture": "#0"},
				"south": {"uv": [13, 2.375, 13.125, 2.5], "texture": "#0"},
				"west": {"uv": [13.75, 2, 13.875, 2.25], "rotation": 270, "texture": "#0"},
				"up": {"uv": [13.5, 2, 13.625, 2.25], "texture": "#0"},
				"down": {"uv": [13.25, 2, 13.375, 2.25], "rotation": 180, "texture": "#0"}
			}
		},
		{
			"from": [9.05, 6.88902, 14.9421],
			"to": [9.95, 8.88902, 15.9421],
			"rotation": {"angle": 22.5, "axis": "x", "origin": [8.36532, 5.18372, 7.65034]},
			"faces": {
				"north": {"uv": [13.5, 3, 13.625, 3.25], "rotation": 180, "texture": "#0"},
				"east": {"uv": [13, 3, 13.125, 3.25], "rotation": 180, "texture": "#0"},
				"south": {"uv": [13.25, 3, 13.375, 3.25], "rotation": 180, "texture": "#0"},
				"west": {"uv": [13.75, 3, 13.875, 3.25], "rotation": 180, "texture": "#0"},
				"up": {"uv": [13, 3.5, 13.125, 3.625], "texture": "#0"},
				"down": {"uv": [13.25, 3.5, 13.375, 3.625], "texture": "#0"}
			}
		}
	],
	"gui_light": "front",
	"display": {
		"thirdperson_righthand": {
			"translation": [0, 10, 1.25],
			"scale": [0.5, 0.5, 0.5]
		},
		"thirdperson_lefthand": {
			"translation": [0, 10, 1.25],
			"scale": [0.5, 0.5, 0.5]
		},
		"firstperson_righthand": {
			"scale": [0.5, 0.5, 0.5]
		},
		"firstperson_lefthand": {
			"scale": [0.5, 0.5, 0.5]
		},
		"ground": {
			"translation": [0, 1.5, 0],
			"scale": [0.2, 0.2, 0.2]
		},
		"gui": {
			"rotation": [68, 62, 122],
			"translation": [0.25, 0, 0],
			"scale": [0.3, -0.3, 0.3]
		},
		"head": {
			"translation": [0, 24, 0.5]
		},
		"fixed": {
			"rotation": [-90, 0, 0],
			"translation": [0, 0, -80],
			"scale": [4, 4, 4]
		}
	},
	"groups": [
		{
			"name": "group",
			"origin": [0, 0, 0],
			"color": 0,
			"children": [0, 1, 2, 3, 4]
		},
		{
			"name": "group",
			"origin": [0, -7, 0],
			"color": 0,
			"children": [5, 6]
		},
		{
			"name": "group",
			"origin": [3.70844, 20.15221, -2],
			"color": 0,
			"children": [7, 8, 9, 10, 11, 12, 13, 14]
		},
		{
			"name": "group",
			"origin": [0, -7, 0],
			"color": 0,
			"children": [15, 16, 17, 18, 19, 20, 21, 22, 23, 24, 25, 26]
		},
		{
			"name": "group",
			"origin": [0, -7, 0],
			"color": 0,
			"children": [27, 28]
		},
		{
			"name": "group",
			"origin": [0, -7, 0],
			"color": 0,
			"children": [29, 30, 31, 32, 33, 34, 35, 36, 37, 38, 39, 40, 41, 42, 43, 44]
		},
		{
			"name": "group",
			"origin": [-16, -1, 0.5],
			"color": 0,
			"children": [45, 46]
		},
		{
			"name": "group",
			"origin": [-16, -1, 0.5],
			"color": 0,
			"children": [47, 48]
		},
		{
			"name": "group",
			"origin": [-16, -1, 0.5],
			"color": 0,
			"children": [49, 50]
		},
		{
			"name": "group",
			"origin": [0, 1, 0],
			"color": 0,
			"children": [51, 52, 53, 54]
		},
		{
			"name": "group",
			"origin": [-16, -1, 0.5],
			"color": 0,
			"children": [55, 56]
		},
		{
			"name": "group",
			"origin": [-16, -1, 0.5],
			"color": 0,
			"children": [57, 58]
		},
		{
			"name": "group",
			"origin": [-16, -1, 0.5],
			"color": 0,
			"children": [59, 60]
		},
		{
			"name": "group",
			"origin": [-16, -1, 0.5],
			"color": 0,
			"children": [61, 62]
		},
		{
			"name": "group",
			"origin": [-16, -1, 0.5],
			"color": 0,
			"children": [63, 64]
		},
		{
			"name": "group",
			"origin": [-16, -1, 0.5],
			"color": 0,
			"children": [65, 66]
		},
		{
			"name": "group",
			"origin": [-16, -1, 0.5],
			"color": 0,
			"children": [67, 68]
		},
		{
			"name": "group",
			"origin": [-16, -1, 0.5],
			"color": 0,
			"children": [69, 70]
		},
		{
			"name": "group",
			"origin": [-16, -1, 0.5],
			"color": 0,
			"children": [71, 72]
		},
		{
			"name": "group",
			"origin": [-16, -1, 0.5],
			"color": 0,
			"children": [73, 74]
		},
		{
			"name": "group",
			"origin": [-16, -1, 0.5],
			"color": 0,
			"children": [75, 76]
		},
		{
			"name": "candy",
			"origin": [0.5, -1.35115, 20.55487],
			"color": 0,
			"children": [77, 78, 79]
		},
		{
			"name": "candy",
			"origin": [0.5, -1.35115, 20.55487],
			"color": 0,
			"children": [80, 81, 82]
		},
		{
			"name": "candy",
			"origin": [0.5, -1.35115, 20.55487],
			"color": 0,
			"children": [83, 84, 85]
		}
	]
}