{
	"credit": "Made with Blockbench",
	"texture_size": [128, 128],
	"textures": {
		"0": "toffy/xmasdecor/toffy_xmasdecor_gift",
		"particle": "toffy/xmasdecor/toffy_xmasdecor_gift"
	},
	"elements": [
		{
			"from": [0.5, 0, 0.5],
			"to": [15.5, 14, 15.5],
			"faces": {
				"north": {"uv": [5.375, 0, 7.25, 1.75], "texture": "#0"},
				"east": {"uv": [5.375, 1.875, 7.25, 3.625], "texture": "#0"},
				"south": {"uv": [0, 6.25, 1.875, 8], "texture": "#0"},
				"west": {"uv": [2, 6.25, 3.875, 8], "texture": "#0"},
				"up": {"uv": [5.125, 6.125, 3.25, 4.25], "texture": "#0"},
				"down": {"uv": [7.125, 4.25, 5.25, 6.125], "texture": "#0"}
			}
		},
		{
			"from": [0, 11, 0],
			"to": [16, 16, 16],
			"faces": {
				"north": {"uv": [4, 6.25, 6, 6.875], "texture": "#0"},
				"east": {"uv": [6.125, 6.25, 8.125, 6.875], "texture": "#0"},
				"south": {"uv": [4, 7, 6, 7.625], "texture": "#0"},
				"west": {"uv": [6.125, 7, 8.125, 7.625], "texture": "#0"},
				"up": {"uv": [5.25, 2, 3.25, 0], "texture": "#0"},
				"down": {"uv": [5.25, 2.125, 3.25, 4.125], "texture": "#0"}
			}
		},
		{
			"name": "flat",
			"from": [5.5, 10.975, -0.025],
			"to": [10.5, 16.05, 16.025],
			"faces": {
				"north": {"uv": [0.75, 8.125, 1.375, 8.75], "texture": "#0"},
				"east": {"uv": [7.25, 3.75, 9.25, 4.375], "texture": "#0"},
				"south": {"uv": [8.125, 0.875, 8.75, 1.5], "texture": "#0"},
				"west": {"uv": [7.25, 4.5, 9.25, 5.125], "texture": "#0"},
				"up": {"uv": [8, 2, 7.375, 0], "texture": "#0"},
				"down": {"uv": [4.625, 7.75, 4, 9.75], "texture": "#0"}
			}
		},
		{
			"name": "flat",
			"from": [-0.025, 10.975, 5.5],
			"to": [16.025, 16.025, 10.5],
			"rotation": {"angle": 0, "axis": "y", "origin": [8, 13.5125, 8]},
			"faces": {
				"north": {"uv": [7.25, 4.5, 9.25, 5.125], "texture": "#0"},
				"east": {"uv": [0.75, 8.125, 1.375, 8.75], "texture": "#0"},
				"south": {"uv": [7.25, 3.75, 9.25, 4.375], "texture": "#0"},
				"west": {"uv": [8.125, 0.875, 8.75, 1.5], "texture": "#0"},
				"up": {"uv": [8, 2, 7.375, 0], "rotation": 90, "texture": "#0"},
				"down": {"uv": [4.625, 7.75, 4, 9.75], "rotation": 270, "texture": "#0"}
			}
		},
		{
			"from": [-0.1194, 17.41342, 6.5],
			"to": [4.8806, 23.41342, 9.5],
			"rotation": {"angle": -22.5, "axis": "z", "origin": [-0.1194, 19.91342, 9]},
			"faces": {
				"north": {"uv": [6.875, 7.75, 7.5, 8.5], "texture": "#0"},
				"east": {"uv": [3, 8.125, 3.375, 8.875], "texture": "#0"},
				"south": {"uv": [7.625, 7.75, 8.25, 8.5], "texture": "#0"},
				"west": {"uv": [3.5, 8.125, 3.875, 8.875], "texture": "#0"},
				"up": {"uv": [6, 4.125, 5.375, 3.75], "texture": "#0"},
				"down": {"uv": [6.75, 3.75, 6.125, 4.125], "texture": "#0"}
			}
		},
		{
			"from": [3.5, 16, 7],
			"to": [7.5, 20, 9],
			"rotation": {"angle": -22.5, "axis": "z", "origin": [4.5, 18, 8.5]},
			"faces": {
				"north": {"uv": [8.375, 7.75, 8.875, 8.25], "texture": "#0"},
				"east": {"uv": [8.875, 0, 9.125, 0.5], "texture": "#0"},
				"south": {"uv": [8.375, 8.375, 8.875, 8.875], "texture": "#0"},
				"west": {"uv": [8.875, 0.625, 9.125, 1.125], "texture": "#0"},
				"up": {"uv": [1.25, 9.125, 0.75, 8.875], "texture": "#0"},
				"down": {"uv": [9.375, 1.25, 8.875, 1.5], "texture": "#0"}
			}
		},
		{
			"from": [6.5, 16, 6.5],
			"to": [9.5, 19, 9.5],
			"faces": {
				"north": {"uv": [6.75, 8.625, 7.125, 9], "texture": "#0"},
				"east": {"uv": [7.25, 8.625, 7.625, 9], "texture": "#0"},
				"south": {"uv": [7.75, 8.625, 8.125, 9], "texture": "#0"},
				"west": {"uv": [8.75, 6, 9.125, 6.375], "texture": "#0"},
				"up": {"uv": [9.125, 6.875, 8.75, 6.5], "texture": "#0"},
				"down": {"uv": [9.125, 7, 8.75, 7.375], "texture": "#0"}
			}
		},
		{
			"from": [8.5, 16, 7],
			"to": [12.5, 20, 9],
			"rotation": {"angle": 22.5, "axis": "z", "origin": [11.5, 18, 8.5]},
			"faces": {
				"north": {"uv": [4.75, 8.5, 5.25, 9], "texture": "#0"},
				"east": {"uv": [1.375, 8.875, 1.625, 9.375], "texture": "#0"},
				"south": {"uv": [5.375, 8.5, 5.875, 9], "texture": "#0"},
				"west": {"uv": [1.75, 8.875, 2, 9.375], "texture": "#0"},
				"up": {"uv": [9.375, 1.875, 8.875, 1.625], "texture": "#0"},
				"down": {"uv": [2.625, 8.875, 2.125, 9.125], "texture": "#0"}
			}
		},
		{
			"from": [11.1194, 17.41342, 6.5],
			"to": [16.1194, 23.41342, 9.5],
			"rotation": {"angle": 22.5, "axis": "z", "origin": [16.1194, 19.91342, 9]},
			"faces": {
				"north": {"uv": [0, 8.125, 0.625, 8.875], "texture": "#0"},
				"east": {"uv": [8.25, 6, 8.625, 6.75], "texture": "#0"},
				"south": {"uv": [8.125, 0, 8.75, 0.75], "texture": "#0"},
				"west": {"uv": [8.25, 6.875, 8.625, 7.625], "texture": "#0"},
				"up": {"uv": [8.75, 2, 8.125, 1.625], "texture": "#0"},
				"down": {"uv": [6.625, 8.5, 6, 8.875], "texture": "#0"}
			}
		}
	],
	"gui_light": "front",
	"display": {
		"thirdperson_righthand": {
			"translation": [-2.75, 0.75, 0],
			"scale": [0.4, 0.4, 0.4]
		},
		"thirdperson_lefthand": {
			"translation": [-2.75, 0.75, 0],
			"scale": [0.4, 0.4, 0.4]
		},
		"firstperson_righthand": {
			"scale": [0.4, 0.4, 0.4]
		},
		"firstperson_lefthand": {
			"scale": [0.4, 0.4, 0.4]
		},
		"ground": {
			"scale": [0.3, 0.3, 0.3]
		},
		"gui": {
			"rotation": [18, 27, 0],
			"translation": [0, -1.25, 0],
			"scale": [0.5, 0.5, 0.5]
		},
		"head": {
			"translation": [0, 11.75, 0],
			"scale": [0.7, 0.7, 0.7]
		},
		"fixed": {
			"rotation": [-90, 0, 0],
			"translation": [0, 0, -15.75],
			"scale": [2, 2, 2]
		}
	},
	"groups": [
		0,
		1,
		2,
		3,
		{
			"name": "bow",
			"origin": [16.1194, 19.91342, 9],
			"color": 0,
			"children": [4, 5, 6, 7, 8]
		}
	]
}