{"textures":{"0":"modelengine:entity/dragon"},"elements":[{"from":[3.4279995,-15.429144,3.4279995],"to":[12.5720005,2.8577142,12.5720005],"rotation":{"angle":-22.5,"axis":"x","origin":[-1.1428576,3.4285712,-16.000002]},"faces":{"east":{"uv":[9.882353,3.764706,10.823529,5.647059],"rotation":0,"texture":"#0","tintindex":0},"south":{"uv":[4.2352943,9.882353,5.1764708,11.764706],"rotation":0,"texture":"#0","tintindex":0},"north":{"uv":[3.2941177,9.882353,4.2352943,11.764706],"rotation":0,"texture":"#0","tintindex":0},"west":{"uv":[5.1764708,9.882353,6.117647,11.764706],"rotation":0,"texture":"#0","tintindex":0},"up":{"uv":[12.823529,3.764706,11.882353,2.8235295],"rotation":0,"texture":"#0","tintindex":0},"down":{"uv":[12.823529,3.764706,11.882353,4.7058825],"rotation":0,"texture":"#0","tintindex":0}}}],"display":{"head":{"translation":[0.0,-6.4,0.0],"scale":[4.0,4.0,4.0]}}}