{"textures":{"0":"modelengine:entity/dragon"},"elements":[{"from":[3.4279995,-15.429144,3.4279995],"to":[12.5720005,2.8577142,12.5720005],"rotation":{"angle":-22.5,"axis":"x","origin":[17.142857,3.4285712,-16.000002]},"faces":{"east":{"uv":[1.4117647,9.882353,2.3529413,11.764706],"rotation":0,"texture":"#0","tintindex":0},"south":{"uv":[9.882353,1.882353,10.823529,3.764706],"rotation":0,"texture":"#0","tintindex":0},"north":{"uv":[9.882353,0.0,10.823529,1.882353],"rotation":0,"texture":"#0","tintindex":0},"west":{"uv":[2.3529413,9.882353,3.2941177,11.764706],"rotation":0,"texture":"#0","tintindex":0},"up":{"uv":[12.823529,1.882353,11.882353,0.9411765],"rotation":0,"texture":"#0","tintindex":0},"down":{"uv":[12.823529,1.882353,11.882353,2.8235295],"rotation":0,"texture":"#0","tintindex":0}}}],"display":{"head":{"translation":[0.0,-6.4,0.0],"scale":[4.0,4.0,4.0]}}}