{"textures":{"0":"modelengine:entity/dragon"},"elements":[{"from":[4.570857,-16.0,-0.5720005],"to":[11.429143,2.2868576,6.2862854],"rotation":{"angle":-45.0,"axis":"x","origin":[17.142857,24.572002,-12.57143]},"faces":{"east":{"uv":[10.823529,9.411765,11.529411,11.294118],"rotation":0,"texture":"#0","tintindex":0},"south":{"uv":[10.117647,10.823529,10.823529,12.705882],"rotation":0,"texture":"#0","tintindex":0},"north":{"uv":[9.411765,10.823529,10.117647,12.705882],"rotation":0,"texture":"#0","tintindex":0},"west":{"uv":[0.0,11.294118,0.7058824,13.176471],"rotation":0,"texture":"#0","tintindex":0},"up":{"uv":[5.4117646,13.411765,4.7058825,12.705882],"rotation":0,"texture":"#0","tintindex":0},"down":{"uv":[6.117647,12.705882,5.4117646,13.411765],"rotation":0,"texture":"#0","tintindex":0}}}],"display":{"head":{"translation":[0.0,-22.402288,0.0],"scale":[4.0,4.0,4.0]}}}