{"textures":{"0":"modelengine:entity/dragon"},"elements":[{"from":[4.570857,-16.0,-0.5720005],"to":[11.429143,2.2868576,6.2862854],"rotation":{"angle":-45.0,"axis":"x","origin":[-1.1428576,24.572002,-12.57143]},"faces":{"east":{"uv":[10.823529,11.294118,11.529411,13.176471],"rotation":0,"texture":"#0","tintindex":0},"south":{"uv":[11.529411,9.411765,12.235294,11.294118],"rotation":0,"texture":"#0","tintindex":0},"north":{"uv":[0.7058824,11.294118,1.4117647,13.176471],"rotation":0,"texture":"#0","tintindex":0},"west":{"uv":[11.529411,11.294118,12.235294,13.176471],"rotation":0,"texture":"#0","tintindex":0},"up":{"uv":[13.529411,1.0588236,12.823529,0.3529412],"rotation":0,"texture":"#0","tintindex":0},"down":{"uv":[13.529411,1.0588236,12.823529,1.7647059],"rotation":0,"texture":"#0","tintindex":0}}}],"display":{"head":{"translation":[0.0,-22.402288,0.0],"scale":[4.0,4.0,4.0]}}}