{"textures":{"0":"modelengine:entity/dragon"},"elements":[{"from":[2.8565712,-5.143429,-11.429144],"to":[13.143429,-1.7137146,2.2862859],"rotation":{"angle":-45.0,"axis":"x","origin":[-1.1428576,37.714287,-17.142859]},"faces":{"east":{"uv":[12.823529,1.7647059,14.235294,2.1176472],"rotation":0,"texture":"#0","tintindex":0},"south":{"uv":[6.5882354,13.176471,7.647059,13.529411],"rotation":0,"texture":"#0","tintindex":0},"north":{"uv":[13.176471,6.0,14.235294,6.352941],"rotation":0,"texture":"#0","tintindex":0},"west":{"uv":[12.823529,2.1176472,14.235294,2.4705882],"rotation":0,"texture":"#0","tintindex":0},"up":{"uv":[11.882353,4.2352943,10.823529,2.8235295],"rotation":0,"texture":"#0","tintindex":0},"down":{"uv":[11.882353,4.2352943,10.823529,5.647059],"rotation":0,"texture":"#0","tintindex":0}}}],"display":{"head":{"translation":[0.0,-6.4,0.0],"scale":[4.0,4.0,4.0]}}}