{"textures":{"0":"modelengine:entity/dragon"},"elements":[{"from":[2.8565712,-5.143429,-12.000572],"to":[13.143429,-1.7137146,1.7148571],"rotation":{"angle":-45.0,"axis":"x","origin":[17.142857,37.714287,-17.142859]},"faces":{"east":{"uv":[9.411765,12.705882,10.823529,13.058824],"rotation":0,"texture":"#0","tintindex":0},"south":{"uv":[13.176471,5.647059,14.235294,6.0],"rotation":0,"texture":"#0","tintindex":0},"north":{"uv":[12.823529,4.352941,13.882353,4.7058825],"rotation":0,"texture":"#0","tintindex":0},"west":{"uv":[12.823529,0.0,14.235294,0.3529412],"rotation":0,"texture":"#0","tintindex":0},"up":{"uv":[11.882353,1.4117647,10.823529,0.0],"rotation":0,"texture":"#0","tintindex":0},"down":{"uv":[11.882353,1.4117647,10.823529,2.8235295],"rotation":0,"texture":"#0","tintindex":0}}}],"display":{"head":{"translation":[0.0,-6.4,0.0],"scale":[4.0,4.0,4.0]}}}