{"textures":{"0":"modelengine:entity/dragon"},"elements":[{"from":[7.428,7.9994287,21.713142],"to":[8.5720005,11.429143,28.571428],"rotation":{"angle":0.0,"axis":"y","origin":[8.0,-3.4285717,-5.722046E-4]},"faces":{"east":{"uv":[14.3529415,14.470589,15.058824,14.823529],"rotation":0,"texture":"#0","tintindex":0},"south":{"uv":[2.4705882,14.941176,2.5882354,15.294118],"rotation":0,"texture":"#0","tintindex":0},"north":{"uv":[2.3529413,14.941176,2.4705882,15.294118],"rotation":0,"texture":"#0","tintindex":0},"west":{"uv":[4.2352943,14.588235,4.9411764,14.941176],"rotation":0,"texture":"#0","tintindex":0},"up":{"uv":[6.352941,15.529411,6.2352943,14.823529],"rotation":0,"texture":"#0","tintindex":0},"down":{"uv":[6.470588,14.823529,6.352941,15.529411],"rotation":0,"texture":"#0","tintindex":0}}},{"from":[1.1422853,-5.714857,-4.5725727],"to":[14.857715,8.000571,32.0],"rotation":{"angle":0.0,"axis":"y","origin":[8.0,-3.4285717,-5.722046E-4]},"faces":{"east":{"uv":[6.5882354,6.5882354,10.3529415,8.0],"rotation":0,"texture":"#0","tintindex":0},"south":{"uv":[0.0,9.882353,1.4117647,11.294118],"rotation":0,"texture":"#0","tintindex":0},"north":{"uv":[9.411765,9.411765,10.823529,10.823529],"rotation":0,"texture":"#0","tintindex":0},"west":{"uv":[6.5882354,8.0,10.3529415,9.411765],"rotation":0,"texture":"#0","tintindex":0},"up":{"uv":[8.0,13.176471,6.5882354,9.411765],"rotation":0,"texture":"#0","tintindex":0},"down":{"uv":[9.411765,9.411765,8.0,13.176471],"rotation":0,"texture":"#0","tintindex":0}}},{"from":[7.428,7.9994287,-1.144001],"to":[8.5720005,11.429143,5.714285],"rotation":{"angle":0.0,"axis":"y","origin":[8.0,-3.4285717,-5.722046E-4]},"faces":{"east":{"uv":[14.470589,11.823529,15.176471,12.176471],"rotation":0,"texture":"#0","tintindex":0},"south":{"uv":[2.0,14.941176,2.1176472,15.294118],"rotation":0,"texture":"#0","tintindex":0},"north":{"uv":[1.882353,14.941176,2.0,15.294118],"rotation":0,"texture":"#0","tintindex":0},"west":{"uv":[14.470589,12.176471,15.176471,12.529411],"rotation":0,"texture":"#0","tintindex":0},"up":{"uv":[8.941176,15.058824,8.823529,14.3529415],"rotation":0,"texture":"#0","tintindex":0},"down":{"uv":[12.588235,14.3529415,12.470589,15.058824],"rotation":0,"texture":"#0","tintindex":0}}},{"from":[7.428,7.9994287,10.284571],"to":[8.5720005,11.429143,17.142857],"rotation":{"angle":0.0,"axis":"y","origin":[8.0,-3.4285717,-5.722046E-4]},"faces":{"east":{"uv":[14.470589,12.529411,15.176471,12.882353],"rotation":0,"texture":"#0","tintindex":0},"south":{"uv":[2.235294,14.941176,2.3529413,15.294118],"rotation":0,"texture":"#0","tintindex":0},"north":{"uv":[2.1176472,14.941176,2.235294,15.294118],"rotation":0,"texture":"#0","tintindex":0},"west":{"uv":[14.470589,12.882353,15.176471,13.235294],"rotation":0,"texture":"#0","tintindex":0},"up":{"uv":[6.9411764,15.411765,6.8235292,14.705882],"rotation":0,"texture":"#0","tintindex":0},"down":{"uv":[7.0588236,14.705882,6.9411764,15.411765],"rotation":0,"texture":"#0","tintindex":0}}}],"display":{"head":{"translation":[0.0,-6.4,13.716576],"scale":[4.0,4.0,4.0]}}}