{"textures":{"0":"modelengine:entity/dragon"},"elements":[{"from":[5.1422853,14.856571,-4.8577147],"to":[9.714857,17.143429,4.2862854],"rotation":{"angle":-45.0,"axis":"x","origin":[14.285715,30.857143,6.857143]},"faces":{"east":{"uv":[14.588235,10.3529415,15.529411,10.588235],"rotation":0,"texture":"#0","tintindex":0},"south":{"uv":[7.1764708,13.529411,7.647059,13.764706],"rotation":0,"texture":"#0","tintindex":0},"north":{"uv":[13.176471,6.352941,13.6470585,6.5882354],"rotation":0,"texture":"#0","tintindex":0},"west":{"uv":[14.588235,10.588235,15.529411,10.823529],"rotation":0,"texture":"#0","tintindex":0},"up":{"uv":[6.5882354,13.6470585,6.117647,12.705882],"rotation":0,"texture":"#0","tintindex":0},"down":{"uv":[13.294118,2.4705882,12.823529,3.4117646],"rotation":0,"texture":"#0","tintindex":0}}}],"display":{"head":{"translation":[0.0,-6.4,0.0],"scale":[4.0,4.0,4.0]}}}