{"textures":{"0":"modelengine:entity/dragon"},"elements":[{"from":[5.713714,14.856571,-4.8577147],"to":[10.286285,17.143429,4.2862854],"rotation":{"angle":-45.0,"axis":"x","origin":[1.1428566,30.857143,6.857143]},"faces":{"east":{"uv":[14.705882,1.2352941,15.6470585,1.4705882],"rotation":0,"texture":"#0","tintindex":0},"south":{"uv":[14.823529,1.8235294,15.294118,2.0588236],"rotation":0,"texture":"#0","tintindex":0},"north":{"uv":[13.882353,4.2352943,14.3529415,4.470588],"rotation":0,"texture":"#0","tintindex":0},"west":{"uv":[1.882353,14.705882,2.8235295,14.941176],"rotation":0,"texture":"#0","tintindex":0},"up":{"uv":[13.294118,4.352941,12.823529,3.4117646],"rotation":0,"texture":"#0","tintindex":0},"down":{"uv":[13.411765,10.3529415,12.941176,11.294118],"rotation":0,"texture":"#0","tintindex":0}}}],"display":{"head":{"translation":[0.0,-6.4,0.0],"scale":[4.0,4.0,4.0]}}}