{"textures":{"0":"modelengine:entity/dragon"},"elements":[{"from":[19.99943,3.4279995,11.428],"to":[23.429142,14.857715,14.857715],"rotation":{"angle":0.0,"axis":"y","origin":[1.9999995,17.714287,6.857143]},"faces":{"east":{"uv":[12.941176,12.470589,13.294118,13.6470585],"rotation":0,"texture":"#0","tintindex":0},"south":{"uv":[9.411765,13.058824,9.764706,14.235294],"rotation":0,"texture":"#0","tintindex":0},"north":{"uv":[12.941176,11.294118,13.294118,12.470589],"rotation":0,"texture":"#0","tintindex":0},"west":{"uv":[9.764706,13.058824,10.117647,14.235294],"rotation":0,"texture":"#0","tintindex":0},"up":{"uv":[13.764706,11.294118,13.411765,10.941176],"rotation":0,"texture":"#0","tintindex":0},"down":{"uv":[14.235294,13.294118,13.882353,13.6470585],"rotation":0,"texture":"#0","tintindex":0}}}],"display":{"head":{"translation":[0.0,-6.4,0.0],"scale":[4.0,4.0,4.0]}}}