{"textures":{"0":"modelengine:entity/dragon"},"elements":[{"from":[5.713714,-3.429143,5.713714],"to":[10.286285,10.286285,10.286285],"rotation":{"angle":-45.0,"axis":"x","origin":[1.1428566,5.714286,6.857143]},"faces":{"east":{"uv":[2.5882354,12.705882,3.0588236,14.117647],"rotation":0,"texture":"#0","tintindex":0},"south":{"uv":[3.0588236,12.705882,3.5294118,14.117647],"rotation":0,"texture":"#0","tintindex":0},"north":{"uv":[2.1176472,12.705882,2.5882354,14.117647],"rotation":0,"texture":"#0","tintindex":0},"west":{"uv":[3.5294118,12.705882,4.0,14.117647],"rotation":0,"texture":"#0","tintindex":0},"up":{"uv":[15.176471,0.7647059,14.705882,0.29411766],"rotation":0,"texture":"#0","tintindex":0},"down":{"uv":[15.176471,0.7647059,14.705882,1.2352941],"rotation":0,"texture":"#0","tintindex":0}}}],"display":{"head":{"translation":[0.0,-6.4,0.0],"scale":[4.0,4.0,4.0]}}}