{"textures":{"0":"modelengine:entity/dragon"},"elements":[{"from":[-7.429143,3.4279995,11.428],"to":[-3.9994297,14.857715,14.857715],"rotation":{"angle":0.0,"axis":"y","origin":[1.1428566,17.714287,6.857143]},"faces":{"east":{"uv":[10.470589,13.058824,10.823529,14.235294],"rotation":0,"texture":"#0","tintindex":0},"south":{"uv":[0.0,13.176471,0.3529412,14.3529415],"rotation":0,"texture":"#0","tintindex":0},"north":{"uv":[10.117647,13.058824,10.470589,14.235294],"rotation":0,"texture":"#0","tintindex":0},"west":{"uv":[0.3529412,13.176471,0.7058824,14.3529415],"rotation":0,"texture":"#0","tintindex":0},"up":{"uv":[15.176471,1.8235294,14.823529,1.4705882],"rotation":0,"texture":"#0","tintindex":0},"down":{"uv":[15.176471,5.647059,14.823529,6.0],"rotation":0,"texture":"#0","tintindex":0}}}],"display":{"head":{"translation":[0.0,-6.4,0.0],"scale":[4.0,4.0,4.0]}}}