{"textures":{"0":"modelengine:entity/dragon"},"elements":[{"from":[5.713714,-3.429143,5.713714],"to":[9.143429,10.286285,10.286285],"rotation":{"angle":-45.0,"axis":"x","origin":[14.857143,5.714286,6.857143]},"faces":{"east":{"uv":[6.117647,9.882353,6.5882354,11.294118],"rotation":0,"texture":"#0","tintindex":0},"south":{"uv":[4.352941,12.705882,4.7058825,14.117647],"rotation":0,"texture":"#0","tintindex":0},"north":{"uv":[4.0,12.705882,4.352941,14.117647],"rotation":0,"texture":"#0","tintindex":0},"west":{"uv":[6.117647,11.294118,6.5882354,12.705882],"rotation":0,"texture":"#0","tintindex":0},"up":{"uv":[12.941176,13.6470585,12.588235,13.176471],"rotation":0,"texture":"#0","tintindex":0},"down":{"uv":[6.8235292,14.705882,6.470588,15.176471],"rotation":0,"texture":"#0","tintindex":0}}}],"display":{"head":{"translation":[0.0,-6.4,0.0],"scale":[4.0,4.0,4.0]}}}