{"textures":{"0":"modelengine:entity/dragon"},"elements":[{"from":[-16.0,6.856571,-2.2868576],"to":[16.001144,9.143429,0.0],"rotation":{"angle":0.0,"axis":"y","origin":[54.857716,-2.8571434,-2.2862864]},"faces":{"east":{"uv":[5.882353,13.411765,6.117647,13.6470585],"rotation":0,"texture":"#0","tintindex":0},"south":{"uv":[11.882353,4.9411764,15.176471,5.1764708],"rotation":0,"texture":"#0","tintindex":0},"north":{"uv":[11.882353,4.7058825,15.176471,4.9411764],"rotation":0,"texture":"#0","tintindex":0},"west":{"uv":[1.882353,13.6470585,2.1176472,13.882353],"rotation":0,"texture":"#0","tintindex":0},"up":{"uv":[15.176471,5.4117646,11.882353,5.1764708],"rotation":0,"texture":"#0","tintindex":0},"down":{"uv":[15.176471,5.4117646,11.882353,5.647059],"rotation":0,"texture":"#0","tintindex":0}}},{"from":[-16.0,7.9994287,-0.0011434555],"to":[16.001144,8.000571,32.0],"rotation":{"angle":0.0,"axis":"y","origin":[54.857716,-2.8571434,-2.2862864]},"faces":{"east":{"uv":[0.0,0.0,3.2941177,0.0],"rotation":0,"texture":"#0","tintindex":0},"south":{"uv":[0.0,0.0,3.2941177,0.0],"rotation":0,"texture":"#0","tintindex":0},"north":{"uv":[0.0,0.0,3.2941177,0.0],"rotation":0,"texture":"#0","tintindex":0},"west":{"uv":[0.0,0.0,3.2941177,0.0],"rotation":0,"texture":"#0","tintindex":0},"up":{"uv":[6.5882354,3.2941177,3.2941177,0.0],"rotation":0,"texture":"#0","tintindex":0},"down":{"uv":[6.5882354,3.2941177,3.2941177,6.5882354],"rotation":0,"texture":"#0","tintindex":0}}}],"display":{"head":{"translation":[-32.00229,-6.4,36.573715],"scale":[4.0,4.0,4.0]}}}