{"textures":{"0":"modelengine:entity/dragon"},"elements":[{"from":[-16.0,5.713714,-3.4297142],"to":[16.001144,10.286285,1.1428571],"rotation":{"angle":0.0,"axis":"y","origin":[22.857716,-2.8571434,-2.2862864]},"faces":{"east":{"uv":[8.941176,13.764706,9.411765,14.235294],"rotation":0,"texture":"#0","tintindex":0},"south":{"uv":[9.882353,6.117647,13.176471,6.5882354],"rotation":0,"texture":"#0","tintindex":0},"north":{"uv":[9.882353,5.647059,13.176471,6.117647],"rotation":0,"texture":"#0","tintindex":0},"west":{"uv":[4.2352943,14.117647,4.7058825,14.588235],"rotation":0,"texture":"#0","tintindex":0},"up":{"uv":[13.6470585,7.0588236,10.3529415,6.5882354],"rotation":0,"texture":"#0","tintindex":0},"down":{"uv":[13.6470585,7.0588236,10.3529415,7.529412],"rotation":0,"texture":"#0","tintindex":0}}},{"from":[-16.0,7.9994287,-0.0011434555],"to":[16.001144,8.000571,32.0],"rotation":{"angle":0.0,"axis":"y","origin":[22.857716,-2.8571434,-2.2862864]},"faces":{"east":{"uv":[0.0,0.0,3.2941177,0.0],"rotation":0,"texture":"#0","tintindex":0},"south":{"uv":[0.0,0.0,3.2941177,0.0],"rotation":0,"texture":"#0","tintindex":0},"north":{"uv":[0.0,0.0,3.2941177,0.0],"rotation":0,"texture":"#0","tintindex":0},"west":{"uv":[0.0,0.0,3.2941177,0.0],"rotation":0,"texture":"#0","tintindex":0},"up":{"uv":[3.2941177,3.2941177,0.0,0.0],"rotation":0,"texture":"#0","tintindex":0},"down":{"uv":[3.2941177,3.2941177,0.0,6.5882354],"rotation":0,"texture":"#0","tintindex":0}}}],"display":{"head":{"translation":[-32.00229,-6.4,36.573715],"scale":[4.0,4.0,4.0]}}}