{"textures":{"0":"modelengine:entity/dragon"},"elements":[{"from":[7.428,10.856571,10.285143],"to":[8.5720005,13.143429,13.714857],"rotation":{"angle":0.0,"axis":"y","origin":[8.0,10.857143,10.857143]},"faces":{"east":{"uv":[0.3529412,14.941176,0.7058824,15.176471],"rotation":0,"texture":"#0","tintindex":0},"south":{"uv":[1.1764706,15.058824,1.2941177,15.294118],"rotation":0,"texture":"#0","tintindex":0},"north":{"uv":[4.117647,15.0,4.2352943,15.235294],"rotation":0,"texture":"#0","tintindex":0},"west":{"uv":[0.7058824,14.941176,1.0588236,15.176471],"rotation":0,"texture":"#0","tintindex":0},"up":{"uv":[8.823529,15.294118,8.705882,14.941176],"rotation":0,"texture":"#0","tintindex":0},"down":{"uv":[10.823529,14.941176,10.705882,15.294118],"rotation":0,"texture":"#0","tintindex":0}}},{"from":[5.1422853,5.1422853,9.142285],"to":[10.857715,10.857715,14.857715],"rotation":{"angle":0.0,"axis":"y","origin":[8.0,5.142857,8.0]},"faces":{"east":{"uv":[8.235294,14.3529415,8.823529,14.941176],"rotation":0,"texture":"#0","tintindex":0},"south":{"uv":[10.705882,14.3529415,11.294118,14.941176],"rotation":0,"texture":"#0","tintindex":0},"north":{"uv":[7.647059,14.3529415,8.235294,14.941176],"rotation":0,"texture":"#0","tintindex":0},"west":{"uv":[11.294118,14.3529415,11.882353,14.941176],"rotation":0,"texture":"#0","tintindex":0},"up":{"uv":[12.470589,14.941176,11.882353,14.3529415],"rotation":0,"texture":"#0","tintindex":0},"down":{"uv":[14.941176,13.294118,14.3529415,13.882353],"rotation":0,"texture":"#0","tintindex":0}}}],"display":{"head":{"translation":[0.0,-6.4,0.0],"scale":[4.0,4.0,4.0]}}}