{"textures":{"0":"modelengine:entity/dragon"},"elements":[{"from":[-0.0011434555,7.9994287,-0.0011434555],"to":[32.0,8.000571,32.0],"rotation":{"angle":0.0,"axis":"y","origin":[-38.857716,-2.8571434,-2.2862864]},"faces":{"east":{"uv":[0.0,0.0,3.2941177,0.0],"rotation":0,"texture":"#0","tintindex":0},"south":{"uv":[0.0,0.0,3.2941177,0.0],"rotation":0,"texture":"#0","tintindex":0},"north":{"uv":[0.0,0.0,3.2941177,0.0],"rotation":0,"texture":"#0","tintindex":0},"west":{"uv":[0.0,0.0,3.2941177,0.0],"rotation":0,"texture":"#0","tintindex":0},"up":{"uv":[6.5882354,9.882353,3.2941177,6.5882354],"rotation":0,"texture":"#0","tintindex":0},"down":{"uv":[9.882353,3.2941177,6.5882354,6.5882354],"rotation":0,"texture":"#0","tintindex":0}}},{"from":[-0.0011434555,6.856571,-2.2868576],"to":[32.0,9.143429,0.0],"rotation":{"angle":0.0,"axis":"y","origin":[-38.857716,-2.8571434,-2.2862864]},"faces":{"east":{"uv":[1.882353,13.882353,2.1176472,14.117647],"rotation":0,"texture":"#0","tintindex":0},"south":{"uv":[12.235294,9.6470585,15.529411,9.882353],"rotation":0,"texture":"#0","tintindex":0},"north":{"uv":[12.235294,9.411765,15.529411,9.6470585],"rotation":0,"texture":"#0","tintindex":0},"west":{"uv":[14.235294,2.1176472,14.470589,2.3529413],"rotation":0,"texture":"#0","tintindex":0},"up":{"uv":[15.529411,10.117647,12.235294,9.882353],"rotation":0,"texture":"#0","tintindex":0},"down":{"uv":[15.529411,10.117647,12.235294,10.3529415],"rotation":0,"texture":"#0","tintindex":0}}}],"display":{"head":{"translation":[32.00229,-6.4,36.573715],"scale":[4.0,4.0,4.0]}}}