{"textures":{"0":"modelengine:entity/dragon"},"elements":[{"from":[-0.0011434555,7.9994287,-0.0011434555],"to":[32.0,8.000571,32.0],"rotation":{"angle":0.0,"axis":"y","origin":[-6.8577156,-2.8571434,-2.2862864]},"faces":{"east":{"uv":[0.0,0.0,3.2941177,0.0],"rotation":0,"texture":"#0","tintindex":0},"south":{"uv":[0.0,0.0,3.2941177,0.0],"rotation":0,"texture":"#0","tintindex":0},"north":{"uv":[0.0,0.0,3.2941177,0.0],"rotation":0,"texture":"#0","tintindex":0},"west":{"uv":[0.0,0.0,3.2941177,0.0],"rotation":0,"texture":"#0","tintindex":0},"up":{"uv":[3.2941177,9.882353,0.0,6.5882354],"rotation":0,"texture":"#0","tintindex":0},"down":{"uv":[9.882353,0.0,6.5882354,3.2941177],"rotation":0,"texture":"#0","tintindex":0}}},{"from":[-0.0011434555,5.713714,-3.4297142],"to":[32.0,10.286285,1.1428571],"rotation":{"angle":0.0,"axis":"y","origin":[-6.8577156,-2.8571434,-2.2862864]},"faces":{"east":{"uv":[4.9411764,14.588235,5.4117646,15.058824],"rotation":0,"texture":"#0","tintindex":0},"south":{"uv":[10.3529415,8.0,13.6470585,8.470589],"rotation":0,"texture":"#0","tintindex":0},"north":{"uv":[10.3529415,7.529412,13.6470585,8.0],"rotation":0,"texture":"#0","tintindex":0},"west":{"uv":[5.4117646,14.588235,5.882353,15.058824],"rotation":0,"texture":"#0","tintindex":0},"up":{"uv":[13.6470585,8.941176,10.3529415,8.470589],"rotation":0,"texture":"#0","tintindex":0},"down":{"uv":[13.6470585,8.941176,10.3529415,9.411765],"rotation":0,"texture":"#0","tintindex":0}}}],"display":{"head":{"translation":[32.00229,-6.4,36.573715],"scale":[4.0,4.0,4.0]}}}