{"textures":{"0":"modelengine:entity/turkeybot"},"elements":[{"from":[7.142857,7.428571,5.714286],"to":[8.857143,8.0,8.0],"rotation":{"angle":0.0,"axis":"y","origin":[7.714286,-15.428572,17.714287]},"faces":{"east":{"uv":[7.5,3.875,8.0,4.0],"rotation":0,"texture":"#0","tintindex":0},"south":{"uv":[8.625,8.375,9.0,8.5],"rotation":0,"texture":"#0","tintindex":0},"north":{"uv":[8.5,3.875,8.875,4.0],"rotation":0,"texture":"#0","tintindex":0},"west":{"uv":[8.0,3.875,8.5,4.0],"rotation":0,"texture":"#0","tintindex":0},"up":{"uv":[8.25,13.125,7.875,12.625],"rotation":0,"texture":"#0","tintindex":0},"down":{"uv":[8.625,12.625,8.25,13.125],"rotation":0,"texture":"#0","tintindex":0}}}],"display":{"head":{"translation":[0.0,-6.4,0.0],"scale":[4.0,4.0,4.0]}}}