{"textures":{"0":"modelengine:entity/turkeybot"},"elements":[{"from":[5.5,4.5714283,5.285714],"to":[10.071428,10.285714,11.0],"rotation":{"angle":0.0,"axis":"y","origin":[7.785714,7.428571,8.142858]},"faces":{"east":{"uv":[10.0,2.625,11.25,3.875],"rotation":0,"texture":"#0","tintindex":0},"south":{"uv":[10.875,7.125,11.875,8.375],"rotation":0,"texture":"#0","tintindex":0},"north":{"uv":[4.625,10.625,5.625,11.875],"rotation":0,"texture":"#0","tintindex":0},"west":{"uv":[10.0,8.375,11.25,9.625],"rotation":0,"texture":"#0","tintindex":0},"up":{"uv":[12.0,1.25,11.0,0.0],"rotation":0,"texture":"#0","tintindex":0},"down":{"uv":[12.125,5.375,11.125,6.625],"rotation":0,"texture":"#0","tintindex":0}}},{"from":[7.214286,2.2857141,7.0],"to":[8.928572,4.5714283,9.285714],"rotation":{"angle":0.0,"axis":"y","origin":[7.785714,7.428571,8.142858]},"faces":{"east":{"uv":[1.25,9.25,1.75,9.75],"rotation":0,"texture":"#0","tintindex":0},"south":{"uv":[6.75,12.625,7.125,13.125],"rotation":0,"texture":"#0","tintindex":0},"north":{"uv":[8.25,5.875,8.625,6.375],"rotation":0,"texture":"#0","tintindex":0},"west":{"uv":[12.5,4.5,13.0,5.0],"rotation":0,"texture":"#0","tintindex":0},"up":{"uv":[7.5,13.125,7.125,12.625],"rotation":0,"texture":"#0","tintindex":0},"down":{"uv":[7.875,12.625,7.5,13.125],"rotation":0,"texture":"#0","tintindex":0}}}],"display":{"head":{"translation":[0.0,-6.4,0.0],"scale":[4.0,4.0,4.0]}}}