{"textures":{"0":"modelengine:entity/turkeybot"},"elements":[{"from":[6.0,8.0,8.0],"to":[10.0,12.0,12.0],"rotation":{"angle":0.0,"axis":"y","origin":[7.714286,-11.428572,16.0]},"faces":{"east":{"uv":[12.0,0.0,12.875,0.875],"rotation":0,"texture":"#0","tintindex":0},"south":{"uv":[9.875,12.0,10.75,12.875],"rotation":0,"texture":"#0","tintindex":0},"north":{"uv":[11.875,7.5,12.75,8.375],"rotation":0,"texture":"#0","tintindex":0},"west":{"uv":[10.75,12.0,11.625,12.875],"rotation":0,"texture":"#0","tintindex":0},"up":{"uv":[12.5,12.875,11.625,12.0],"rotation":0,"texture":"#0","tintindex":0},"down":{"uv":[13.0,2.125,12.125,3.0],"rotation":0,"texture":"#0","tintindex":0}}}],"display":{"head":{"translation":[0.0,-6.4,0.0],"scale":[4.0,4.0,4.0]}}}