{"textures":{"0":"modelengine:entity/turkeybot"},"elements":[{"from":[5.714286,8.0,8.0],"to":[10.285714,12.0,12.0],"rotation":{"angle":0.0,"axis":"y","origin":[7.714286,-7.4285717,16.0]},"faces":{"east":{"uv":[4.125,11.875,5.0,12.75],"rotation":0,"texture":"#0","tintindex":0},"south":{"uv":[11.375,10.125,12.375,11.0],"rotation":0,"texture":"#0","tintindex":0},"north":{"uv":[11.375,9.25,12.375,10.125],"rotation":0,"texture":"#0","tintindex":0},"west":{"uv":[11.875,6.625,12.75,7.5],"rotation":0,"texture":"#0","tintindex":0},"up":{"uv":[12.5,2.125,11.5,1.25],"rotation":0,"texture":"#0","tintindex":0},"down":{"uv":[7.75,11.75,6.75,12.625],"rotation":0,"texture":"#0","tintindex":0}}}],"display":{"head":{"translation":[0.0,-6.4,0.0],"scale":[4.0,4.0,4.0]}}}