{"textures":{"0":"modelengine:entity/turkeybot"},"elements":[{"from":[9.714286,-0.57142925,6.285714],"to":[9.714286,8.0,17.142857],"rotation":{"angle":0.0,"axis":"y","origin":[3.4285712,-9.714287,11.428572]},"faces":{"east":{"uv":[9.125,4.0,6.75,5.875],"rotation":0,"texture":"#0","tintindex":0},"south":{"uv":[0.0,0.0,0.0,1.875],"rotation":0,"texture":"#0","tintindex":0},"north":{"uv":[0.0,0.0,0.0,1.875],"rotation":0,"texture":"#0","tintindex":0},"west":{"uv":[6.75,4.0,9.125,5.875],"rotation":0,"texture":"#0","tintindex":0},"up":{"uv":[0.0,2.375,0.0,0.0],"rotation":0,"texture":"#0","tintindex":0},"down":{"uv":[0.0,0.0,0.0,2.375],"rotation":0,"texture":"#0","tintindex":0}}},{"from":[8.0,1.7142854,6.285714],"to":[9.714286,8.0,13.714286],"rotation":{"angle":0.0,"axis":"y","origin":[3.4285712,-9.714287,11.428572]},"faces":{"east":{"uv":[10.375,9.75,8.75,11.125],"rotation":0,"texture":"#0","tintindex":0},"south":{"uv":[9.75,12.125,9.375,13.5],"rotation":0,"texture":"#0","tintindex":0},"north":{"uv":[6.5,12.125,6.125,13.5],"rotation":0,"texture":"#0","tintindex":0},"west":{"uv":[10.375,1.25,8.75,2.625],"rotation":0,"texture":"#0","tintindex":0},"up":{"uv":[5.0,13.5,5.375,11.875],"rotation":0,"texture":"#0","tintindex":0},"down":{"uv":[12.125,4.625,12.5,6.25],"rotation":0,"texture":"#0","tintindex":0}}}],"display":{"head":{"translation":[0.0,-6.4,0.0],"scale":[4.0,4.0,4.0]}}}