{
	"credit": "https://twitter.com/johnnykolas",
	"texture_size": [128, 128],
	"textures": {
		"0": "item/new_year_2022/firecracker_bow_pull_1",
		"particle": "item/new_year_2022/firecracker_bow_pull_1"
	},
	"elements": [
		{
			"name": "firework",
			"from": [7, 7, -3],
			"to": [9, 9, 4],
			"rotation": {"angle": 0, "axis": "y", "origin": [0, 0, 2]},
			"faces": {
				"north": {"uv": [5.75, 4.25, 6, 4.5], "texture": "#0"},
				"east": {"uv": [2.75, 3.5, 3.625, 3.75], "texture": "#0"},
				"south": {"uv": [5.75, 4.625, 6, 4.875], "texture": "#0"},
				"west": {"uv": [3.75, 3.5, 4.625, 3.75], "texture": "#0"},
				"up": {"uv": [3, 4.75, 2.75, 3.875], "texture": "#0"},
				"down": {"uv": [3.375, 3.875, 3.125, 4.75], "texture": "#0"}
			}
		},
		{
			"name": "firework",
			"from": [8, 5, -6],
			"to": [8, 11, 21],
			"rotation": {"angle": 45, "axis": "z", "origin": [8, 8, 0.5]},
			"faces": {
				"north": {"uv": [4, 5.875, 4, 6.625], "texture": "#0"},
				"east": {"uv": [2.75, 0, 6.125, 0.75], "texture": "#0"},
				"south": {"uv": [4.125, 5.875, 4.125, 6.625], "texture": "#0"},
				"west": {"uv": [2.75, 0.875, 6.125, 1.625], "texture": "#0"},
				"up": {"uv": [4.25, 9.25, 4.25, 5.875], "texture": "#0"},
				"down": {"uv": [4.375, 5.875, 4.375, 9.25], "texture": "#0"}
			}
		},
		{
			"name": "firework",
			"from": [8, 5, -6],
			"to": [8, 11, 21],
			"rotation": {"angle": -45, "axis": "z", "origin": [8, 8, 0.5]},
			"faces": {
				"north": {"uv": [4.5, 5.875, 4.5, 6.625], "texture": "#0"},
				"east": {"uv": [2.75, 1.75, 6.125, 2.5], "texture": "#0"},
				"south": {"uv": [4.625, 5.875, 4.625, 6.625], "texture": "#0"},
				"west": {"uv": [2.75, 2.625, 6.125, 3.375], "texture": "#0"},
				"up": {"uv": [4.75, 9.375, 4.75, 6], "texture": "#0"},
				"down": {"uv": [4.875, 6, 4.875, 9.375], "texture": "#0"}
			}
		},
		{
			"name": "firework",
			"from": [7.5, 7.5, 4],
			"to": [8.5, 8.5, 18],
			"rotation": {"angle": 0, "axis": "y", "origin": [0, 0, 2]},
			"faces": {
				"north": {"uv": [4.75, 5, 4.875, 5.125], "texture": "#0"},
				"east": {"uv": [3.5, 3.875, 5.25, 4], "texture": "#0"},
				"south": {"uv": [1.875, 5.875, 2, 6], "texture": "#0"},
				"west": {"uv": [3.5, 4.125, 5.25, 4.25], "texture": "#0"},
				"up": {"uv": [3.625, 6.125, 3.5, 4.375], "texture": "#0"},
				"down": {"uv": [3.875, 4.375, 3.75, 6.125], "texture": "#0"}
			}
		},
		{
			"name": "bow",
			"from": [6.5, 4, 5.229],
			"to": [9.5, 6, 9.229],
			"rotation": {"angle": 0, "axis": "y", "origin": [7.91667, 8, 8]},
			"faces": {
				"north": {"uv": [4.75, 5.625, 5.125, 5.875], "texture": "#0"},
				"east": {"uv": [4.75, 3.5, 5.25, 3.75], "texture": "#0"},
				"south": {"uv": [2.5, 5.75, 2.875, 6], "texture": "#0"},
				"west": {"uv": [2.125, 5.25, 2.625, 5.5], "texture": "#0"},
				"up": {"uv": [4.375, 4.875, 4, 4.375], "texture": "#0"},
				"down": {"uv": [4.875, 4.375, 4.5, 4.875], "texture": "#0"}
			}
		},
		{
			"name": "bow",
			"from": [7, -0.48807, 5.31343],
			"to": [9, 5.51193, 7.31343],
			"rotation": {"angle": -22.5, "axis": "x", "origin": [7.91667, 8, 8]},
			"faces": {
				"north": {"uv": [2.75, 4.875, 3, 5.625], "texture": "#0"},
				"east": {"uv": [3.125, 4.875, 3.375, 5.625], "texture": "#0"},
				"south": {"uv": [4, 5, 4.25, 5.75], "texture": "#0"},
				"west": {"uv": [4.375, 5, 4.625, 5.75], "texture": "#0"},
				"up": {"uv": [6, 5.25, 5.75, 5], "texture": "#0"},
				"down": {"uv": [5.5, 5.75, 5.25, 6], "texture": "#0"}
			}
		},
		{
			"name": "bow",
			"from": [7, 10.48807, 5.31343],
			"to": [9, 16.48807, 7.31343],
			"rotation": {"angle": 22.5, "axis": "x", "origin": [7.91667, 8, 8]},
			"faces": {
				"north": {"uv": [5, 4.375, 5.25, 5.125], "texture": "#0"},
				"east": {"uv": [0, 5.25, 0.25, 6], "texture": "#0"},
				"south": {"uv": [0.375, 5.25, 0.625, 6], "texture": "#0"},
				"west": {"uv": [0.75, 5.25, 1, 6], "texture": "#0"},
				"up": {"uv": [6, 5.625, 5.75, 5.375], "texture": "#0"},
				"down": {"uv": [5.875, 5.75, 5.625, 6], "texture": "#0"}
			}
		},
		{
			"name": "bow",
			"from": [8, -2, -0.771],
			"to": [8, 18, 20.229],
			"rotation": {"angle": 0, "axis": "y", "origin": [7.91667, 8, 8]},
			"faces": {
				"north": {"uv": [5, 6, 5, 8.5], "texture": "#0"},
				"east": {"uv": [0, 0, 2.625, 2.5], "texture": "#0"},
				"south": {"uv": [5.125, 6, 5.125, 8.5], "texture": "#0"},
				"west": {"uv": [0, 2.625, 2.625, 5.125], "texture": "#0"},
				"up": {"uv": [6, 8.375, 6, 5.75], "texture": "#0"},
				"down": {"uv": [0, 6.125, 0, 8.75], "texture": "#0"}
			}
		},
		{
			"name": "bow",
			"from": [6.5, 10, 5.229],
			"to": [9.5, 12, 9.229],
			"rotation": {"angle": 0, "axis": "y", "origin": [7.91667, 8, 8]},
			"faces": {
				"north": {"uv": [3, 5.75, 3.375, 6], "texture": "#0"},
				"east": {"uv": [4.75, 5.25, 5.25, 5.5], "texture": "#0"},
				"south": {"uv": [5.75, 3.875, 6.125, 4.125], "texture": "#0"},
				"west": {"uv": [5.375, 3.5, 5.875, 3.75], "texture": "#0"},
				"up": {"uv": [1.5, 5.75, 1.125, 5.25], "texture": "#0"},
				"down": {"uv": [2, 5.25, 1.625, 5.75], "texture": "#0"}
			}
		},
		{
			"name": "bow",
			"from": [7, 6, 6.229],
			"to": [9, 10, 8.229],
			"rotation": {"angle": 0, "axis": "y", "origin": [7.91667, 8, 8]},
			"faces": {
				"north": {"uv": [5.375, 3.875, 5.625, 4.375], "texture": "#0"},
				"east": {"uv": [5.375, 4.5, 5.625, 5], "texture": "#0"},
				"south": {"uv": [5.375, 5.125, 5.625, 5.625], "texture": "#0"},
				"west": {"uv": [2.125, 5.625, 2.375, 6.125], "texture": "#0"},
				"up": {"uv": [1.375, 6.125, 1.125, 5.875], "texture": "#0"},
				"down": {"uv": [1.75, 5.875, 1.5, 6.125], "texture": "#0"}
			}
		}
	],
	"display": {
		"thirdperson_righthand": {
			"translation": [0, 0.5, 2]
		},
		"firstperson_righthand": {
			"rotation": [30, 15, -80],
			"translation": [-0.5, 1.25, 2],
			"scale": [0.6, 0.6, 0.6]
		},
		"gui": {
			"rotation": [60, 45, 90],
			"translation": [-3, 2.5, 0]
		}
	},
	"groups": [
		{
			"name": "firecracker_bow",
			"origin": [2, 17, 0.5],
			"color": 0,
			"children": [0, 1, 2, 3, 4, 5, 6, 7, 8, 9]
		}
	]
}