{
	"credit": "https://twitter.com/johnnykolas",
	"texture_size": [64, 64],
	"textures": {
		"0": "item/new_year_2022/golden_glitter_shades",
		"particle": "item/new_year_2022/golden_glitter_shades"
	},
	"elements": [
		{
			"from": [-1, 2.75, 6],
			"to": [17, 15.75, 6],
			"rotation": {"angle": 0, "axis": "y", "origin": [4, 2.75, 6]},
			"faces": {
				"north": {"uv": [0, 0, 4.5, 3.25], "texture": "#0"},
				"east": {"uv": [0, 7, 0, 10.25], "texture": "#0"},
				"south": {"uv": [0, 3.5, 4.5, 6.75], "texture": "#0"},
				"west": {"uv": [7, 0, 7, 3.25], "texture": "#0"},
				"up": {"uv": [11.5, 3.5, 7, 3.5], "texture": "#0"},
				"down": {"uv": [11.5, 3.75, 7, 3.75], "texture": "#0"}
			}
		},
		{
			"from": [4, 2.75, 6],
			"to": [4, 10.75, 14],
			"rotation": {"angle": 0, "axis": "y", "origin": [4, 2.75, 6]},
			"faces": {
				"north": {"uv": [0.25, 7, 0.25, 9], "texture": "#0"},
				"east": {"uv": [4.75, 0, 6.75, 2], "texture": "#0"},
				"south": {"uv": [0.5, 7, 0.5, 9], "texture": "#0"},
				"west": {"uv": [4.75, 2.25, 6.75, 4.25], "texture": "#0"},
				"up": {"uv": [0.75, 9, 0.75, 7], "texture": "#0"},
				"down": {"uv": [1, 7, 1, 9], "texture": "#0"}
			}
		},
		{
			"from": [12, 2.75, 6],
			"to": [12, 10.75, 14],
			"rotation": {"angle": 0, "axis": "y", "origin": [4, 2.75, 6]},
			"faces": {
				"north": {"uv": [1.25, 7, 1.25, 9], "texture": "#0"},
				"east": {"uv": [4.75, 4.5, 6.75, 6.5], "texture": "#0"},
				"south": {"uv": [1.5, 7, 1.5, 9], "texture": "#0"},
				"west": {"uv": [4.75, 6.75, 6.75, 8.75], "texture": "#0"},
				"up": {"uv": [1.75, 9, 1.75, 7], "texture": "#0"},
				"down": {"uv": [2, 7, 2, 9], "texture": "#0"}
			}
		}
	],
	"display": {
		"thirdperson_righthand": {
			"rotation": [-5, -30, 0],
			"translation": [-1, -1, -3.75]
		},
		"thirdperson_lefthand": {
			"rotation": [-5, -30, 0],
			"translation": [-1, -1, -3.75]
		},
		"firstperson_righthand": {
			"rotation": [-20, -30, 10],
			"translation": [0.5, 0, 0]
		},
		"firstperson_lefthand": {
			"rotation": [-20, -30, 10],
			"translation": [0.5, 0, 0]
		},
		"ground": {
			"rotation": [10, 0, 0],
			"translation": [0, 1.5, 0]
		},
		"gui": {
			"rotation": [30, -130, 0],
			"translation": [-0.5, -0.25, 0]
		},
		"head": {
			"translation": [0, 2.25, -3.75],
			"scale": [1.8, 1.8, 1.8]
		},
		"fixed": {
			"translation": [0, -0.75, 2.75],
			"scale": [2, 2, 2]
		}
	},
	"groups": [
		{
			"name": "golden_glitter_shades",
			"origin": [0, 0, 0],
			"color": 0,
			"children": [0, 1, 2]
		}
	]
}