{
	"credit": "Made with Blockbench",
	"texture_size": [32, 32],
	"textures": {
		"1": "custom/359",
		"2": "custom/359-2",
		"3": "custom/359-1",
		"particle": "custom/359-2"
	},
	"elements": [
		{
			"from": [4, 11.68022, 18.17215],
			"to": [12, 11.68022, 22.17215],
			"rotation": {"angle": 22.5, "axis": "x", "origin": [8, 22.625, 7.8125]},
			"faces": {
				"north": {"uv": [0, 0, 4, 0], "texture": "#1"},
				"east": {"uv": [0, 0, 2, 0], "texture": "#1"},
				"south": {"uv": [0, 0, 4, 0], "texture": "#1"},
				"west": {"uv": [0, 0, 2, 0], "texture": "#1"},
				"up": {"uv": [8, 9, 4, 7], "rotation": 180, "texture": "#1"},
				"down": {"uv": [4, 8, 0, 10], "rotation": 180, "texture": "#1"}
			}
		},
		{
			"from": [18.17215, 11.68022, 4],
			"to": [22.17215, 11.68022, 12],
			"rotation": {"angle": -22.5, "axis": "z", "origin": [7.8125, 22.625, 8]},
			"faces": {
				"north": {"uv": [0, 0, 2, 0], "texture": "#1"},
				"east": {"uv": [0, 0, 4, 0], "texture": "#1"},
				"south": {"uv": [0, 0, 2, 0], "texture": "#1"},
				"west": {"uv": [0, 0, 4, 0], "texture": "#1"},
				"up": {"uv": [8, 9, 4, 7], "rotation": 90, "texture": "#1"},
				"down": {"uv": [4, 8, 0, 10], "rotation": 270, "texture": "#1"}
			}
		},
		{
			"from": [-6.17215, 11.68022, 4],
			"to": [-2.17215, 11.68022, 12],
			"rotation": {"angle": 22.5, "axis": "z", "origin": [8.1875, 22.625, 8]},
			"faces": {
				"north": {"uv": [0, 0, 2, 0], "texture": "#1"},
				"east": {"uv": [0, 0, 4, 0], "texture": "#1"},
				"south": {"uv": [0, 0, 2, 0], "texture": "#1"},
				"west": {"uv": [0, 0, 4, 0], "texture": "#1"},
				"up": {"uv": [8, 9, 4, 7], "rotation": 270, "texture": "#1"},
				"down": {"uv": [4, 8, 0, 10], "rotation": 90, "texture": "#1"}
			}
		},
		{
			"from": [4, 8.625, -0.8125],
			"to": [12, 8.625, 3.1875],
			"rotation": {"angle": -22.5, "axis": "x", "origin": [8, 7.625, 3.1875]},
			"faces": {
				"north": {"uv": [0, 0, 4, 0], "texture": "#1"},
				"east": {"uv": [0, 0, 2, 0], "texture": "#1"},
				"south": {"uv": [0, 0, 4, 0], "texture": "#1"},
				"west": {"uv": [0, 0, 2, 0], "texture": "#1"},
				"up": {"uv": [8, 9, 4, 7], "texture": "#1"},
				"down": {"uv": [4, 8, 0, 10], "texture": "#1"}
			}
		},
		{
			"from": [-1, 5.78351, 0.95706],
			"to": [7, 5.78351, 4.95706],
			"rotation": {"angle": 45, "axis": "y", "origin": [3, 5.78351, 2.95706]},
			"faces": {
				"north": {"uv": [0, 0, 4, 0], "texture": "#1"},
				"east": {"uv": [0, 0, 2, 0], "texture": "#1"},
				"south": {"uv": [0, 0, 4, 0], "texture": "#1"},
				"west": {"uv": [0, 0, 2, 0], "texture": "#1"},
				"up": {"uv": [8, 9, 4, 7], "texture": "#1"},
				"down": {"uv": [4, 8, 0, 10], "texture": "#1"}
			}
		},
		{
			"from": [-1, 5.78351, 11.04294],
			"to": [7, 5.78351, 15.04294],
			"rotation": {"angle": -45, "axis": "y", "origin": [3, 5.78351, 13.04294]},
			"faces": {
				"north": {"uv": [4, 0, 0, 0], "texture": "#1"},
				"east": {"uv": [2, 0, 0, 0], "texture": "#1"},
				"south": {"uv": [4, 0, 0, 0], "texture": "#1"},
				"west": {"uv": [2, 0, 0, 0], "texture": "#1"},
				"up": {"uv": [8, 7, 4, 9], "texture": "#1"},
				"down": {"uv": [4, 10, 0, 8], "texture": "#1"}
			}
		},
		{
			"from": [9, 5.78351, 0.95706],
			"to": [17, 5.78351, 4.95706],
			"rotation": {"angle": -45, "axis": "y", "origin": [13, 5.78351, 2.95706]},
			"faces": {
				"north": {"uv": [4, 0, 0, 0], "texture": "#1"},
				"east": {"uv": [2, 0, 0, 0], "texture": "#1"},
				"south": {"uv": [4, 0, 0, 0], "texture": "#1"},
				"west": {"uv": [2, 0, 0, 0], "texture": "#1"},
				"up": {"uv": [4, 9, 8, 7], "texture": "#1"},
				"down": {"uv": [0, 8, 4, 10], "texture": "#1"}
			}
		},
		{
			"from": [9, 5.78351, 11.04294],
			"to": [17, 5.78351, 15.04294],
			"rotation": {"angle": 45, "axis": "y", "origin": [13, 5.78351, 13.04294]},
			"faces": {
				"north": {"uv": [0, 0, 4, 0], "texture": "#1"},
				"east": {"uv": [0, 0, 2, 0], "texture": "#1"},
				"south": {"uv": [0, 0, 4, 0], "texture": "#1"},
				"west": {"uv": [0, 0, 2, 0], "texture": "#1"},
				"up": {"uv": [4, 7, 8, 9], "texture": "#1"},
				"down": {"uv": [0, 10, 4, 8], "texture": "#1"}
			}
		},
		{
			"from": [4, 4.43465, 5.46718],
			"to": [12, 10.43465, 7.46718],
			"rotation": {"angle": -22.5, "axis": "x", "origin": [8, 22.625, 7.8125]},
			"faces": {
				"north": {"uv": [4, 0, 8, 3], "texture": "#1"},
				"east": {"uv": [9, 10.5, 10, 13.5], "texture": "#1"},
				"south": {"uv": [4, 4, 8, 7], "texture": "#1"},
				"west": {"uv": [8, 10.5, 9, 13.5], "texture": "#1"},
				"up": {"uv": [8, 4, 4, 3], "rotation": 180, "texture": "#1"},
				"down": {"uv": [12, 5.5, 8, 6.5], "rotation": 180, "texture": "#1"}
			}
		},
		{
			"from": [5.46718, 4.43465, 4],
			"to": [7.46718, 10.43465, 12],
			"rotation": {"angle": 22.5, "axis": "z", "origin": [7.8125, 22.625, 8]},
			"faces": {
				"north": {"uv": [9, 10.5, 10, 13.5], "texture": "#1"},
				"east": {"uv": [4, 4, 8, 7], "texture": "#1"},
				"south": {"uv": [8, 10.5, 9, 13.5], "texture": "#1"},
				"west": {"uv": [4, 0, 8, 3], "texture": "#1"},
				"up": {"uv": [8, 4, 4, 3], "rotation": 90, "texture": "#1"},
				"down": {"uv": [12, 5.5, 8, 6.5], "rotation": 270, "texture": "#1"}
			}
		},
		{
			"from": [8.53282, 4.43465, 4],
			"to": [10.53282, 10.43465, 12],
			"rotation": {"angle": -22.5, "axis": "z", "origin": [8.1875, 22.625, 8]},
			"faces": {
				"north": {"uv": [8, 10.5, 9, 13.5], "texture": "#1"},
				"east": {"uv": [4, 0, 8, 3], "texture": "#1"},
				"south": {"uv": [9, 10.5, 10, 13.5], "texture": "#1"},
				"west": {"uv": [4, 4, 8, 7], "texture": "#1"},
				"up": {"uv": [8, 4, 4, 3], "rotation": 270, "texture": "#1"},
				"down": {"uv": [12, 5.5, 8, 6.5], "rotation": 90, "texture": "#1"}
			}
		},
		{
			"from": [4, 5, 3],
			"to": [12, 11, 5],
			"rotation": {"angle": 22.5, "axis": "x", "origin": [8, 9, 4]},
			"faces": {
				"north": {"uv": [4, 4, 8, 7], "texture": "#1"},
				"east": {"uv": [8, 10.5, 9, 13.5], "texture": "#1"},
				"south": {"uv": [4, 0, 8, 3], "texture": "#1"},
				"west": {"uv": [9, 10.5, 10, 13.5], "texture": "#1"},
				"up": {"uv": [8, 4, 4, 3], "texture": "#1"},
				"down": {"uv": [12, 5.5, 8, 6.5], "texture": "#1"}
			}
		},
		{
			"from": [4.70014, 10.92768, 5],
			"to": [4.70014, 13.92768, 11],
			"rotation": {"angle": 45, "axis": "z", "origin": [7.8125, 22.625, 8]},
			"faces": {
				"north": {"uv": [0, 0, 0, 1.5], "texture": "#1"},
				"east": {"uv": [8, 2.5, 11, 4], "texture": "#1"},
				"south": {"uv": [0, 0, 0, 1.5], "texture": "#1"},
				"west": {"uv": [8, 4, 11, 5.5], "texture": "#1"},
				"up": {"uv": [3, 0, 0, 0], "rotation": 90, "texture": "#1"},
				"down": {"uv": [3, 0, 0, 0], "rotation": 270, "texture": "#1"}
			}
		},
		{
			"from": [11.29986, 10.92768, 5],
			"to": [11.29986, 13.92768, 11],
			"rotation": {"angle": -45, "axis": "z", "origin": [8.1875, 22.625, 8]},
			"faces": {
				"north": {"uv": [0, 0, 0, 1.5], "texture": "#1"},
				"east": {"uv": [8, 4, 11, 5.5], "texture": "#1"},
				"south": {"uv": [0, 0, 0, 1.5], "texture": "#1"},
				"west": {"uv": [8, 2.5, 11, 4], "texture": "#1"},
				"up": {"uv": [3, 0, 0, 0], "rotation": 270, "texture": "#1"},
				"down": {"uv": [3, 0, 0, 0], "rotation": 90, "texture": "#1"}
			}
		},
		{
			"from": [5, 11.42074, 3.88478],
			"to": [11, 14.42074, 3.88478],
			"rotation": {"angle": 45, "axis": "x", "origin": [8, 13.92074, 3.88478]},
			"faces": {
				"north": {"uv": [8, 2.5, 11, 4], "texture": "#1"},
				"east": {"uv": [0, 0, 0, 1.5], "texture": "#1"},
				"south": {"uv": [8, 4, 11, 5.5], "texture": "#1"},
				"west": {"uv": [0, 0, 0, 1.5], "texture": "#1"},
				"up": {"uv": [3, 0, 0, 0], "texture": "#1"},
				"down": {"uv": [3, 0, 0, 0], "texture": "#1"}
			}
		},
		{
			"from": [5, 11.42074, 12.11522],
			"to": [11, 14.42074, 12.11522],
			"rotation": {"angle": -45, "axis": "x", "origin": [8, 13.92074, 12.11522]},
			"faces": {
				"north": {"uv": [8, 4, 11, 5.5], "texture": "#1"},
				"east": {"uv": [0, 0, 0, 1.5], "texture": "#1"},
				"south": {"uv": [8, 2.5, 11, 4], "texture": "#1"},
				"west": {"uv": [0, 0, 0, 1.5], "texture": "#1"},
				"up": {"uv": [3, 0, 0, 0], "rotation": 180, "texture": "#1"},
				"down": {"uv": [3, 0, 0, 0], "rotation": 180, "texture": "#1"}
			}
		},
		{
			"from": [5, 10.43674, 6.45672],
			"to": [11, 15.43674, 8.45672],
			"rotation": {"angle": -22.5, "axis": "x", "origin": [8, 22.625, 7.8125]},
			"faces": {
				"north": {"uv": [8, 0, 11, 2.5], "texture": "#1"},
				"east": {"uv": [5, 11, 6, 13.5], "texture": "#1"},
				"south": {"uv": [8, 8, 11, 10.5], "texture": "#1"},
				"west": {"uv": [4, 11, 5, 13.5], "texture": "#1"},
				"up": {"uv": [11, 7.5, 8, 6.5], "rotation": 180, "texture": "#1"},
				"down": {"uv": [13, 10.5, 10, 11.5], "rotation": 180, "texture": "#1"}
			}
		},
		{
			"from": [6.45672, 10.43674, 5],
			"to": [8.45672, 15.43674, 11],
			"rotation": {"angle": 22.5, "axis": "z", "origin": [7.8125, 22.625, 8]},
			"faces": {
				"north": {"uv": [5, 11, 6, 13.5], "texture": "#1"},
				"east": {"uv": [8, 8, 11, 10.5], "texture": "#1"},
				"south": {"uv": [4, 11, 5, 13.5], "texture": "#1"},
				"west": {"uv": [8, 0, 11, 2.5], "texture": "#1"},
				"up": {"uv": [11, 7.5, 8, 6.5], "rotation": 90, "texture": "#1"},
				"down": {"uv": [13, 10.5, 10, 11.5], "rotation": 270, "texture": "#1"}
			}
		},
		{
			"from": [7.54328, 10.43674, 5],
			"to": [9.54328, 15.43674, 11],
			"rotation": {"angle": -22.5, "axis": "z", "origin": [8.1875, 22.625, 8]},
			"faces": {
				"north": {"uv": [4, 11, 5, 13.5], "texture": "#1"},
				"east": {"uv": [8, 0, 11, 2.5], "texture": "#1"},
				"south": {"uv": [5, 11, 6, 13.5], "texture": "#1"},
				"west": {"uv": [8, 8, 11, 10.5], "texture": "#1"},
				"up": {"uv": [11, 7.5, 8, 6.5], "rotation": 270, "texture": "#1"},
				"down": {"uv": [13, 10.5, 10, 11.5], "rotation": 90, "texture": "#1"}
			}
		},
		{
			"from": [5, 11, 4],
			"to": [11, 16, 6],
			"rotation": {"angle": 22.5, "axis": "x", "origin": [8, 14, 5]},
			"faces": {
				"north": {"uv": [8, 8, 11, 10.5], "texture": "#1"},
				"east": {"uv": [4, 11, 5, 13.5], "texture": "#1"},
				"south": {"uv": [8, 0, 11, 2.5], "texture": "#1"},
				"west": {"uv": [5, 11, 6, 13.5], "texture": "#1"},
				"up": {"uv": [11, 7.5, 8, 6.5], "texture": "#1"},
				"down": {"uv": [13, 10.5, 10, 11.5], "texture": "#1"}
			}
		},
		{
			"from": [6, 15.41927, 7.29455],
			"to": [10, 19.41927, 9.29455],
			"rotation": {"angle": -22.5, "axis": "x", "origin": [8, 22.625, 7.8125]},
			"faces": {
				"north": {"uv": [6, 9, 8, 11], "texture": "#1"},
				"east": {"uv": [11, 3.5, 12, 5.5], "texture": "#1"},
				"south": {"uv": [4, 9, 6, 11], "texture": "#1"},
				"west": {"uv": [11, 1.5, 12, 3.5], "texture": "#1"},
				"up": {"uv": [13, 7.5, 11, 6.5], "rotation": 180, "texture": "#1"},
				"down": {"uv": [13, 7.5, 11, 8.5], "rotation": 180, "texture": "#1"}
			}
		},
		{
			"from": [7.29455, 15.41927, 6],
			"to": [9.29455, 19.41927, 10],
			"rotation": {"angle": 22.5, "axis": "z", "origin": [7.8125, 22.625, 8]},
			"faces": {
				"north": {"uv": [11, 3.5, 12, 5.5], "texture": "#1"},
				"east": {"uv": [4, 9, 6, 11], "texture": "#1"},
				"south": {"uv": [11, 1.5, 12, 3.5], "texture": "#1"},
				"west": {"uv": [6, 9, 8, 11], "texture": "#1"},
				"up": {"uv": [13, 7.5, 11, 6.5], "rotation": 90, "texture": "#1"},
				"down": {"uv": [13, 7.5, 11, 8.5], "rotation": 270, "texture": "#1"}
			}
		},
		{
			"from": [6.70545, 15.41927, 6],
			"to": [8.70545, 19.41927, 10],
			"rotation": {"angle": -22.5, "axis": "z", "origin": [8.1875, 22.625, 8]},
			"faces": {
				"north": {"uv": [11, 1.5, 12, 3.5], "texture": "#1"},
				"east": {"uv": [6, 9, 8, 11], "texture": "#1"},
				"south": {"uv": [11, 3.5, 12, 5.5], "texture": "#1"},
				"west": {"uv": [4, 9, 6, 11], "texture": "#1"},
				"up": {"uv": [13, 7.5, 11, 6.5], "rotation": 270, "texture": "#1"},
				"down": {"uv": [13, 7.5, 11, 8.5], "rotation": 90, "texture": "#1"}
			}
		},
		{
			"from": [6, 16, 4.75],
			"to": [10, 20, 6.75],
			"rotation": {"angle": 22.5, "axis": "x", "origin": [8, 18, 5.75]},
			"faces": {
				"north": {"uv": [4, 9, 6, 11], "texture": "#1"},
				"east": {"uv": [11, 1.5, 12, 3.5], "texture": "#1"},
				"south": {"uv": [6, 9, 8, 11], "texture": "#1"},
				"west": {"uv": [11, 3.5, 12, 5.5], "texture": "#1"},
				"up": {"uv": [13, 7.5, 11, 6.5], "texture": "#1"},
				"down": {"uv": [13, 7.5, 11, 8.5], "texture": "#1"}
			}
		},
		{
			"from": [6.5, 18.93986, 7.94103],
			"to": [9.5, 21.93986, 9.94103],
			"rotation": {"angle": -22.5, "axis": "x", "origin": [8, 22.625, 7.8125]},
			"faces": {
				"north": {"uv": [11, 0, 12.5, 1.5], "texture": "#1"},
				"east": {"uv": [10, 11.5, 11, 13], "texture": "#1"},
				"south": {"uv": [6, 11, 7.5, 12.5], "texture": "#1"},
				"west": {"uv": [11, 8.5, 12, 10], "texture": "#1"},
				"up": {"uv": [12.5, 12.5, 11, 11.5], "rotation": 180, "texture": "#1"},
				"down": {"uv": [13.5, 1.5, 12, 2.5], "rotation": 180, "texture": "#1"}
			}
		},
		{
			"from": [7.94103, 18.93986, 6.5],
			"to": [9.94103, 21.93986, 9.5],
			"rotation": {"angle": 22.5, "axis": "z", "origin": [7.8125, 22.625, 8]},
			"faces": {
				"north": {"uv": [10, 11.5, 11, 13], "texture": "#1"},
				"east": {"uv": [6, 11, 7.5, 12.5], "texture": "#1"},
				"south": {"uv": [11, 8.5, 12, 10], "texture": "#1"},
				"west": {"uv": [11, 0, 12.5, 1.5], "texture": "#1"},
				"up": {"uv": [12.5, 12.5, 11, 11.5], "rotation": 90, "texture": "#1"},
				"down": {"uv": [13.5, 1.5, 12, 2.5], "rotation": 270, "texture": "#1"}
			}
		},
		{
			"from": [6.05897, 18.93986, 6.5],
			"to": [8.05897, 21.93986, 9.5],
			"rotation": {"angle": -22.5, "axis": "z", "origin": [8.1875, 22.625, 8]},
			"faces": {
				"north": {"uv": [11, 8.5, 12, 10], "texture": "#1"},
				"east": {"uv": [11, 0, 12.5, 1.5], "texture": "#1"},
				"south": {"uv": [10, 11.5, 11, 13], "texture": "#1"},
				"west": {"uv": [6, 11, 7.5, 12.5], "texture": "#1"},
				"up": {"uv": [12.5, 12.5, 11, 11.5], "rotation": 270, "texture": "#1"},
				"down": {"uv": [13.5, 1.5, 12, 2.5], "rotation": 90, "texture": "#1"}
			}
		},
		{
			"from": [6.5, 19.5, 5.5],
			"to": [9.5, 22.5, 7.5],
			"rotation": {"angle": 22.5, "axis": "x", "origin": [8, 21.5, 6.5]},
			"faces": {
				"north": {"uv": [6, 11, 7.5, 12.5], "texture": "#1"},
				"east": {"uv": [11, 8.5, 12, 10], "texture": "#1"},
				"south": {"uv": [11, 0, 12.5, 1.5], "texture": "#1"},
				"west": {"uv": [10, 11.5, 11, 13], "texture": "#1"},
				"up": {"uv": [12.5, 12.5, 11, 11.5], "texture": "#1"},
				"down": {"uv": [13.5, 1.5, 12, 2.5], "texture": "#1"}
			}
		},
		{
			"from": [7, 1, 7],
			"to": [9, 8, 9],
			"rotation": {"angle": 0, "axis": "y", "origin": [16, 9, 16]},
			"faces": {
				"north": {"uv": [0, 10, 1, 13.5], "texture": "#1"},
				"east": {"uv": [1, 10, 2, 13.5], "texture": "#1"},
				"south": {"uv": [2, 10, 3, 13.5], "texture": "#1"},
				"west": {"uv": [3, 10, 4, 13.5], "texture": "#1"},
				"up": {"uv": [13, 3.5, 12, 2.5], "texture": "#1"},
				"down": {"uv": [13, 3.5, 12, 4.5], "texture": "#1"}
			}
		},
		{
			"from": [4, 6.5, 4],
			"to": [12, 6.51, 12],
			"rotation": {"angle": 0, "axis": "y", "origin": [16, 8.5, 16]},
			"faces": {
				"north": {"uv": [0, 0, 4, 0], "texture": "#1"},
				"east": {"uv": [0, 0, 4, 0], "texture": "#1"},
				"south": {"uv": [0, 0, 4, 0], "texture": "#1"},
				"west": {"uv": [0, 0, 4, 0], "texture": "#1"},
				"up": {"uv": [4, 4, 0, 0], "texture": "#1"},
				"down": {"uv": [4, 4, 0, 8], "texture": "#1"}
			}
		},
		{
			"from": [8, 21.5, 4.5],
			"to": [8.01, 28.5, 11.5],
			"rotation": {"angle": 0, "axis": "x", "origin": [8.005, 25, 8]},
			"faces": {
				"north": {"uv": [15, 15, 16, 16], "texture": "#3"},
				"east": {"uv": [0, 7, 7, 14], "texture": "#3"},
				"south": {"uv": [15, 15, 16, 16], "texture": "#3"},
				"west": {"uv": [0, 7, 7, 14], "texture": "#3"},
				"up": {"uv": [15, 15, 16, 16], "texture": "#3"},
				"down": {"uv": [15, 15, 16, 16], "texture": "#3"}
			}
		},
		{
			"from": [4.505, 21.5, 7.995],
			"to": [11.505, 28.5, 8.005],
			"rotation": {"angle": 0, "axis": "x", "origin": [8.005, 25, 8]},
			"faces": {
				"north": {"uv": [0, 7, 7, 14], "texture": "#3"},
				"east": {"uv": [15, 15, 16, 16], "texture": "#3"},
				"south": {"uv": [0, 7, 7, 14], "texture": "#3"},
				"west": {"uv": [15, 15, 16, 16], "texture": "#3"},
				"up": {"uv": [15, 15, 16, 16], "texture": "#3"},
				"down": {"uv": [15, 15, 16, 16], "texture": "#3"}
			}
		},
		{
			"from": [10, 8, 0.5],
			"to": [11, 9, 1.5],
			"rotation": {"angle": 0, "axis": "y", "origin": [8.19269, 14.76923, 8.07692]},
			"faces": {
				"north": {"uv": [7, 7, 8, 8], "texture": "#3"},
				"east": {"uv": [7, 0, 8, 1], "texture": "#3"},
				"south": {"uv": [7, 1, 8, 2], "texture": "#3"},
				"west": {"uv": [7, 2, 8, 3], "texture": "#3"},
				"up": {"uv": [8, 4, 7, 3], "texture": "#3"},
				"down": {"uv": [8, 4, 7, 5], "texture": "#3"}
			}
		},
		{
			"from": [3, 5, 1.75],
			"to": [6, 10, 1.76],
			"rotation": {"angle": 0, "axis": "y", "origin": [1.19269, 11.76923, 9.32692]},
			"faces": {
				"north": {"uv": [13, 0, 16, 5], "texture": "#3"},
				"east": {"uv": [15, 15, 16, 16], "texture": "#3"},
				"south": {"uv": [16, 0, 13, 5], "texture": "#3"},
				"west": {"uv": [15, 15, 16, 16], "texture": "#3"},
				"up": {"uv": [15, 15, 16, 16], "texture": "#3"},
				"down": {"uv": [15, 15, 16, 16], "texture": "#3"}
			}
		},
		{
			"from": [10.5, 12, 3.75],
			"to": [13.5, 17, 3.76],
			"rotation": {"angle": -45, "axis": "y", "origin": [12, 14.5, 3.755]},
			"faces": {
				"north": {"uv": [13, 5, 16, 10], "texture": "#3"},
				"east": {"uv": [15, 15, 16, 16], "texture": "#3"},
				"south": {"uv": [16, 5, 13, 10], "texture": "#3"},
				"west": {"uv": [15, 15, 16, 16], "texture": "#3"},
				"up": {"uv": [15, 15, 16, 16], "texture": "#3"},
				"down": {"uv": [15, 15, 16, 16], "texture": "#3"}
			}
		},
		{
			"from": [2.995, 8, 11.755],
			"to": [3.005, 13, 14.755],
			"rotation": {"angle": 45, "axis": "y", "origin": [3, 10.5, 13.255]},
			"faces": {
				"north": {"uv": [15, 15, 16, 16], "texture": "#3"},
				"east": {"uv": [13, 5, 16, 10], "texture": "#3"},
				"south": {"uv": [15, 15, 16, 16], "texture": "#3"},
				"west": {"uv": [16, 5, 13, 10], "texture": "#3"},
				"up": {"uv": [15, 15, 16, 16], "rotation": 90, "texture": "#3"},
				"down": {"uv": [15, 15, 16, 16], "rotation": 270, "texture": "#3"}
			}
		},
		{
			"from": [10.5, 14, 11.25],
			"to": [13.5, 19, 11.26],
			"rotation": {"angle": 45, "axis": "y", "origin": [12, 16.5, 11.255]},
			"faces": {
				"north": {"uv": [16, 0, 13, 5], "texture": "#3"},
				"east": {"uv": [16, 15, 15, 16], "texture": "#3"},
				"south": {"uv": [13, 0, 16, 5], "texture": "#3"},
				"west": {"uv": [16, 15, 15, 16], "texture": "#3"},
				"up": {"uv": [16, 15, 15, 16], "texture": "#3"},
				"down": {"uv": [16, 15, 15, 16], "texture": "#3"}
			}
		},
		{
			"from": [4.5, 18.25, 11.25],
			"to": [11.5, 22.25, 11.26],
			"rotation": {"angle": 0, "axis": "y", "origin": [8, 20.25, 8.005]},
			"faces": {
				"north": {"uv": [0, 0, 7, 4], "texture": "#3"},
				"east": {"uv": [16, 15, 15, 16], "texture": "#3"},
				"south": {"uv": [0, 0, 7, 4], "texture": "#3"},
				"west": {"uv": [16, 15, 15, 16], "texture": "#3"},
				"up": {"uv": [16, 15, 15, 16], "texture": "#3"},
				"down": {"uv": [16, 15, 15, 16], "texture": "#3"}
			}
		},
		{
			"from": [1.5, -0.5, 5.115],
			"to": [8.5, 3.5, 5.125],
			"rotation": {"angle": 45, "axis": "y", "origin": [5, 1.5, 5.12]},
			"faces": {
				"north": {"uv": [0, 0, 7, 4], "texture": "#3"},
				"east": {"uv": [16, 15, 15, 16], "texture": "#3"},
				"south": {"uv": [0, 0, 7, 4], "texture": "#3"},
				"west": {"uv": [16, 15, 15, 16], "texture": "#3"},
				"up": {"uv": [15, 16, 16, 15], "texture": "#3"},
				"down": {"uv": [15, 16, 16, 15], "texture": "#3"}
			}
		},
		{
			"from": [4.5, 18.25, 4.75],
			"to": [11.5, 22.25, 4.76],
			"rotation": {"angle": 0, "axis": "y", "origin": [8, 20.25, 8.005]},
			"faces": {
				"north": {"uv": [0, 0, 7, 4], "texture": "#3"},
				"east": {"uv": [16, 15, 15, 16], "texture": "#3"},
				"south": {"uv": [0, 0, 7, 4], "texture": "#3"},
				"west": {"uv": [16, 15, 15, 16], "texture": "#3"},
				"up": {"uv": [16, 15, 15, 16], "texture": "#3"},
				"down": {"uv": [16, 15, 15, 16], "texture": "#3"}
			}
		},
		{
			"from": [8, 14, 3.25],
			"to": [9, 15, 4.25],
			"rotation": {"angle": 0, "axis": "y", "origin": [10.19269, 14.76923, 8.07692]},
			"faces": {
				"north": {"uv": [7, 5, 8, 6], "texture": "#3"},
				"east": {"uv": [7, 6, 8, 7], "texture": "#3"},
				"south": {"uv": [7, 8, 8, 9], "texture": "#3"},
				"west": {"uv": [8, 8, 9, 9], "texture": "#3"},
				"up": {"uv": [9, 1, 8, 0], "texture": "#3"},
				"down": {"uv": [9, 1, 8, 2], "texture": "#3"}
			}
		},
		{
			"from": [1.25, 8.25, 5.75],
			"to": [2.25, 9.25, 6.75],
			"rotation": {"angle": 0, "axis": "y", "origin": [7.94269, 16.01923, 8.07692]},
			"faces": {
				"north": {"uv": [8, 2, 9, 3], "texture": "#3"},
				"east": {"uv": [8, 3, 9, 4], "texture": "#3"},
				"south": {"uv": [8, 4, 9, 5], "texture": "#3"},
				"west": {"uv": [8, 5, 9, 6], "texture": "#3"},
				"up": {"uv": [9, 7, 8, 6], "texture": "#3"},
				"down": {"uv": [9, 7, 8, 8], "texture": "#3"}
			}
		},
		{
			"from": [3.75, 17, 6.75],
			"to": [4.75, 18, 7.75],
			"rotation": {"angle": 0, "axis": "y", "origin": [8.19269, 14.76923, 8.07692]},
			"faces": {
				"north": {"uv": [7, 9, 8, 10], "texture": "#3"},
				"east": {"uv": [8, 9, 9, 10], "texture": "#3"},
				"south": {"uv": [9, 9, 10, 10], "texture": "#3"},
				"west": {"uv": [9, 0, 10, 1], "texture": "#3"},
				"up": {"uv": [10, 2, 9, 1], "texture": "#3"},
				"down": {"uv": [10, 2, 9, 3], "texture": "#3"}
			}
		},
		{
			"from": [0.75, 5, 10.75],
			"to": [1.75, 6, 11.75],
			"rotation": {"angle": 0, "axis": "y", "origin": [5.19269, 2.76923, 12.07692]},
			"faces": {
				"north": {"uv": [7, 9, 8, 10], "texture": "#3"},
				"east": {"uv": [8, 9, 9, 10], "texture": "#3"},
				"south": {"uv": [9, 9, 10, 10], "texture": "#3"},
				"west": {"uv": [9, 0, 10, 1], "texture": "#3"},
				"up": {"uv": [10, 2, 9, 1], "texture": "#3"},
				"down": {"uv": [10, 2, 9, 3], "texture": "#3"}
			}
		},
		{
			"from": [5.75, 9, 13.5],
			"to": [6.75, 10, 14.5],
			"rotation": {"angle": 0, "axis": "y", "origin": [10.19269, 6.76923, 14.82692]},
			"faces": {
				"north": {"uv": [7, 9, 8, 10], "texture": "#3"},
				"east": {"uv": [8, 9, 9, 10], "texture": "#3"},
				"south": {"uv": [9, 9, 10, 10], "texture": "#3"},
				"west": {"uv": [9, 0, 10, 1], "texture": "#3"},
				"up": {"uv": [10, 2, 9, 1], "texture": "#3"},
				"down": {"uv": [10, 2, 9, 3], "texture": "#3"}
			}
		},
		{
			"from": [9.25, 17, 10.75],
			"to": [10.25, 18, 11.75],
			"rotation": {"angle": 0, "axis": "y", "origin": [13.69269, 14.76923, 12.07692]},
			"faces": {
				"north": {"uv": [7, 9, 8, 10], "texture": "#3"},
				"east": {"uv": [8, 9, 9, 10], "texture": "#3"},
				"south": {"uv": [9, 9, 10, 10], "texture": "#3"},
				"west": {"uv": [9, 0, 10, 1], "texture": "#3"},
				"up": {"uv": [10, 2, 9, 1], "texture": "#3"},
				"down": {"uv": [10, 2, 9, 3], "texture": "#3"}
			}
		},
		{
			"from": [2, 13, 10],
			"to": [3, 14, 11],
			"rotation": {"angle": 0, "axis": "y", "origin": [6.94269, 16.76923, 7.32692]},
			"faces": {
				"north": {"uv": [9, 3, 10, 4], "texture": "#3"},
				"east": {"uv": [9, 4, 10, 5], "texture": "#3"},
				"south": {"uv": [9, 5, 10, 6], "texture": "#3"},
				"west": {"uv": [9, 6, 10, 7], "texture": "#3"},
				"up": {"uv": [10, 8, 9, 7], "texture": "#3"},
				"down": {"uv": [10, 8, 9, 9], "texture": "#3"}
			}
		},
		{
			"from": [5, 19, 10],
			"to": [6, 20, 11],
			"rotation": {"angle": 0, "axis": "y", "origin": [8.19269, 12.76923, 8.57692]},
			"faces": {
				"north": {"uv": [7, 10, 8, 11], "texture": "#3"},
				"east": {"uv": [8, 10, 9, 11], "texture": "#3"},
				"south": {"uv": [9, 10, 10, 11], "texture": "#3"},
				"west": {"uv": [10, 10, 11, 11], "texture": "#3"},
				"up": {"uv": [11, 1, 10, 0], "texture": "#3"},
				"down": {"uv": [11, 1, 10, 2], "texture": "#3"}
			}
		},
		{
			"from": [10, 18, 5],
			"to": [11, 19, 6],
			"rotation": {"angle": 0, "axis": "y", "origin": [8.19269, 14.76923, 8.07692]},
			"faces": {
				"north": {"uv": [10, 2, 11, 3], "texture": "#3"},
				"east": {"uv": [10, 3, 11, 4], "texture": "#3"},
				"south": {"uv": [10, 4, 11, 5], "texture": "#3"},
				"west": {"uv": [10, 5, 11, 6], "texture": "#3"},
				"up": {"uv": [11, 7, 10, 6], "texture": "#3"},
				"down": {"uv": [11, 7, 10, 8], "texture": "#3"}
			}
		},
		{
			"from": [4, 12, 4],
			"to": [5, 13, 5],
			"rotation": {"angle": 0, "axis": "y", "origin": [2.19269, 8.76923, 7.07692]},
			"faces": {
				"north": {"uv": [10, 2, 11, 3], "texture": "#3"},
				"east": {"uv": [10, 3, 11, 4], "texture": "#3"},
				"south": {"uv": [10, 4, 11, 5], "texture": "#3"},
				"west": {"uv": [10, 5, 11, 6], "texture": "#3"},
				"up": {"uv": [11, 7, 10, 6], "texture": "#3"},
				"down": {"uv": [11, 7, 10, 8], "texture": "#3"}
			}
		},
		{
			"from": [11.75, 14, 8.75],
			"to": [12.75, 15, 9.75],
			"rotation": {"angle": 0, "axis": "y", "origin": [8.19269, 14.76923, 8.07692]},
			"faces": {
				"north": {"uv": [10, 8, 11, 9], "texture": "#3"},
				"east": {"uv": [10, 9, 11, 10], "texture": "#3"},
				"south": {"uv": [7, 11, 8, 12], "texture": "#3"},
				"west": {"uv": [8, 11, 9, 12], "texture": "#3"},
				"up": {"uv": [10, 12, 9, 11], "texture": "#3"},
				"down": {"uv": [11, 11, 10, 12], "texture": "#3"}
			}
		},
		{
			"from": [5.25, 22, 5.25],
			"to": [6.25, 23, 6.25],
			"rotation": {"angle": 0, "axis": "y", "origin": [1.69269, 22.76923, 4.57692]},
			"faces": {
				"north": {"uv": [10, 8, 11, 9], "texture": "#3"},
				"east": {"uv": [10, 9, 11, 10], "texture": "#3"},
				"south": {"uv": [7, 11, 8, 12], "texture": "#3"},
				"west": {"uv": [8, 11, 9, 12], "texture": "#3"},
				"up": {"uv": [10, 12, 9, 11], "texture": "#3"},
				"down": {"uv": [11, 11, 10, 12], "texture": "#3"}
			}
		},
		{
			"from": [12.75, 9, 5.75],
			"to": [13.75, 10, 6.75],
			"rotation": {"angle": 0, "axis": "y", "origin": [8.19269, 14.76923, 8.07692]},
			"faces": {
				"north": {"uv": [11, 11, 12, 12], "texture": "#3"},
				"east": {"uv": [11, 0, 12, 1], "texture": "#3"},
				"south": {"uv": [11, 1, 12, 2], "texture": "#3"},
				"west": {"uv": [11, 2, 12, 3], "texture": "#3"},
				"up": {"uv": [12, 4, 11, 3], "texture": "#3"},
				"down": {"uv": [12, 4, 11, 5], "texture": "#3"}
			}
		},
		{
			"from": [9.75, 22, 8.75],
			"to": [10.75, 23, 9.75],
			"rotation": {"angle": 0, "axis": "y", "origin": [8.19269, 14.76923, 8.07692]},
			"faces": {
				"north": {"uv": [11, 5, 12, 6], "texture": "#3"},
				"east": {"uv": [11, 6, 12, 7], "texture": "#3"},
				"south": {"uv": [11, 7, 12, 8], "texture": "#3"},
				"west": {"uv": [11, 8, 12, 9], "texture": "#3"},
				"up": {"uv": [12, 10, 11, 9], "texture": "#3"},
				"down": {"uv": [12, 10, 11, 11], "texture": "#3"}
			}
		},
		{
			"from": [7.75, 13, 12.25],
			"to": [8.75, 14, 13.25],
			"rotation": {"angle": 0, "axis": "y", "origin": [8.19269, 14.76923, 8.07692]},
			"faces": {
				"north": {"uv": [7, 12, 8, 13], "texture": "#3"},
				"east": {"uv": [8, 12, 9, 13], "texture": "#3"},
				"south": {"uv": [9, 12, 10, 13], "texture": "#3"},
				"west": {"uv": [10, 12, 11, 13], "texture": "#3"},
				"up": {"uv": [12, 13, 11, 12], "texture": "#3"},
				"down": {"uv": [13, 12, 12, 13], "texture": "#3"}
			}
		},
		{
			"from": [14.25, 5, 9.25],
			"to": [15.25, 6, 10.25],
			"rotation": {"angle": 0, "axis": "y", "origin": [14.69269, 6.76923, 5.07692]},
			"faces": {
				"north": {"uv": [7, 12, 8, 13], "texture": "#3"},
				"east": {"uv": [8, 12, 9, 13], "texture": "#3"},
				"south": {"uv": [9, 12, 10, 13], "texture": "#3"},
				"west": {"uv": [10, 12, 11, 13], "texture": "#3"},
				"up": {"uv": [12, 13, 11, 12], "texture": "#3"},
				"down": {"uv": [13, 12, 12, 13], "texture": "#3"}
			}
		},
		{
			"from": [10.5, 5.5, 14.5],
			"to": [11.5, 6.5, 15.5],
			"rotation": {"angle": 0, "axis": "y", "origin": [7.69269, 13.26923, 8.57692]},
			"faces": {
				"north": {"uv": [12, 0, 13, 1], "texture": "#3"},
				"east": {"uv": [12, 1, 13, 2], "texture": "#3"},
				"south": {"uv": [12, 2, 13, 3], "texture": "#3"},
				"west": {"uv": [12, 3, 13, 4], "texture": "#3"},
				"up": {"uv": [13, 5, 12, 4], "texture": "#3"},
				"down": {"uv": [13, 5, 12, 6], "texture": "#3"}
			}
		},
		{
			"from": [11, 1, 4],
			"to": [12, 2, 12],
			"rotation": {"angle": 45, "axis": "y", "origin": [8, 1, 8]},
			"faces": {
				"north": {"uv": [6.5, 6, 7, 6.5], "texture": "#2"},
				"east": {"uv": [3, 2, 7, 2.5], "texture": "#2"},
				"south": {"uv": [4, 7, 4.5, 7.5], "texture": "#2"},
				"west": {"uv": [3, 2.5, 7, 3], "texture": "#2"},
				"up": {"uv": [6.5, 10, 6, 6], "texture": "#2"},
				"down": {"uv": [7, 6.5, 6.5, 10.5], "texture": "#2"}
			}
		},
		{
			"from": [5, 1, 4],
			"to": [11, 2, 5],
			"rotation": {"angle": 45, "axis": "y", "origin": [8, 1, 8]},
			"faces": {
				"north": {"uv": [6, 1, 9, 1.5], "texture": "#2"},
				"east": {"uv": [4.5, 7, 5, 7.5], "texture": "#2"},
				"south": {"uv": [6, 1.5, 9, 2], "texture": "#2"},
				"west": {"uv": [5, 7, 5.5, 7.5], "texture": "#2"},
				"up": {"uv": [9, 3.5, 6, 3], "texture": "#2"},
				"down": {"uv": [9, 3.5, 6, 4], "texture": "#2"}
			}
		},
		{
			"from": [5, -3, 5],
			"to": [11, 1, 11],
			"rotation": {"angle": 45, "axis": "y", "origin": [8, 1, 8]},
			"faces": {
				"north": {"uv": [3, 3, 6, 5], "texture": "#2"},
				"east": {"uv": [3, 0, 6, 2], "texture": "#2"},
				"south": {"uv": [3, 5, 6, 7], "texture": "#2"},
				"west": {"uv": [0, 6, 3, 8], "texture": "#2"},
				"up": {"uv": [3, 3, 0, 0], "texture": "#2"},
				"down": {"uv": [3, 3, 0, 6], "texture": "#2"}
			}
		},
		{
			"from": [5, 1, 11],
			"to": [11, 2, 12],
			"rotation": {"angle": 45, "axis": "y", "origin": [8, 1, 8]},
			"faces": {
				"north": {"uv": [6, 4, 9, 4.5], "texture": "#2"},
				"east": {"uv": [5.5, 7, 6, 7.5], "texture": "#2"},
				"south": {"uv": [6, 4.5, 9, 5], "texture": "#2"},
				"west": {"uv": [7, 7, 7.5, 7.5], "texture": "#2"},
				"up": {"uv": [9, 5.5, 6, 5], "texture": "#2"},
				"down": {"uv": [9, 5.5, 6, 6], "texture": "#2"}
			}
		},
		{
			"from": [4, 1, 4],
			"to": [5, 2, 12],
			"rotation": {"angle": 45, "axis": "y", "origin": [8, 1, 8]},
			"faces": {
				"north": {"uv": [7, 2, 7.5, 2.5], "texture": "#2"},
				"east": {"uv": [6, 0, 10, 0.5], "texture": "#2"},
				"south": {"uv": [7, 2.5, 7.5, 3], "texture": "#2"},
				"west": {"uv": [6, 0.5, 10, 1], "texture": "#2"},
				"up": {"uv": [3.5, 11, 3, 7], "texture": "#2"},
				"down": {"uv": [4, 7, 3.5, 11], "texture": "#2"}
			}
		}
	],
	"gui_light": "front",
	"display": {
		"thirdperson_righthand": {
			"rotation": [64, 0, 0],
			"translation": [3.5, 4.25, 5.5],
			"scale": [0.7, 0.7, 0.7]
		},
		"thirdperson_lefthand": {
			"rotation": [64, 0, 0],
			"translation": [3.5, 4.25, 5.5],
			"scale": [0.7, 0.7, 0.7]
		},
		"firstperson_righthand": {
			"translation": [16, 0, -14.25],
			"scale": [0.7, 0.7, 0.7]
		},
		"firstperson_lefthand": {
			"translation": [16, 0, -14.25],
			"scale": [0.7, 0.7, 0.7]
		},
		"ground": {
			"translation": [0, 14.5, 0],
			"scale": [0.7, 0.7, 0.7]
		},
		"gui": {
			"rotation": [16, 50, 0],
			"translation": [0, 0.75, 0],
			"scale": [0.35, 0.35, 0.35]
		},
		"head": {
			"rotation": [0, -45, 0],
			"translation": [0, -22.5, 0],
			"scale": [2, 2, 2]
		},
		"fixed": {
			"rotation": [-90, 45, 0],
			"translation": [0, 0, -37.75],
			"scale": [3.5, 3.5, 3.5]
		}
	},
	"groups": [
		{
			"name": "group",
			"origin": [16, 8, 16],
			"color": 0,
			"children": [0, 1, 2, 3, 4, 5, 6, 7, 8, 9, 10, 11, 12, 13, 14, 15, 16, 17, 18, 19, 20, 21, 22, 23, 24, 25, 26, 27, 28, 29]
		},
		{
			"name": "group",
			"origin": [19, 15, 22],
			"color": 0,
			"children": [30, 31, 32, 33, 34, 35, 36, 37, 38, 39, 40, 41, 42, 43, 44, 45, 46, 47, 48, 49, 50, 51, 52, 53, 54, 55, 56]
		},
		57,
		58,
		59,
		60,
		61
	]
}