{
	"credit": "Made with Blockbench",
	"textures": {
		"0": "custom/360b",
		"1": "custom/360b-1",
		"particle": "custom/360b"
	},
	"elements": [
		{
			"from": [10.25, 3.25, 6.25],
			"to": [11.25, 4.25, 7.25],
			"rotation": {"angle": 0, "axis": "y", "origin": [18.25, 11.25, 14.25]},
			"faces": {
				"north": {"uv": [0, 0, 8, 8], "texture": "#1"},
				"east": {"uv": [0, 0, 8, 8], "texture": "#1"},
				"south": {"uv": [0, 0, 8, 8], "texture": "#1"},
				"west": {"uv": [0, 0, 8, 8], "texture": "#1"},
				"up": {"uv": [0, 0, 8, 8], "texture": "#1"},
				"down": {"uv": [0, 0, 8, 8], "texture": "#1"}
			}
		},
		{
			"from": [11.75, 1, 6.25],
			"to": [12.75, 2, 7.25],
			"rotation": {"angle": 0, "axis": "y", "origin": [19.75, 9, 14.25]},
			"faces": {
				"north": {"uv": [8, 0, 16, 8], "texture": "#1"},
				"east": {"uv": [8, 0, 16, 8], "texture": "#1"},
				"south": {"uv": [8, 0, 16, 8], "texture": "#1"},
				"west": {"uv": [8, 0, 16, 8], "texture": "#1"},
				"up": {"uv": [8, 0, 16, 8], "texture": "#1"},
				"down": {"uv": [8, 0, 16, 8], "texture": "#1"}
			}
		},
		{
			"from": [13.25, 6, 6.5],
			"to": [14.25, 7, 7.5],
			"rotation": {"angle": 0, "axis": "y", "origin": [21.25, 14, 14.5]},
			"faces": {
				"north": {"uv": [8, 0, 16, 8], "texture": "#1"},
				"east": {"uv": [8, 0, 16, 8], "texture": "#1"},
				"south": {"uv": [8, 0, 16, 8], "texture": "#1"},
				"west": {"uv": [8, 0, 16, 8], "texture": "#1"},
				"up": {"uv": [8, 0, 16, 8], "texture": "#1"},
				"down": {"uv": [8, 0, 16, 8], "texture": "#1"}
			}
		},
		{
			"from": [7, -1.25, 6.25],
			"to": [8, -0.25, 7.25],
			"rotation": {"angle": 0, "axis": "y", "origin": [15, 6.75, 14.25]},
			"faces": {
				"north": {"uv": [0, 0, 8, 8], "texture": "#1"},
				"east": {"uv": [0, 0, 8, 8], "texture": "#1"},
				"south": {"uv": [0, 0, 8, 8], "texture": "#1"},
				"west": {"uv": [0, 0, 8, 8], "texture": "#1"},
				"up": {"uv": [0, 0, 8, 8], "texture": "#1"},
				"down": {"uv": [0, 0, 8, 8], "texture": "#1"}
			}
		},
		{
			"from": [2, 3, 6.5],
			"to": [3, 4, 7.5],
			"rotation": {"angle": 0, "axis": "y", "origin": [10, 11, 14.5]},
			"faces": {
				"north": {"uv": [0, 0, 8, 8], "texture": "#1"},
				"east": {"uv": [0, 0, 8, 8], "texture": "#1"},
				"south": {"uv": [0, 0, 8, 8], "texture": "#1"},
				"west": {"uv": [0, 0, 8, 8], "texture": "#1"},
				"up": {"uv": [0, 0, 8, 8], "texture": "#1"},
				"down": {"uv": [0, 0, 8, 8], "texture": "#1"}
			}
		},
		{
			"from": [5, 2, 6],
			"to": [6, 3, 7],
			"rotation": {"angle": 0, "axis": "y", "origin": [13, 10, 14]},
			"faces": {
				"north": {"uv": [8, 0, 16, 8], "texture": "#1"},
				"east": {"uv": [8, 0, 16, 8], "texture": "#1"},
				"south": {"uv": [8, 0, 16, 8], "texture": "#1"},
				"west": {"uv": [8, 0, 16, 8], "texture": "#1"},
				"up": {"uv": [8, 0, 16, 8], "texture": "#1"},
				"down": {"uv": [8, 0, 16, 8], "texture": "#1"}
			}
		},
		{
			"from": [2, 7, 6.5],
			"to": [3, 8, 7.5],
			"rotation": {"angle": 0, "axis": "y", "origin": [10, 15, 14.5]},
			"faces": {
				"north": {"uv": [8, 0, 16, 8], "texture": "#1"},
				"east": {"uv": [8, 0, 16, 8], "texture": "#1"},
				"south": {"uv": [8, 0, 16, 8], "texture": "#1"},
				"west": {"uv": [8, 0, 16, 8], "texture": "#1"},
				"up": {"uv": [8, 0, 16, 8], "texture": "#1"},
				"down": {"uv": [8, 0, 16, 8], "texture": "#1"}
			}
		},
		{
			"from": [4.5, 5, 6.75],
			"to": [6.5, 9, 7.75],
			"rotation": {"angle": -22.5, "axis": "z", "origin": [5.5, 7.5, 7.25]},
			"faces": {
				"north": {"uv": [7.5, 4.5, 8.5, 6.5], "texture": "#0"},
				"east": {"uv": [1.5, 9.5, 2, 11.5], "texture": "#0"},
				"south": {"uv": [8, 8, 9, 10], "texture": "#0"},
				"west": {"uv": [2, 9.5, 2.5, 11.5], "texture": "#0"},
				"up": {"uv": [5, 9, 4, 8.5], "texture": "#0"},
				"down": {"uv": [11.5, 7.5, 10.5, 8], "texture": "#0"}
			}
		},
		{
			"from": [6, -1, 6.9375],
			"to": [11, 2, 8.0625],
			"rotation": {"angle": 0, "axis": "y", "origin": [8, 1, 7.5]},
			"faces": {
				"north": {"uv": [0, 0, 2.5, 1.5], "texture": "#0"},
				"east": {"uv": [9.5, 1, 10, 2.5], "texture": "#0"},
				"south": {"uv": [0, 1.5, 2.5, 3], "texture": "#0"},
				"west": {"uv": [9.5, 2.5, 10, 4], "texture": "#0"},
				"up": {"uv": [5, 2, 2.5, 1.5], "texture": "#0"},
				"down": {"uv": [5, 2, 2.5, 2.5], "texture": "#0"}
			}
		},
		{
			"from": [2.29289, 7.65685, 7],
			"to": [7.29289, 10.65685, 8],
			"rotation": {"angle": 45, "axis": "z", "origin": [6.64645, 8.09619, 7.5]},
			"faces": {
				"north": {"uv": [2.5, 2.5, 5, 4], "texture": "#0"},
				"east": {"uv": [4, 10, 4.5, 11.5], "texture": "#0"},
				"south": {"uv": [2.5, 0, 5, 1.5], "texture": "#0"},
				"west": {"uv": [4.5, 10, 5, 11.5], "texture": "#0"},
				"up": {"uv": [7.5, 5, 5, 4.5], "texture": "#0"},
				"down": {"uv": [10.5, 6.5, 8, 7], "texture": "#0"}
			}
		},
		{
			"from": [7.70711, 7.65685, 7],
			"to": [12.70711, 10.65685, 8],
			"rotation": {"angle": -45, "axis": "z", "origin": [9.35355, 8.09619, 7.5]},
			"faces": {
				"north": {"uv": [0, 3, 2.5, 4.5], "texture": "#0"},
				"east": {"uv": [5, 10, 5.5, 11.5], "texture": "#0"},
				"south": {"uv": [2.5, 4, 5, 5.5], "texture": "#0"},
				"west": {"uv": [5.5, 10, 6, 11.5], "texture": "#0"},
				"up": {"uv": [10.5, 7.5, 8, 7], "texture": "#0"},
				"down": {"uv": [10.5, 7.5, 8, 8], "texture": "#0"}
			}
		},
		{
			"from": [3.29289, 0.12132, 7],
			"to": [8.29289, 3.12132, 8],
			"rotation": {"angle": -45, "axis": "z", "origin": [5.29289, 2.12132, 7.5]},
			"faces": {
				"north": {"uv": [0, 4.5, 2.5, 6], "texture": "#0"},
				"east": {"uv": [8, 10, 8.5, 11.5], "texture": "#0"},
				"south": {"uv": [5, 5, 7.5, 6.5], "texture": "#0"},
				"west": {"uv": [8.5, 10, 9, 11.5], "texture": "#0"},
				"up": {"uv": [11, 5, 8.5, 4.5], "texture": "#0"},
				"down": {"uv": [11, 5, 8.5, 5.5], "texture": "#0"}
			}
		},
		{
			"from": [8.70711, 0.12132, 7],
			"to": [13.70711, 3.12132, 8],
			"rotation": {"angle": 45, "axis": "z", "origin": [10.70711, 2.12132, 7.5]},
			"faces": {
				"north": {"uv": [5, 0, 7.5, 1.5], "texture": "#0"},
				"east": {"uv": [9, 10, 9.5, 11.5], "texture": "#0"},
				"south": {"uv": [5, 1.5, 7.5, 3], "texture": "#0"},
				"west": {"uv": [9.5, 10, 10, 11.5], "texture": "#0"},
				"up": {"uv": [11, 6, 8.5, 5.5], "texture": "#0"},
				"down": {"uv": [11, 6, 8.5, 6.5], "texture": "#0"}
			}
		},
		{
			"from": [5, 7.65685, 6.9375],
			"to": [10, 10.65685, 8.0625],
			"rotation": {"angle": 0, "axis": "y", "origin": [6.64645, 8.09619, 7.5]},
			"faces": {
				"north": {"uv": [5, 3, 7.5, 4.5], "texture": "#0"},
				"east": {"uv": [10, 10, 10.5, 11.5], "texture": "#0"},
				"south": {"uv": [2.5, 5.5, 5, 7], "texture": "#0"},
				"west": {"uv": [10, 1, 10.5, 2.5], "texture": "#0"},
				"up": {"uv": [6.5, 9.5, 4, 9], "texture": "#0"},
				"down": {"uv": [11.5, 9, 9, 9.5], "texture": "#0"}
			}
		},
		{
			"from": [2.17157, 1.82843, 6.9375],
			"to": [5.17157, 6.82843, 8.0625],
			"rotation": {"angle": 0, "axis": "y", "origin": [4.17157, 4.82843, 7.5]},
			"faces": {
				"north": {"uv": [0, 6, 1.5, 8.5], "texture": "#0"},
				"east": {"uv": [1, 8.5, 1.5, 11], "texture": "#0"},
				"south": {"uv": [5, 6.5, 6.5, 9], "texture": "#0"},
				"west": {"uv": [6.5, 9, 7, 11.5], "texture": "#0"},
				"up": {"uv": [11, 4.5, 9.5, 4], "texture": "#0"},
				"down": {"uv": [11.5, 2.5, 10, 3], "texture": "#0"}
			}
		},
		{
			"from": [10.82843, 2.82843, 6.9375],
			"to": [13.82843, 7.82843, 8.0625],
			"rotation": {"angle": 0, "axis": "y", "origin": [11.82843, 4.82843, 7.5]},
			"faces": {
				"north": {"uv": [6.5, 6.5, 8, 9], "texture": "#0"},
				"east": {"uv": [7, 9, 7.5, 11.5], "texture": "#0"},
				"south": {"uv": [1.5, 7, 3, 9.5], "texture": "#0"},
				"west": {"uv": [7.5, 9, 8, 11.5], "texture": "#0"},
				"up": {"uv": [11.5, 3.5, 10, 3], "texture": "#0"},
				"down": {"uv": [11.5, 3.5, 10, 4], "texture": "#0"}
			}
		},
		{
			"from": [7, 9, 6.5],
			"to": [9, 11, 7.5],
			"rotation": {"angle": 0, "axis": "y", "origin": [15.5, 17, 14]},
			"faces": {
				"north": {"uv": [1.5, 6, 2.5, 7], "texture": "#0"},
				"east": {"uv": [1, 11, 1.5, 12], "texture": "#0"},
				"south": {"uv": [9, 8, 10, 9], "texture": "#0"},
				"west": {"uv": [10.5, 11, 11, 12], "texture": "#0"},
				"up": {"uv": [11.5, 10.5, 10.5, 10], "texture": "#0"},
				"down": {"uv": [12, 11, 11, 11.5], "texture": "#0"}
			}
		},
		{
			"from": [9, 8.5, 6.5],
			"to": [13, 11.5, 7.5],
			"rotation": {"angle": 0, "axis": "y", "origin": [17, 17, 14]},
			"faces": {
				"north": {"uv": [3, 7, 5, 8.5], "texture": "#0"},
				"east": {"uv": [0, 10.5, 0.5, 12], "texture": "#0"},
				"south": {"uv": [7.5, 0, 9.5, 1.5], "texture": "#0"},
				"west": {"uv": [0.5, 10.5, 1, 12], "texture": "#0"},
				"up": {"uv": [6, 10, 4, 9.5], "texture": "#0"},
				"down": {"uv": [11, 9.5, 9, 10], "texture": "#0"}
			}
		},
		{
			"from": [9.5, 5, 6.75],
			"to": [11.5, 9, 7.75],
			"rotation": {"angle": 22.5, "axis": "z", "origin": [10.5, 7.5, 7.25]},
			"faces": {
				"north": {"uv": [0, 8.5, 1, 10.5], "texture": "#0"},
				"east": {"uv": [2.5, 9.5, 3, 11.5], "texture": "#0"},
				"south": {"uv": [3, 8.5, 4, 10.5], "texture": "#0"},
				"west": {"uv": [6, 9.5, 6.5, 11.5], "texture": "#0"},
				"up": {"uv": [12, 4.5, 11, 4], "texture": "#0"},
				"down": {"uv": [12, 4.5, 11, 5], "texture": "#0"}
			}
		},
		{
			"from": [10, 11.5, 6.5],
			"to": [13, 12.5, 7.5],
			"rotation": {"angle": 0, "axis": "y", "origin": [17, 20, 14]},
			"faces": {
				"north": {"uv": [10, 8, 11.5, 8.5], "texture": "#0"},
				"east": {"uv": [11, 5, 11.5, 5.5], "texture": "#0"},
				"south": {"uv": [10, 8.5, 11.5, 9], "texture": "#0"},
				"west": {"uv": [11, 5.5, 11.5, 6], "texture": "#0"},
				"up": {"uv": [12, 11, 10.5, 10.5], "texture": "#0"},
				"down": {"uv": [12, 1, 10.5, 1.5], "texture": "#0"}
			}
		},
		{
			"from": [3, 11.5, 6.5],
			"to": [6, 12.5, 7.5],
			"rotation": {"angle": 0, "axis": "y", "origin": [10, 20, 14]},
			"faces": {
				"north": {"uv": [10.5, 1.5, 12, 2], "texture": "#0"},
				"east": {"uv": [11, 6, 11.5, 6.5], "texture": "#0"},
				"south": {"uv": [10.5, 2, 12, 2.5], "texture": "#0"},
				"west": {"uv": [11, 9.5, 11.5, 10], "texture": "#0"},
				"up": {"uv": [12, 7, 10.5, 6.5], "texture": "#0"},
				"down": {"uv": [12, 7, 10.5, 7.5], "texture": "#0"}
			}
		},
		{
			"from": [3, 8.5, 6.5],
			"to": [7, 11.5, 7.5],
			"rotation": {"angle": 0, "axis": "y", "origin": [11, 17, 14]},
			"faces": {
				"north": {"uv": [7.5, 1.5, 9.5, 3], "texture": "#0"},
				"east": {"uv": [3, 10.5, 3.5, 12], "texture": "#0"},
				"south": {"uv": [7.5, 3, 9.5, 4.5], "texture": "#0"},
				"west": {"uv": [3.5, 10.5, 4, 12], "texture": "#0"},
				"up": {"uv": [11.5, 0.5, 9.5, 0], "texture": "#0"},
				"down": {"uv": [11.5, 0.5, 9.5, 1], "texture": "#0"}
			}
		}
	],
	"gui_light": "front",
	"display": {
		"thirdperson_righthand": {
			"rotation": [72, 0, 0],
			"translation": [0.75, 1.75, 6.25]
		},
		"thirdperson_lefthand": {
			"rotation": [72, 0, 0],
			"translation": [0.75, 1.75, 6.25]
		},
		"firstperson_righthand": {
			"rotation": [0, -180, 0],
			"translation": [3.25, 7.75, -4.25]
		},
		"firstperson_lefthand": {
			"rotation": [0, -180, 0],
			"translation": [3.25, 7.75, -4.25]
		},
		"ground": {
			"translation": [0, 8.75, 0.5]
		},
		"gui": {
			"rotation": [30, -143, 0],
			"translation": [-0.25, 1.75, 0]
		},
		"fixed": {
			"translation": [0, 5.5, -1],
			"scale": [2, 2, 2]
		}
	},
	"groups": [
		{
			"name": "group",
			"origin": [10, 15, 14],
			"color": 0,
			"children": [0, 1, 2, 3, 4, 5, 6]
		},
		{
			"name": "group",
			"origin": [11, 17, 14],
			"color": 0,
			"children": [7, 8, 9, 10, 11, 12, 13, 14, 15, 16, 17, 18, 19, 20, 21]
		}
	]
}