{
	"credit": "Made with Blockbench",
	"texture_size": [64, 64],
	"textures": {
		"1": "custom/362",
		"2": "custom/362-1",
		"particle": "custom/362-1"
	},
	"elements": [
		{
			"from": [16, -6, 11],
			"to": [22, 8, 17],
			"rotation": {"angle": 0, "axis": "y", "origin": [29, 2, 19]},
			"faces": {
				"north": {"uv": [0, 8.5, 1.5, 12], "texture": "#1"},
				"east": {"uv": [1.5, 8.5, 3, 12], "texture": "#1"},
				"south": {"uv": [3, 8.5, 4.5, 12], "texture": "#1"},
				"west": {"uv": [4.5, 8.5, 6, 12], "texture": "#1"},
				"up": {"uv": [9.5, 13, 8, 11.5], "texture": "#1"},
				"down": {"uv": [11, 11.5, 9.5, 13], "texture": "#1"}
			}
		},
		{
			"from": [-6, -6, 11],
			"to": [0, 8, 17],
			"rotation": {"angle": 0, "axis": "y", "origin": [-13, 2, 19]},
			"faces": {
				"north": {"uv": [1.5, 8.5, 0, 12], "texture": "#1"},
				"east": {"uv": [6, 8.5, 4.5, 12], "texture": "#1"},
				"south": {"uv": [4.5, 8.5, 3, 12], "texture": "#1"},
				"west": {"uv": [3, 8.5, 1.5, 12], "texture": "#1"},
				"up": {"uv": [8, 13, 9.5, 11.5], "texture": "#1"},
				"down": {"uv": [9.5, 11.5, 11, 13], "texture": "#1"}
			}
		},
		{
			"from": [-8, 8, 9],
			"to": [24, 13, 17],
			"rotation": {"angle": 0, "axis": "y", "origin": [29, 16, 19]},
			"faces": {
				"north": {"uv": [8, 0, 16, 1.25], "texture": "#1"},
				"east": {"uv": [6, 8.5, 8, 9.75], "texture": "#1"},
				"south": {"uv": [8, 1.25, 16, 2.5], "texture": "#1"},
				"west": {"uv": [6, 11.5, 8, 12.75], "texture": "#1"},
				"up": {"uv": [8, 8.5, 0, 6.5], "texture": "#1"},
				"down": {"uv": [16, 8, 8, 10], "texture": "#1"}
			}
		},
		{
			"from": [0, -6, 16],
			"to": [16, 8, 17],
			"rotation": {"angle": 0, "axis": "y", "origin": [29, 11, 19]},
			"faces": {
				"north": {"uv": [0, 4, 3, 6.5], "texture": "#1"},
				"east": {"uv": [0, 4, 3, 6.5], "texture": "#1"},
				"south": {"uv": [0, 4, 3, 6.5], "texture": "#1"},
				"west": {"uv": [0, 4, 3, 6.5], "texture": "#1"},
				"up": {"uv": [0, 4, 3, 6.5], "texture": "#1"},
				"down": {"uv": [0, 4, 3, 6.5], "texture": "#1"}
			}
		},
		{
			"from": [-8, -9, 4],
			"to": [24, -6, 17],
			"rotation": {"angle": 0, "axis": "y", "origin": [29, -3, 19]},
			"faces": {
				"north": {"uv": [8, 5.5, 16, 6.25], "texture": "#1"},
				"east": {"uv": [8, 7, 11.25, 7.75], "texture": "#1"},
				"south": {"uv": [8, 6.25, 16, 7], "texture": "#1"},
				"west": {"uv": [11.25, 7, 14.5, 7.75], "texture": "#1"},
				"up": {"uv": [8, 3.25, 0, 0], "texture": "#1"},
				"down": {"uv": [8, 0, 0, 3.25], "texture": "#1"}
			}
		},
		{
			"from": [7, -4.75, 10],
			"to": [9, -2.75, 17],
			"rotation": {"angle": -45, "axis": "x", "origin": [8, -3.75, 13.5]},
			"faces": {
				"north": {"uv": [2, 12.5, 2.5, 13], "texture": "#1"},
				"east": {"uv": [11, 11.5, 12.75, 12], "texture": "#1"},
				"south": {"uv": [2.5, 12.5, 3, 13], "texture": "#1"},
				"west": {"uv": [11.5, 10, 13.25, 10.5], "texture": "#1"},
				"up": {"uv": [0.5, 13.75, 0, 12], "texture": "#1"},
				"down": {"uv": [1, 12, 0.5, 13.75], "texture": "#1"}
			}
		},
		{
			"from": [6.75, -5.25, 14.75],
			"to": [13.75, -3.25, 16.75],
			"rotation": {"angle": -22.5, "axis": "z", "origin": [10.25, -4.25, 15.75]},
			"faces": {
				"north": {"uv": [11.5, 10.5, 13.25, 11], "texture": "#1"},
				"east": {"uv": [4, 12.5, 4.5, 13], "texture": "#1"},
				"south": {"uv": [11.5, 11, 13.25, 11.5], "texture": "#1"},
				"west": {"uv": [4.5, 12.5, 5, 13], "texture": "#1"},
				"up": {"uv": [2.75, 12.5, 1, 12], "texture": "#1"},
				"down": {"uv": [4.5, 12, 2.75, 12.5], "texture": "#1"}
			}
		},
		{
			"from": [0.75, -5.25, 14.75],
			"to": [7.75, -3.25, 16.75],
			"rotation": {"angle": 22.5, "axis": "z", "origin": [4.25, -4.25, 15.75]},
			"faces": {
				"north": {"uv": [13.25, 10.5, 11.5, 11], "texture": "#1"},
				"east": {"uv": [5, 12.5, 4.5, 13], "texture": "#1"},
				"south": {"uv": [13.25, 11, 11.5, 11.5], "texture": "#1"},
				"west": {"uv": [4.5, 12.5, 4, 13], "texture": "#1"},
				"up": {"uv": [1, 12.5, 2.75, 12], "texture": "#1"},
				"down": {"uv": [2.75, 12, 4.5, 12.5], "texture": "#1"}
			}
		},
		{
			"from": [9, -6, 10],
			"to": [10.5, -4.5, 16],
			"rotation": {"angle": -22.5, "axis": "y", "origin": [9.75, -5, 13.5]},
			"faces": {
				"north": {"uv": [3, 12.5, 3.5, 13], "texture": "#1"},
				"east": {"uv": [4.5, 12, 6, 12.5], "texture": "#1"},
				"south": {"uv": [3.5, 12.5, 4, 13], "texture": "#1"},
				"west": {"uv": [11, 12, 12.5, 12.5], "texture": "#1"},
				"up": {"uv": [1.5, 14, 1, 12.5], "texture": "#1"},
				"down": {"uv": [2, 12.5, 1.5, 14], "texture": "#1"}
			}
		},
		{
			"from": [2.5, -6, 12.75],
			"to": [8.5, -4.5, 14.25],
			"rotation": {"angle": -22.5, "axis": "y", "origin": [6, -5, 13.5]},
			"faces": {
				"north": {"uv": [12.5, 12, 11, 12.5], "texture": "#1"},
				"east": {"uv": [4, 12.5, 3.5, 13], "texture": "#1"},
				"south": {"uv": [6, 12, 4.5, 12.5], "texture": "#1"},
				"west": {"uv": [3.5, 12.5, 3, 13], "texture": "#1"},
				"up": {"uv": [1, 14, 1.5, 12.5], "rotation": 270, "texture": "#1"},
				"down": {"uv": [1.5, 12.5, 2, 14], "rotation": 90, "texture": "#1"}
			}
		},
		{
			"from": [-3.01, -6, 6],
			"to": [19.01, 0, 17],
			"rotation": {"angle": 0, "axis": "y", "origin": [29, 0, 19]},
			"faces": {
				"north": {"uv": [8, 2.5, 13.5, 4], "texture": "#1"},
				"east": {"uv": [6, 10, 8.75, 11.5], "texture": "#1"},
				"south": {"uv": [8, 4, 13.5, 5.5], "texture": "#1"},
				"west": {"uv": [8.75, 10, 11.5, 11.5], "texture": "#1"}
			}
		},
		{
			"from": [19, 0, 17.01],
			"to": [-3, -5.98, 6.03],
			"rotation": {"angle": 0, "axis": "y", "origin": [8, -3.01, 11.5]},
			"faces": {
				"north": {"uv": [8, 4, 13.5, 5.5], "rotation": 180, "texture": "#1"},
				"east": {"uv": [6, 10, 8.75, 11.5], "rotation": 180, "texture": "#1"},
				"south": {"uv": [8, 2.5, 13.5, 4], "rotation": 180, "texture": "#1"},
				"west": {"uv": [8.75, 10, 11.5, 11.5], "rotation": 180, "texture": "#1"}
			}
		},
		{
			"from": [2, -6, 14.25],
			"to": [14, 6, 14.25],
			"rotation": {"angle": 22.5, "axis": "y", "origin": [8, 0, 14.25]},
			"faces": {
				"north": {"uv": [0, 0, 16, 16], "texture": "#2"},
				"east": {"uv": [0, 0, 0, 2], "texture": "#2"},
				"south": {"uv": [16, 0, 0, 16], "texture": "#2"},
				"west": {"uv": [0, 0, 0, 2], "texture": "#2"},
				"up": {"uv": [0, 0, 2, 0], "texture": "#2"},
				"down": {"uv": [0, 0, 2, 0], "texture": "#2"}
			}
		},
		{
			"from": [2, -6, 14.25],
			"to": [14, 6, 14.25],
			"rotation": {"angle": -22.5, "axis": "y", "origin": [8, 0, 14.25]},
			"faces": {
				"north": {"uv": [0, 0, 16, 16], "texture": "#2"},
				"east": {"uv": [0, 0, 0, 2], "texture": "#2"},
				"south": {"uv": [16, 0, 0, 16], "texture": "#2"},
				"west": {"uv": [0, 0, 0, 2], "texture": "#2"},
				"up": {"uv": [2, 0, 0, 0], "texture": "#2"},
				"down": {"uv": [2, 0, 0, 0], "texture": "#2"}
			}
		},
		{
			"from": [-6, 5, 8.75],
			"to": [-1, 12, 8.76],
			"rotation": {"angle": -22.5, "axis": "z", "origin": [-3.5, 8.5, 8.755]},
			"faces": {
				"north": {"uv": [3, 4.75, 4.25, 6.5], "texture": "#1"},
				"east": {"uv": [0, 0, 0.0025, 1.75], "texture": "#1"},
				"south": {"uv": [4.25, 4.75, 3, 6.5], "texture": "#1"},
				"west": {"uv": [0, 0, 0.0025, 1.75], "texture": "#1"},
				"up": {"uv": [0, 0, 1.25, 0.0025], "texture": "#1"},
				"down": {"uv": [0, 0, 1.25, 0.0025], "texture": "#1"}
			}
		},
		{
			"from": [1, 5, 8.75],
			"to": [6, 12, 8.76],
			"rotation": {"angle": -22.5, "axis": "z", "origin": [3.5, 8.5, 8.755]},
			"faces": {
				"north": {"uv": [4.25, 4.75, 5.5, 6.5], "texture": "#1"},
				"east": {"uv": [0, 0, 0.0025, 1.75], "texture": "#1"},
				"south": {"uv": [5.5, 4.75, 4.25, 6.5], "texture": "#1"},
				"west": {"uv": [0, 0, 0.0025, 1.75], "texture": "#1"},
				"up": {"uv": [0, 0, 1.25, 0.0025], "texture": "#1"},
				"down": {"uv": [0, 0, 1.25, 0.0025], "texture": "#1"}
			}
		},
		{
			"from": [-8, 9, 8.9375],
			"to": [24, 13.0625, 17],
			"rotation": {"angle": 0, "axis": "y", "origin": [23, 21, 18]},
			"faces": {
				"north": {"uv": [8, 15, 16, 16], "texture": "#1"},
				"east": {"uv": [15.25, 15.5, 15.75, 16], "texture": "#1"},
				"south": {"uv": [15.25, 15.5, 15.75, 16], "texture": "#1"},
				"west": {"uv": [15.25, 15.5, 15.75, 16], "texture": "#1"},
				"up": {"uv": [0, 14, 8, 16], "texture": "#1"},
				"down": {"uv": [15.25, 15.5, 15.75, 16], "texture": "#1"}
			}
		}
	],
	"gui_light": "front",
	"display": {
		"thirdperson_righthand": {
			"rotation": [64, 0, 0],
			"translation": [-0.25, 5, 3.25],
			"scale": [0.3, 0.3, 0.3]
		},
		"thirdperson_lefthand": {
			"rotation": [64, 0, 0],
			"translation": [-0.25, 5, 3.25],
			"scale": [0.3, 0.3, 0.3]
		},
		"firstperson_righthand": {
			"rotation": [0, -180, 0],
			"translation": [16, 0, -21.5],
			"scale": [0.7, 0.7, 0.7]
		},
		"firstperson_lefthand": {
			"rotation": [0, -180, 0],
			"translation": [16, 0, -21.5],
			"scale": [0.7, 0.7, 0.7]
		},
		"ground": {
			"translation": [0, 14.5, -1.75],
			"scale": [0.7, 0.7, 0.7]
		},
		"gui": {
			"rotation": [16, -153, 0],
			"translation": [0.75, 0.75, 0],
			"scale": [0.35, 0.35, 0.35]
		},
		"head": {
			"translation": [0, -10.25, -6],
			"scale": [2, 2, 2]
		},
		"fixed": {
			"rotation": [-90, 0, 0],
			"translation": [0, -16.5, -58.5],
			"scale": [3.5, 3.5, 3.5]
		}
	}
}