{
	"credit": "Made with Blockbench",
	"textures": {
		"2": "custom/363",
		"3": "custom/363-1",
		"particle": "custom/363"
	},
	"elements": [
		{
			"from": [5.5, -12.5, 5.5],
			"to": [10.5, -1.5, 10.5],
			"rotation": {"angle": 0, "axis": "y", "origin": [7.89298, -10.9252, 7.79518]},
			"faces": {
				"north": {"uv": [4, 3.5, 5.25, 6.25], "texture": "#2"},
				"east": {"uv": [5, 0, 6.25, 2.75], "texture": "#2"},
				"south": {"uv": [0, 5.25, 1.25, 8], "texture": "#2"},
				"west": {"uv": [1.25, 5.25, 2.5, 8], "texture": "#2"},
				"up": {"uv": [9.25, 2.5, 8, 1.25], "texture": "#2"},
				"down": {"uv": [9.25, 2.5, 8, 3.75], "texture": "#2"}
			}
		},
		{
			"from": [2.5, -1.4966, 1.04591],
			"to": [13.5, 3.5034, 8.04591],
			"rotation": {"angle": -22.5, "axis": "x", "origin": [7.89298, -10.9252, 7.79518]},
			"faces": {
				"north": {"uv": [5.25, 2.75, 8, 4], "texture": "#2"},
				"east": {"uv": [4.25, 6.5, 6, 7.75], "texture": "#2"},
				"south": {"uv": [5.25, 4, 8, 5.25], "texture": "#2"},
				"west": {"uv": [6, 6.5, 7.75, 7.75], "texture": "#2"},
				"up": {"uv": [2.75, 1.75, 0, 0], "texture": "#2"},
				"down": {"uv": [2.75, 1.75, 0, 3.5], "texture": "#2"}
			}
		},
		{
			"from": [3.5, 4.04668, 4.34201],
			"to": [12.5, 9.04668, 11.34201],
			"rotation": {"angle": -22.5, "axis": "x", "origin": [7.89298, -10.9252, 7.79518]},
			"faces": {
				"north": {"uv": [5.25, 5.25, 7.5, 6.5], "texture": "#2"},
				"east": {"uv": [7.5, 5.25, 9.25, 6.5], "texture": "#2"},
				"south": {"uv": [6.25, 0, 8.5, 1.25], "texture": "#2"},
				"west": {"uv": [2.5, 7.75, 4.25, 9], "texture": "#2"},
				"up": {"uv": [5, 1.75, 2.75, 0], "texture": "#2"},
				"down": {"uv": [5, 1.75, 2.75, 3.5], "texture": "#2"}
			}
		},
		{
			"from": [4, 6.71675, 16.50464],
			"to": [12, 10.71675, 23.50464],
			"rotation": {"angle": -45, "axis": "x", "origin": [7.89298, -10.9252, 7.79518]},
			"faces": {
				"north": {"uv": [4.25, 7.75, 6.25, 8.75], "texture": "#2"},
				"east": {"uv": [7.75, 6.5, 9.5, 7.5], "texture": "#2"},
				"south": {"uv": [6.25, 7.75, 8.25, 8.75], "texture": "#2"},
				"west": {"uv": [0, 8, 1.75, 9], "texture": "#2"},
				"up": {"uv": [2, 5.25, 0, 3.5], "texture": "#2"},
				"down": {"uv": [4, 3.5, 2, 5.25], "texture": "#2"}
			}
		},
		{
			"from": [4.5, 10.54518, 21.74728],
			"to": [11.5, 13.54518, 27.74728],
			"rotation": {"angle": -45, "axis": "x", "origin": [7.89298, -10.9252, 7.79518]},
			"faces": {
				"north": {"uv": [8.5, 0, 10.25, 0.75], "texture": "#2"},
				"east": {"uv": [2.5, 5.25, 4, 6], "texture": "#2"},
				"south": {"uv": [4.25, 8.75, 6, 9.5], "texture": "#2"},
				"west": {"uv": [6, 8.75, 7.5, 9.5], "texture": "#2"},
				"up": {"uv": [8, 2.75, 6.25, 1.25], "texture": "#2"},
				"down": {"uv": [4.25, 6.25, 2.5, 7.75], "texture": "#2"}
			}
		},
		{
			"from": [5.5, 16.43409, -8.56446],
			"to": [10.5, 21.43409, -5.56446],
			"rotation": {"angle": 22.5, "axis": "x", "origin": [7.89298, -10.9252, 7.79518]},
			"faces": {
				"north": {"uv": [8, 3.75, 9.25, 5], "texture": "#2"},
				"east": {"uv": [1.75, 8, 2.5, 9.25], "texture": "#2"},
				"south": {"uv": [8.25, 7.5, 9.5, 8.75], "texture": "#2"},
				"west": {"uv": [7.5, 8.75, 8.25, 10], "texture": "#2"},
				"up": {"uv": [9.5, 9.5, 8.25, 8.75], "texture": "#2"},
				"down": {"uv": [1.25, 9, 0, 9.75], "texture": "#2"}
			}
		},
		{
			"from": [2.5, -1.33984, 7.92291],
			"to": [13.5, 3.66016, 14.92291],
			"rotation": {"angle": 22.5, "axis": "x", "origin": [7.89298, -10.9252, 7.79518]},
			"faces": {
				"north": {"uv": [8, 4, 5.25, 5.25], "texture": "#2"},
				"east": {"uv": [6, 6.5, 4.25, 7.75], "texture": "#2"},
				"south": {"uv": [8, 2.75, 5.25, 4], "texture": "#2"},
				"west": {"uv": [7.75, 6.5, 6, 7.75], "texture": "#2"},
				"up": {"uv": [2.75, 0, 0, 1.75], "texture": "#2"},
				"down": {"uv": [2.75, 3.5, 0, 1.75], "texture": "#2"}
			}
		},
		{
			"from": [3.5, 4.20344, 4.62681],
			"to": [12.5, 9.20344, 11.62681],
			"rotation": {"angle": 22.5, "axis": "x", "origin": [7.89298, -10.9252, 7.79518]},
			"faces": {
				"north": {"uv": [8.5, 0, 6.25, 1.25], "texture": "#2"},
				"east": {"uv": [9.25, 5.25, 7.5, 6.5], "texture": "#2"},
				"south": {"uv": [7.5, 5.25, 5.25, 6.5], "texture": "#2"},
				"west": {"uv": [4.25, 7.75, 2.5, 9], "texture": "#2"},
				"up": {"uv": [5, 0, 2.75, 1.75], "texture": "#2"},
				"down": {"uv": [5, 3.5, 2.75, 1.75], "texture": "#2"}
			}
		},
		{
			"from": [4, 7.0064, -7.62462],
			"to": [12, 11.0064, -0.62462],
			"rotation": {"angle": 45, "axis": "x", "origin": [7.89298, -10.9252, 7.79518]},
			"faces": {
				"north": {"uv": [8.25, 7.75, 6.25, 8.75], "texture": "#2"},
				"east": {"uv": [9.5, 6.5, 7.75, 7.5], "texture": "#2"},
				"south": {"uv": [6.25, 7.75, 4.25, 8.75], "texture": "#2"},
				"west": {"uv": [1.75, 8, 0, 9], "texture": "#2"},
				"up": {"uv": [2, 3.5, 0, 5.25], "texture": "#2"},
				"down": {"uv": [4, 5.25, 2, 3.5], "texture": "#2"}
			}
		},
		{
			"from": [4.5, 10.83483, -11.86726],
			"to": [11.5, 13.83483, -5.86726],
			"rotation": {"angle": 45, "axis": "x", "origin": [7.89298, -10.9252, 7.79518]},
			"faces": {
				"north": {"uv": [6, 8.75, 4.25, 9.5], "texture": "#2"},
				"east": {"uv": [4, 5.25, 2.5, 6], "texture": "#2"},
				"south": {"uv": [10.25, 0, 8.5, 0.75], "texture": "#2"},
				"west": {"uv": [7.5, 8.75, 6, 9.5], "texture": "#2"},
				"up": {"uv": [8, 1.25, 6.25, 2.75], "texture": "#2"},
				"down": {"uv": [4.25, 7.75, 2.5, 6.25], "texture": "#2"}
			}
		},
		{
			"from": [5.5, 16.27733, 21.53328],
			"to": [10.5, 21.27733, 24.53328],
			"rotation": {"angle": -22.5, "axis": "x", "origin": [7.89298, -10.9252, 7.79518]},
			"faces": {
				"north": {"uv": [9.5, 7.5, 8.25, 8.75], "texture": "#2"},
				"east": {"uv": [2.5, 8, 1.75, 9.25], "texture": "#2"},
				"south": {"uv": [9.25, 3.75, 8, 5], "texture": "#2"},
				"west": {"uv": [8.25, 8.75, 7.5, 10], "texture": "#2"},
				"up": {"uv": [9.5, 8.75, 8.25, 9.5], "texture": "#2"},
				"down": {"uv": [1.25, 9.75, 0, 9], "texture": "#2"}
			}
		},
		{
			"from": [7.93035, -1.37726, 2.5],
			"to": [14.93035, 3.62274, 13.5],
			"rotation": {"angle": -22.5, "axis": "z", "origin": [7.89298, -10.9252, 7.79518]},
			"faces": {
				"north": {"uv": [6, 6.5, 4.25, 7.75], "texture": "#2"},
				"east": {"uv": [8, 2.75, 5.25, 4], "texture": "#2"},
				"south": {"uv": [7.75, 6.5, 6, 7.75], "texture": "#2"},
				"west": {"uv": [8, 4, 5.25, 5.25], "texture": "#2"},
				"up": {"uv": [2.75, 0, 0, 1.75], "rotation": 270, "texture": "#2"},
				"down": {"uv": [2.75, 3.5, 0, 1.75], "rotation": 90, "texture": "#2"}
			}
		},
		{
			"from": [4.63425, 4.16601, 3.5],
			"to": [11.63425, 9.16601, 12.5],
			"rotation": {"angle": -22.5, "axis": "z", "origin": [7.89298, -10.9252, 7.79518]},
			"faces": {
				"north": {"uv": [9.25, 5.25, 7.5, 6.5], "texture": "#2"},
				"east": {"uv": [7.5, 5.25, 5.25, 6.5], "texture": "#2"},
				"south": {"uv": [4.25, 7.75, 2.5, 9], "texture": "#2"},
				"west": {"uv": [8.5, 0, 6.25, 1.25], "texture": "#2"},
				"up": {"uv": [5, 0, 2.75, 1.75], "rotation": 270, "texture": "#2"},
				"down": {"uv": [5, 3.5, 2.75, 1.75], "rotation": 90, "texture": "#2"}
			}
		},
		{
			"from": [-7.59598, 6.93725, 4],
			"to": [-0.59598, 10.93725, 12],
			"rotation": {"angle": -45, "axis": "z", "origin": [7.89298, -10.9252, 7.79518]},
			"faces": {
				"north": {"uv": [9.5, 6.5, 7.75, 7.5], "texture": "#2"},
				"east": {"uv": [6.25, 7.75, 4.25, 8.75], "texture": "#2"},
				"south": {"uv": [1.75, 8, 0, 9], "texture": "#2"},
				"west": {"uv": [8.25, 7.75, 6.25, 8.75], "texture": "#2"},
				"up": {"uv": [2, 3.5, 0, 5.25], "rotation": 270, "texture": "#2"},
				"down": {"uv": [4, 5.25, 2, 3.5], "rotation": 90, "texture": "#2"}
			}
		},
		{
			"from": [-11.83862, 10.76568, 4.5],
			"to": [-5.83862, 13.76568, 11.5],
			"rotation": {"angle": -45, "axis": "z", "origin": [7.89298, -10.9252, 7.79518]},
			"faces": {
				"north": {"uv": [4, 5.25, 2.5, 6], "texture": "#2"},
				"east": {"uv": [10.25, 0, 8.5, 0.75], "texture": "#2"},
				"south": {"uv": [7.5, 8.75, 6, 9.5], "texture": "#2"},
				"west": {"uv": [6, 8.75, 4.25, 9.5], "texture": "#2"},
				"up": {"uv": [8, 1.25, 6.25, 2.75], "rotation": 270, "texture": "#2"},
				"down": {"uv": [4.25, 7.75, 2.5, 6.25], "rotation": 90, "texture": "#2"}
			}
		},
		{
			"from": [21.54073, 16.31476, 5.5],
			"to": [24.54073, 21.31476, 10.5],
			"rotation": {"angle": 22.5, "axis": "z", "origin": [7.89298, -10.9252, 7.79518]},
			"faces": {
				"north": {"uv": [2.5, 8, 1.75, 9.25], "texture": "#2"},
				"east": {"uv": [9.25, 3.75, 8, 5], "texture": "#2"},
				"south": {"uv": [8.25, 8.75, 7.5, 10], "texture": "#2"},
				"west": {"uv": [9.5, 7.5, 8.25, 8.75], "texture": "#2"},
				"up": {"uv": [9.5, 8.75, 8.25, 9.5], "rotation": 270, "texture": "#2"},
				"down": {"uv": [1.25, 9.75, 0, 9], "rotation": 90, "texture": "#2"}
			}
		},
		{
			"from": [1.05335, -1.45917, 2.5],
			"to": [8.05335, 3.54083, 13.5],
			"rotation": {"angle": 22.5, "axis": "z", "origin": [7.89298, -10.9252, 7.79518]},
			"faces": {
				"north": {"uv": [7.75, 6.5, 6, 7.75], "texture": "#2"},
				"east": {"uv": [8, 4, 5.25, 5.25], "texture": "#2"},
				"south": {"uv": [6, 6.5, 4.25, 7.75], "texture": "#2"},
				"west": {"uv": [8, 2.75, 5.25, 4], "texture": "#2"},
				"up": {"uv": [2.75, 0, 0, 1.75], "rotation": 90, "texture": "#2"},
				"down": {"uv": [2.75, 3.5, 0, 1.75], "rotation": 270, "texture": "#2"}
			}
		},
		{
			"from": [-1.94665, 2.54083, 2.5],
			"to": [1.05335, 2.54083, 13.5],
			"rotation": {"angle": 22.5, "axis": "z", "origin": [7.89298, -10.9252, 7.79518]},
			"faces": {
				"north": {"uv": [7.75, 6.5, 6, 7.75], "texture": "#2"},
				"east": {"uv": [8, 4, 5.25, 5.25], "texture": "#2"},
				"south": {"uv": [6, 6.5, 4.25, 7.75], "texture": "#2"},
				"west": {"uv": [8, 2.75, 5.25, 4], "texture": "#2"},
				"up": {"uv": [4, 9, 1.25, 9.75], "rotation": 90, "texture": "#2"},
				"down": {"uv": [1.25, 9, 4, 9.75], "rotation": 90, "texture": "#2"}
			}
		},
		{
			"from": [2.5, 2.66016, 14.92291],
			"to": [13.5, 2.66016, 17.92291],
			"rotation": {"angle": 22.5, "axis": "x", "origin": [7.89298, -10.9252, 7.79518]},
			"faces": {
				"north": {"uv": [8, 4, 5.25, 5.25], "texture": "#2"},
				"east": {"uv": [6, 6.5, 4.25, 7.75], "texture": "#2"},
				"south": {"uv": [8, 2.75, 5.25, 4], "texture": "#2"},
				"west": {"uv": [7.75, 6.5, 6, 7.75], "texture": "#2"},
				"up": {"uv": [4, 9, 1.25, 9.75], "texture": "#2"},
				"down": {"uv": [1.25, 9, 4, 9.75], "rotation": 180, "texture": "#2"}
			}
		},
		{
			"from": [14.93035, 2.62274, 2.5],
			"to": [17.93035, 2.62274, 13.5],
			"rotation": {"angle": -22.5, "axis": "z", "origin": [7.89298, -10.9252, 7.79518]},
			"faces": {
				"north": {"uv": [6, 6.5, 7.75, 7.75], "texture": "#2"},
				"east": {"uv": [5.25, 2.75, 8, 4], "texture": "#2"},
				"south": {"uv": [4.25, 6.5, 6, 7.75], "texture": "#2"},
				"west": {"uv": [5.25, 4, 8, 5.25], "texture": "#2"},
				"up": {"uv": [4, 9.75, 1.25, 9], "rotation": 90, "texture": "#2"},
				"down": {"uv": [1.25, 9.75, 4, 9], "rotation": 90, "texture": "#2"}
			}
		},
		{
			"from": [2.5, 2.5034, -1.95409],
			"to": [13.5, 2.5034, 1.04591],
			"rotation": {"angle": -22.5, "axis": "x", "origin": [7.89298, -10.9252, 7.79518]},
			"faces": {
				"north": {"uv": [5.25, 2.75, 8, 4], "texture": "#2"},
				"east": {"uv": [4.25, 6.5, 6, 7.75], "texture": "#2"},
				"south": {"uv": [5.25, 4, 8, 5.25], "texture": "#2"},
				"west": {"uv": [6, 6.5, 7.75, 7.75], "texture": "#2"},
				"up": {"uv": [4, 9.75, 1.25, 9], "texture": "#2"},
				"down": {"uv": [1.25, 9.75, 4, 9], "rotation": 180, "texture": "#2"}
			}
		},
		{
			"from": [-2.94665, 0.54083, 2.5],
			"to": [1.05335, 0.54083, 13.5],
			"rotation": {"angle": 22.5, "axis": "z", "origin": [7.89298, -10.9252, 7.79518]},
			"faces": {
				"north": {"uv": [7.75, 6.5, 6, 7.75], "texture": "#2"},
				"east": {"uv": [8, 4, 5.25, 5.25], "texture": "#2"},
				"south": {"uv": [6, 6.5, 4.25, 7.75], "texture": "#2"},
				"west": {"uv": [8, 2.75, 5.25, 4], "texture": "#2"},
				"up": {"uv": [4, 9.25, 1.25, 10.25], "rotation": 90, "texture": "#2"},
				"down": {"uv": [1.25, 9.25, 4, 10.25], "rotation": 90, "texture": "#2"}
			}
		},
		{
			"from": [2.5, 0.66016, 14.92291],
			"to": [13.5, 0.66016, 18.92291],
			"rotation": {"angle": 22.5, "axis": "x", "origin": [7.89298, -10.9252, 7.79518]},
			"faces": {
				"north": {"uv": [8, 4, 5.25, 5.25], "texture": "#2"},
				"east": {"uv": [6, 6.5, 4.25, 7.75], "texture": "#2"},
				"south": {"uv": [8, 2.75, 5.25, 4], "texture": "#2"},
				"west": {"uv": [7.75, 6.5, 6, 7.75], "texture": "#2"},
				"up": {"uv": [4, 9.25, 1.25, 10.25], "texture": "#2"},
				"down": {"uv": [1.25, 9.25, 4, 10.25], "rotation": 180, "texture": "#2"}
			}
		},
		{
			"from": [14.93035, 0.62274, 2.5],
			"to": [18.93035, 0.62274, 13.5],
			"rotation": {"angle": -22.5, "axis": "z", "origin": [7.89298, -10.9252, 7.79518]},
			"faces": {
				"north": {"uv": [6, 6.5, 7.75, 7.75], "texture": "#2"},
				"east": {"uv": [5.25, 2.75, 8, 4], "texture": "#2"},
				"south": {"uv": [4.25, 6.5, 6, 7.75], "texture": "#2"},
				"west": {"uv": [5.25, 4, 8, 5.25], "texture": "#2"},
				"up": {"uv": [4, 10.25, 1.25, 9.25], "rotation": 90, "texture": "#2"},
				"down": {"uv": [1.25, 10.25, 4, 9.25], "rotation": 90, "texture": "#2"}
			}
		},
		{
			"from": [19.85965, -0.85115, 2.36434],
			"to": [23.85965, -0.85115, 13.36434],
			"rotation": {"angle": -45, "axis": "y", "origin": [7.89298, -10.9252, 7.79518]},
			"faces": {
				"north": {"uv": [6, 6.5, 7.75, 7.75], "texture": "#2"},
				"east": {"uv": [5.25, 2.75, 8, 4], "texture": "#2"},
				"south": {"uv": [4.25, 6.5, 6, 7.75], "texture": "#2"},
				"west": {"uv": [5.25, 4, 8, 5.25], "texture": "#2"},
				"up": {"uv": [4, 10.25, 1.25, 9.25], "rotation": 90, "texture": "#2"},
				"down": {"uv": [1.25, 10.25, 4, 9.25], "rotation": 90, "texture": "#2"}
			}
		},
		{
			"from": [19.57, -0.85115, 2.51568],
			"to": [23.57, -0.85115, 13.51568],
			"rotation": {"angle": 45, "axis": "y", "origin": [7.89298, -10.9252, 7.79518]},
			"faces": {
				"north": {"uv": [6, 6.5, 4.25, 7.75], "texture": "#2"},
				"east": {"uv": [8, 2.75, 5.25, 4], "texture": "#2"},
				"south": {"uv": [7.75, 6.5, 6, 7.75], "texture": "#2"},
				"west": {"uv": [8, 4, 5.25, 5.25], "texture": "#2"},
				"up": {"uv": [1.25, 10.25, 4, 9.25], "rotation": 90, "texture": "#2"},
				"down": {"uv": [4, 10.25, 1.25, 9.25], "rotation": 90, "texture": "#2"}
			}
		},
		{
			"from": [-7.92234, -0.85115, 2.51568],
			"to": [-3.92234, -0.85115, 13.51568],
			"rotation": {"angle": 45, "axis": "y", "origin": [7.89298, -10.9252, 7.79518]},
			"faces": {
				"north": {"uv": [7.75, 6.5, 6, 7.75], "texture": "#2"},
				"east": {"uv": [8, 4, 5.25, 5.25], "texture": "#2"},
				"south": {"uv": [6, 6.5, 4.25, 7.75], "texture": "#2"},
				"west": {"uv": [8, 2.75, 5.25, 4], "texture": "#2"},
				"up": {"uv": [4, 9.25, 1.25, 10.25], "rotation": 90, "texture": "#2"},
				"down": {"uv": [1.25, 9.25, 4, 10.25], "rotation": 90, "texture": "#2"}
			}
		},
		{
			"from": [-7.63269, -0.85115, 2.36434],
			"to": [-3.63269, -0.85115, 13.36434],
			"rotation": {"angle": -45, "axis": "y", "origin": [7.89298, -10.9252, 7.79518]},
			"faces": {
				"north": {"uv": [4.25, 6.5, 6, 7.75], "texture": "#2"},
				"east": {"uv": [5.25, 4, 8, 5.25], "texture": "#2"},
				"south": {"uv": [6, 6.5, 7.75, 7.75], "texture": "#2"},
				"west": {"uv": [5.25, 2.75, 8, 4], "texture": "#2"},
				"up": {"uv": [1.25, 9.25, 4, 10.25], "rotation": 90, "texture": "#2"},
				"down": {"uv": [4, 9.25, 1.25, 10.25], "rotation": 90, "texture": "#2"}
			}
		},
		{
			"from": [2.5, 0.5034, -2.95409],
			"to": [13.5, 0.5034, 1.04591],
			"rotation": {"angle": -22.5, "axis": "x", "origin": [7.89298, -10.9252, 7.79518]},
			"faces": {
				"north": {"uv": [5.25, 2.75, 8, 4], "texture": "#2"},
				"east": {"uv": [4.25, 6.5, 6, 7.75], "texture": "#2"},
				"south": {"uv": [5.25, 4, 8, 5.25], "texture": "#2"},
				"west": {"uv": [6, 6.5, 7.75, 7.75], "texture": "#2"},
				"up": {"uv": [4, 10.25, 1.25, 9.25], "texture": "#2"},
				"down": {"uv": [1.25, 10.25, 4, 9.25], "rotation": 180, "texture": "#2"}
			}
		},
		{
			"from": [1.34946, 7.08311, 3.5],
			"to": [4.34946, 7.08311, 12.5],
			"rotation": {"angle": 22.5, "axis": "z", "origin": [7.89298, -10.9252, 7.79518]},
			"faces": {
				"north": {"uv": [7.75, 6.5, 6, 7.75], "texture": "#2"},
				"east": {"uv": [8, 4, 5.25, 5.25], "texture": "#2"},
				"south": {"uv": [6, 6.5, 4.25, 7.75], "texture": "#2"},
				"west": {"uv": [8, 2.75, 5.25, 4], "texture": "#2"},
				"up": {"uv": [3.75, 9.25, 1.5, 10], "rotation": 90, "texture": "#2"},
				"down": {"uv": [1.5, 9.25, 3.75, 10], "rotation": 90, "texture": "#2"}
			}
		},
		{
			"from": [3.5, 7.20244, 11.62681],
			"to": [12.5, 7.20244, 14.62681],
			"rotation": {"angle": 22.5, "axis": "x", "origin": [7.89298, -10.9252, 7.79518]},
			"faces": {
				"north": {"uv": [8, 4, 5.25, 5.25], "texture": "#2"},
				"east": {"uv": [6, 6.5, 4.25, 7.75], "texture": "#2"},
				"south": {"uv": [8, 2.75, 5.25, 4], "texture": "#2"},
				"west": {"uv": [7.75, 6.5, 6, 7.75], "texture": "#2"},
				"up": {"uv": [3.75, 9.25, 1.5, 10], "texture": "#2"},
				"down": {"uv": [1.5, 9.25, 3.75, 10], "rotation": 180, "texture": "#2"}
			}
		},
		{
			"from": [11.63425, 7.16501, 3.5],
			"to": [14.63425, 7.16501, 12.5],
			"rotation": {"angle": -22.5, "axis": "z", "origin": [7.89298, -10.9252, 7.79518]},
			"faces": {
				"north": {"uv": [6, 6.5, 7.75, 7.75], "texture": "#2"},
				"east": {"uv": [5.25, 2.75, 8, 4], "texture": "#2"},
				"south": {"uv": [4.25, 6.5, 6, 7.75], "texture": "#2"},
				"west": {"uv": [5.25, 4, 8, 5.25], "texture": "#2"},
				"up": {"uv": [3.75, 10, 1.5, 9.25], "rotation": 90, "texture": "#2"},
				"down": {"uv": [1.5, 10, 3.75, 9.25], "rotation": 90, "texture": "#2"}
			}
		},
		{
			"from": [3.5, 7.04568, 1.34201],
			"to": [12.5, 7.04568, 4.34201],
			"rotation": {"angle": -22.5, "axis": "x", "origin": [7.89298, -10.9252, 7.79518]},
			"faces": {
				"north": {"uv": [5.25, 2.75, 8, 4], "texture": "#2"},
				"east": {"uv": [4.25, 6.5, 6, 7.75], "texture": "#2"},
				"south": {"uv": [5.25, 4, 8, 5.25], "texture": "#2"},
				"west": {"uv": [6, 6.5, 7.75, 7.75], "texture": "#2"},
				"up": {"uv": [3.75, 10, 1.5, 9.25], "texture": "#2"},
				"down": {"uv": [1.5, 10, 3.75, 9.25], "rotation": 180, "texture": "#2"}
			}
		},
		{
			"from": [4.34946, 4.08411, 3.5],
			"to": [11.34946, 9.08411, 12.5],
			"rotation": {"angle": 22.5, "axis": "z", "origin": [7.89298, -10.9252, 7.79518]},
			"faces": {
				"north": {"uv": [4.25, 7.75, 2.5, 9], "texture": "#2"},
				"east": {"uv": [8.5, 0, 6.25, 1.25], "texture": "#2"},
				"south": {"uv": [9.25, 5.25, 7.5, 6.5], "texture": "#2"},
				"west": {"uv": [7.5, 5.25, 5.25, 6.5], "texture": "#2"},
				"up": {"uv": [5, 0, 2.75, 1.75], "rotation": 90, "texture": "#2"},
				"down": {"uv": [5, 3.5, 2.75, 1.75], "rotation": 270, "texture": "#2"}
			}
		},
		{
			"from": [16.53329, 6.7859, 4],
			"to": [23.53329, 10.7859, 12],
			"rotation": {"angle": 45, "axis": "z", "origin": [7.89298, -10.9252, 7.79518]},
			"faces": {
				"north": {"uv": [1.75, 8, 0, 9], "texture": "#2"},
				"east": {"uv": [8.25, 7.75, 6.25, 8.75], "texture": "#2"},
				"south": {"uv": [9.5, 6.5, 7.75, 7.5], "texture": "#2"},
				"west": {"uv": [6.25, 7.75, 4.25, 8.75], "texture": "#2"},
				"up": {"uv": [2, 3.5, 0, 5.25], "rotation": 90, "texture": "#2"},
				"down": {"uv": [4, 5.25, 2, 3.5], "rotation": 270, "texture": "#2"}
			}
		},
		{
			"from": [21.77593, 10.61433, 4.5],
			"to": [27.77593, 13.61433, 11.5],
			"rotation": {"angle": 45, "axis": "z", "origin": [7.89298, -10.9252, 7.79518]},
			"faces": {
				"north": {"uv": [7.5, 8.75, 6, 9.5], "texture": "#2"},
				"east": {"uv": [6, 8.75, 4.25, 9.5], "texture": "#2"},
				"south": {"uv": [4, 5.25, 2.5, 6], "texture": "#2"},
				"west": {"uv": [10.25, 0, 8.5, 0.75], "texture": "#2"},
				"up": {"uv": [8, 1.25, 6.25, 2.75], "rotation": 90, "texture": "#2"},
				"down": {"uv": [4.25, 7.75, 2.5, 6.25], "rotation": 270, "texture": "#2"}
			}
		},
		{
			"from": [4.5, -4.01441, 1.56777],
			"to": [11.5, -1.01441, 7.56777],
			"rotation": {"angle": 45, "axis": "x", "origin": [7.89298, -10.9252, 7.79518]},
			"faces": {
				"north": {"uv": [6, 8.75, 4.25, 9.5], "texture": "#2"},
				"east": {"uv": [4, 5.25, 2.5, 6], "texture": "#2"},
				"south": {"uv": [10.25, 0, 8.5, 0.75], "texture": "#2"},
				"west": {"uv": [7.5, 8.75, 6, 9.5], "texture": "#2"},
				"up": {"uv": [8, 1.25, 6.25, 2.75], "texture": "#2"},
				"down": {"uv": [4.25, 7.75, 2.5, 6.25], "texture": "#2"}
			}
		},
		{
			"from": [1.59641, -4.08357, 4.5],
			"to": [7.59641, -1.08357, 11.5],
			"rotation": {"angle": -45, "axis": "z", "origin": [7.89298, -10.9252, 7.79518]},
			"faces": {
				"north": {"uv": [4, 5.25, 2.5, 6], "texture": "#2"},
				"east": {"uv": [10.25, 0, 8.5, 0.75], "texture": "#2"},
				"south": {"uv": [7.5, 8.75, 6, 9.5], "texture": "#2"},
				"west": {"uv": [6, 8.75, 4.25, 9.5], "texture": "#2"},
				"up": {"uv": [8, 1.25, 6.25, 2.75], "rotation": 270, "texture": "#2"},
				"down": {"uv": [4.25, 7.75, 2.5, 6.25], "rotation": 90, "texture": "#2"}
			}
		},
		{
			"from": [4.5, -4.30407, 8.31225],
			"to": [11.5, -1.30407, 14.31225],
			"rotation": {"angle": -45, "axis": "x", "origin": [7.89298, -10.9252, 7.79518]},
			"faces": {
				"north": {"uv": [8.5, 0, 10.25, 0.75], "texture": "#2"},
				"east": {"uv": [2.5, 5.25, 4, 6], "texture": "#2"},
				"south": {"uv": [4.25, 8.75, 6, 9.5], "texture": "#2"},
				"west": {"uv": [6, 8.75, 7.5, 9.5], "texture": "#2"},
				"up": {"uv": [8, 2.75, 6.25, 1.25], "texture": "#2"},
				"down": {"uv": [4.25, 6.25, 2.5, 7.75], "texture": "#2"}
			}
		},
		{
			"from": [8.3409, -4.23491, 4.5],
			"to": [14.3409, -1.23491, 11.5],
			"rotation": {"angle": 45, "axis": "z", "origin": [7.89298, -10.9252, 7.79518]},
			"faces": {
				"north": {"uv": [7.5, 8.75, 6, 9.5], "texture": "#2"},
				"east": {"uv": [6, 8.75, 4.25, 9.5], "texture": "#2"},
				"south": {"uv": [4, 5.25, 2.5, 6], "texture": "#2"},
				"west": {"uv": [10.25, 0, 8.5, 0.75], "texture": "#2"},
				"up": {"uv": [8, 1.25, 6.25, 2.75], "rotation": 90, "texture": "#2"},
				"down": {"uv": [4.25, 7.75, 2.5, 6.25], "rotation": 270, "texture": "#2"}
			}
		},
		{
			"from": [-8.55702, 16.39667, 5.5],
			"to": [-5.55702, 21.39667, 10.5],
			"rotation": {"angle": -22.5, "axis": "z", "origin": [7.89298, -10.9252, 7.79518]},
			"faces": {
				"north": {"uv": [8.25, 8.75, 7.5, 10], "texture": "#2"},
				"east": {"uv": [9.5, 7.5, 8.25, 8.75], "texture": "#2"},
				"south": {"uv": [2.5, 8, 1.75, 9.25], "texture": "#2"},
				"west": {"uv": [9.25, 3.75, 8, 5], "texture": "#2"},
				"up": {"uv": [9.5, 8.75, 8.25, 9.5], "rotation": 90, "texture": "#2"},
				"down": {"uv": [1.25, 9.75, 0, 9], "rotation": 270, "texture": "#2"}
			}
		},
		{
			"from": [6.32383, 14.9, 12.12229],
			"to": [9.32383, 16.9, 15.12229],
			"rotation": {"angle": 45, "axis": "y", "origin": [7.89298, -10.9252, 7.79518]},
			"faces": {
				"north": {"uv": [10, 4.25, 10.75, 4.75], "texture": "#2"},
				"east": {"uv": [10, 3.75, 10.75, 4.25], "texture": "#2"},
				"south": {"uv": [9.25, 5.25, 10, 5.75], "texture": "#2"},
				"west": {"uv": [10, 4.75, 10.75, 5.25], "texture": "#2"},
				"up": {"uv": [10, 5.25, 9.25, 4.5], "texture": "#2"},
				"down": {"uv": [10, 4.5, 9.25, 3.75], "texture": "#2"}
			}
		},
		{
			"from": [6.32383, 7.9, 13.12229],
			"to": [9.32383, 9.9, 16.12229],
			"rotation": {"angle": 45, "axis": "y", "origin": [7.89298, -10.9252, 7.79518]},
			"faces": {
				"north": {"uv": [10, 4.25, 10.75, 4.75], "texture": "#2"},
				"east": {"uv": [10, 3.75, 10.75, 4.25], "texture": "#2"},
				"south": {"uv": [9.25, 5.25, 10, 5.75], "texture": "#2"},
				"west": {"uv": [10, 4.75, 10.75, 5.25], "texture": "#2"},
				"up": {"uv": [10, 5.25, 9.25, 4.5], "texture": "#2"},
				"down": {"uv": [10, 4.5, 9.25, 3.75], "texture": "#2"}
			}
		},
		{
			"from": [4.82383, 2, 13.74361],
			"to": [10.82383, 5, 17.74361],
			"rotation": {"angle": 45, "axis": "y", "origin": [7.89298, -10.9252, 7.79518]},
			"faces": {
				"north": {"uv": [0, 0, 1, 0.5], "texture": "#2"},
				"east": {"uv": [9.25, 2.75, 10.25, 3.5], "texture": "#2"},
				"south": {"uv": [10.25, 0, 11.75, 0.75], "texture": "#2"},
				"west": {"uv": [10.25, 2.75, 9.25, 3.5], "texture": "#2"},
				"up": {"uv": [10.75, 2.75, 9.25, 1.75], "texture": "#2"},
				"down": {"uv": [10.75, 1.75, 9.25, 0.75], "texture": "#2"}
			}
		},
		{
			"from": [4.82383, -3, 15.74361],
			"to": [10.82383, 0, 19.74361],
			"rotation": {"angle": 45, "axis": "y", "origin": [7.89298, -10.9252, 7.79518]},
			"faces": {
				"north": {"uv": [0, 0, 1, 0.5], "texture": "#2"},
				"east": {"uv": [9.25, 2.75, 10.25, 3.5], "texture": "#2"},
				"south": {"uv": [10.25, 0, 11.75, 0.75], "texture": "#2"},
				"west": {"uv": [10.25, 2.75, 9.25, 3.5], "texture": "#2"},
				"up": {"uv": [10.75, 2.75, 9.25, 1.75], "texture": "#2"},
				"down": {"uv": [10.75, 1.75, 9.25, 0.75], "texture": "#2"}
			}
		},
		{
			"from": [6.61348, 14.9, 0.75774],
			"to": [9.61348, 16.9, 3.75774],
			"rotation": {"angle": -45, "axis": "y", "origin": [7.89298, -10.9252, 7.79518]},
			"faces": {
				"north": {"uv": [10, 5.25, 9.25, 5.75], "texture": "#2"},
				"east": {"uv": [10.75, 3.75, 10, 4.25], "texture": "#2"},
				"south": {"uv": [10.75, 4.25, 10, 4.75], "texture": "#2"},
				"west": {"uv": [10.75, 4.75, 10, 5.25], "texture": "#2"},
				"up": {"uv": [10, 4.5, 9.25, 5.25], "texture": "#2"},
				"down": {"uv": [10, 3.75, 9.25, 4.5], "texture": "#2"}
			}
		},
		{
			"from": [6.61348, 7.9, -0.24226],
			"to": [9.61348, 9.9, 2.75774],
			"rotation": {"angle": -45, "axis": "y", "origin": [7.89298, -10.9252, 7.79518]},
			"faces": {
				"north": {"uv": [10, 5.25, 9.25, 5.75], "texture": "#2"},
				"east": {"uv": [10.75, 3.75, 10, 4.25], "texture": "#2"},
				"south": {"uv": [10.75, 4.25, 10, 4.75], "texture": "#2"},
				"west": {"uv": [10.75, 4.75, 10, 5.25], "texture": "#2"},
				"up": {"uv": [10, 4.5, 9.25, 5.25], "texture": "#2"},
				"down": {"uv": [10, 3.75, 9.25, 4.5], "texture": "#2"}
			}
		},
		{
			"from": [5.11348, 2, -1.86358],
			"to": [11.11348, 5, 2.13642],
			"rotation": {"angle": -45, "axis": "y", "origin": [7.89298, -10.9252, 7.79518]},
			"faces": {
				"north": {"uv": [11.75, 0, 10.25, 0.75], "texture": "#2"},
				"east": {"uv": [10.25, 2.75, 9.25, 3.5], "texture": "#2"},
				"south": {"uv": [1, 0, 0, 0.5], "texture": "#2"},
				"west": {"uv": [9.25, 2.75, 10.25, 3.5], "texture": "#2"},
				"up": {"uv": [10.75, 1.75, 9.25, 2.75], "texture": "#2"},
				"down": {"uv": [10.75, 0.75, 9.25, 1.75], "texture": "#2"}
			}
		},
		{
			"from": [5.11348, -3, -3.86358],
			"to": [11.11348, 0, 0.13642],
			"rotation": {"angle": -45, "axis": "y", "origin": [7.89298, -10.9252, 7.79518]},
			"faces": {
				"north": {"uv": [11.75, 0, 10.25, 0.75], "texture": "#2"},
				"east": {"uv": [10.25, 2.75, 9.25, 3.5], "texture": "#2"},
				"south": {"uv": [1, 0, 0, 0.5], "texture": "#2"},
				"west": {"uv": [9.25, 2.75, 10.25, 3.5], "texture": "#2"},
				"up": {"uv": [10.75, 1.75, 9.25, 2.75], "texture": "#2"},
				"down": {"uv": [10.75, 0.75, 9.25, 1.75], "texture": "#2"}
			}
		},
		{
			"from": [6.32383, 14.9, 0.90908],
			"to": [9.32383, 16.9, 3.90908],
			"rotation": {"angle": 45, "axis": "y", "origin": [7.89298, -10.9252, 7.79518]},
			"faces": {
				"north": {"uv": [9.25, 5.25, 10, 5.75], "texture": "#2"},
				"east": {"uv": [10, 4.75, 10.75, 5.25], "texture": "#2"},
				"south": {"uv": [10, 4.25, 10.75, 4.75], "texture": "#2"},
				"west": {"uv": [10, 3.75, 10.75, 4.25], "texture": "#2"},
				"up": {"uv": [9.25, 4.5, 10, 5.25], "texture": "#2"},
				"down": {"uv": [9.25, 3.75, 10, 4.5], "texture": "#2"}
			}
		},
		{
			"from": [6.32383, 7.9, -0.09092],
			"to": [9.32383, 9.9, 2.90908],
			"rotation": {"angle": 45, "axis": "y", "origin": [7.89298, -10.9252, 7.79518]},
			"faces": {
				"north": {"uv": [9.25, 5.25, 10, 5.75], "texture": "#2"},
				"east": {"uv": [10, 4.75, 10.75, 5.25], "texture": "#2"},
				"south": {"uv": [10, 4.25, 10.75, 4.75], "texture": "#2"},
				"west": {"uv": [10, 3.75, 10.75, 4.25], "texture": "#2"},
				"up": {"uv": [9.25, 4.5, 10, 5.25], "texture": "#2"},
				"down": {"uv": [9.25, 3.75, 10, 4.5], "texture": "#2"}
			}
		},
		{
			"from": [4.82383, 2, -1.71224],
			"to": [10.82383, 5, 2.28776],
			"rotation": {"angle": 45, "axis": "y", "origin": [7.89298, -10.9252, 7.79518]},
			"faces": {
				"north": {"uv": [10.25, 0, 11.75, 0.75], "texture": "#2"},
				"east": {"uv": [10.25, 2.75, 9.25, 3.5], "texture": "#2"},
				"south": {"uv": [0, 0, 1, 0.5], "texture": "#2"},
				"west": {"uv": [9.25, 2.75, 10.25, 3.5], "texture": "#2"},
				"up": {"uv": [9.25, 1.75, 10.75, 2.75], "texture": "#2"},
				"down": {"uv": [9.25, 0.75, 10.75, 1.75], "texture": "#2"}
			}
		},
		{
			"from": [4.82383, -3, -3.71224],
			"to": [10.82383, 0, 0.28776],
			"rotation": {"angle": 45, "axis": "y", "origin": [7.89298, -10.9252, 7.79518]},
			"faces": {
				"north": {"uv": [10.25, 0, 11.75, 0.75], "texture": "#2"},
				"east": {"uv": [10.25, 2.75, 9.25, 3.5], "texture": "#2"},
				"south": {"uv": [0, 0, 1, 0.5], "texture": "#2"},
				"west": {"uv": [9.25, 2.75, 10.25, 3.5], "texture": "#2"},
				"up": {"uv": [9.25, 1.75, 10.75, 2.75], "texture": "#2"},
				"down": {"uv": [9.25, 0.75, 10.75, 1.75], "texture": "#2"}
			}
		},
		{
			"from": [5.11348, -3, 15.59227],
			"to": [11.11348, 0, 19.59227],
			"rotation": {"angle": -45, "axis": "y", "origin": [7.89298, -10.9252, 7.79518]},
			"faces": {
				"north": {"uv": [1, 0, 0, 0.5], "texture": "#2"},
				"east": {"uv": [9.25, 2.75, 10.25, 3.5], "texture": "#2"},
				"south": {"uv": [11.75, 0, 10.25, 0.75], "texture": "#2"},
				"west": {"uv": [10.25, 2.75, 9.25, 3.5], "texture": "#2"},
				"up": {"uv": [9.25, 2.75, 10.75, 1.75], "texture": "#2"},
				"down": {"uv": [9.25, 1.75, 10.75, 0.75], "texture": "#2"}
			}
		},
		{
			"from": [5.11348, 2, 13.59227],
			"to": [11.11348, 5, 17.59227],
			"rotation": {"angle": -45, "axis": "y", "origin": [7.89298, -10.9252, 7.79518]},
			"faces": {
				"north": {"uv": [1, 0, 0, 0.5], "texture": "#2"},
				"east": {"uv": [9.25, 2.75, 10.25, 3.5], "texture": "#2"},
				"south": {"uv": [11.75, 0, 10.25, 0.75], "texture": "#2"},
				"west": {"uv": [10.25, 2.75, 9.25, 3.5], "texture": "#2"},
				"up": {"uv": [9.25, 2.75, 10.75, 1.75], "texture": "#2"},
				"down": {"uv": [9.25, 1.75, 10.75, 0.75], "texture": "#2"}
			}
		},
		{
			"from": [6.61348, 7.9, 12.97095],
			"to": [9.61348, 9.9, 15.97095],
			"rotation": {"angle": -45, "axis": "y", "origin": [7.89298, -10.9252, 7.79518]},
			"faces": {
				"north": {"uv": [10.75, 4.25, 10, 4.75], "texture": "#2"},
				"east": {"uv": [10.75, 4.75, 10, 5.25], "texture": "#2"},
				"south": {"uv": [10, 5.25, 9.25, 5.75], "texture": "#2"},
				"west": {"uv": [10.75, 3.75, 10, 4.25], "texture": "#2"},
				"up": {"uv": [9.25, 5.25, 10, 4.5], "texture": "#2"},
				"down": {"uv": [9.25, 4.5, 10, 3.75], "texture": "#2"}
			}
		},
		{
			"from": [6.61348, 14.9, 11.97095],
			"to": [9.61348, 16.9, 14.97095],
			"rotation": {"angle": -45, "axis": "y", "origin": [7.89298, -10.9252, 7.79518]},
			"faces": {
				"north": {"uv": [10.75, 4.25, 10, 4.75], "texture": "#2"},
				"east": {"uv": [10.75, 4.75, 10, 5.25], "texture": "#2"},
				"south": {"uv": [10, 5.25, 9.25, 5.75], "texture": "#2"},
				"west": {"uv": [10.75, 3.75, 10, 4.25], "texture": "#2"},
				"up": {"uv": [9.25, 5.25, 10, 4.5], "texture": "#2"},
				"down": {"uv": [9.25, 4.5, 10, 3.75], "texture": "#2"}
			}
		},
		{
			"from": [8, 24.5, 4.5],
			"to": [8, 31.5, 11.5],
			"rotation": {"angle": 0, "axis": "y", "origin": [7.89298, -10.9252, 7.79518]},
			"faces": {
				"north": {"uv": [0, 0, 0, 7], "texture": "#3"},
				"east": {"uv": [0, 0, 7, 7], "texture": "#3"},
				"south": {"uv": [0, 0, 0, 7], "texture": "#3"},
				"west": {"uv": [0, 0, 7, 7], "texture": "#3"},
				"up": {"uv": [7, 0, 0, 0], "rotation": 270, "texture": "#3"},
				"down": {"uv": [7, 0, 0, 0], "rotation": 90, "texture": "#3"}
			}
		},
		{
			"from": [4.5, 24.5, 8],
			"to": [11.5, 31.5, 8],
			"rotation": {"angle": 0, "axis": "y", "origin": [7.89298, -10.9252, 7.79518]},
			"faces": {
				"north": {"uv": [0, 0, 7, 7], "texture": "#3"},
				"east": {"uv": [0, 0, 0, 7], "texture": "#3"},
				"south": {"uv": [0, 0, 7, 7], "texture": "#3"},
				"west": {"uv": [0, 0, 0, 7], "texture": "#3"},
				"up": {"uv": [0, 0, 7, 0], "texture": "#3"},
				"down": {"uv": [0, 0, 7, 0], "texture": "#3"}
			}
		},
		{
			"from": [16.81526, -13.46798, 13],
			"to": [18.81526, -11.46798, 15],
			"rotation": {"angle": 45, "axis": "z", "origin": [7.89298, -10.9252, 7.79518]},
			"faces": {
				"north": {"uv": [9, 0, 11, 2], "texture": "#3"},
				"east": {"uv": [9, 2, 11, 4], "texture": "#3"},
				"south": {"uv": [9, 4, 11, 6], "texture": "#3"},
				"west": {"uv": [9, 6, 11, 8], "texture": "#3"},
				"up": {"uv": [9, 13, 7, 11], "texture": "#3"},
				"down": {"uv": [11, 11, 9, 13], "texture": "#3"}
			}
		},
		{
			"from": [25.30054, 4.9168, 14],
			"to": [27.30054, 6.9168, 16],
			"rotation": {"angle": 45, "axis": "z", "origin": [7.89298, -10.9252, 7.79518]},
			"faces": {
				"north": {"uv": [9, 0, 11, 2], "texture": "#3"},
				"east": {"uv": [9, 2, 11, 4], "texture": "#3"},
				"south": {"uv": [9, 4, 11, 6], "texture": "#3"},
				"west": {"uv": [9, 6, 11, 8], "texture": "#3"},
				"up": {"uv": [9, 13, 7, 11], "texture": "#3"},
				"down": {"uv": [11, 11, 9, 13], "texture": "#3"}
			}
		},
		{
			"from": [-4, 0.89466, -2.90659],
			"to": [-2, 2.89466, -0.90659],
			"rotation": {"angle": 45, "axis": "x", "origin": [7.89298, -10.9252, 7.79518]},
			"faces": {
				"north": {"uv": [9, 2, 11, 4], "texture": "#3"},
				"east": {"uv": [9, 4, 11, 6], "texture": "#3"},
				"south": {"uv": [9, 6, 11, 8], "texture": "#3"},
				"west": {"uv": [9, 0, 11, 2], "texture": "#3"},
				"up": {"uv": [9, 13, 7, 11], "rotation": 270, "texture": "#3"},
				"down": {"uv": [11, 11, 9, 13], "rotation": 90, "texture": "#3"}
			}
		},
		{
			"from": [-0.75663, -1.29582, -3],
			"to": [1.24337, 0.70418, -1],
			"rotation": {"angle": -45, "axis": "z", "origin": [7.89298, -10.9252, 7.79518]},
			"faces": {
				"north": {"uv": [9, 4, 11, 6], "texture": "#3"},
				"east": {"uv": [9, 6, 11, 8], "texture": "#3"},
				"south": {"uv": [9, 0, 11, 2], "texture": "#3"},
				"west": {"uv": [9, 2, 11, 4], "texture": "#3"},
				"up": {"uv": [9, 13, 7, 11], "rotation": 180, "texture": "#3"},
				"down": {"uv": [11, 11, 9, 13], "rotation": 180, "texture": "#3"}
			}
		},
		{
			"from": [23.88633, -3.56848, 13],
			"to": [25.88633, -1.56848, 15],
			"rotation": {"angle": 45, "axis": "z", "origin": [7.89298, -10.9252, 7.79518]},
			"faces": {
				"north": {"uv": [11, 11, 13, 13], "texture": "#3"},
				"east": {"uv": [11, 0, 13, 2], "texture": "#3"},
				"south": {"uv": [11, 2, 13, 4], "texture": "#3"},
				"west": {"uv": [11, 4, 13, 6], "texture": "#3"},
				"up": {"uv": [13, 8, 11, 6], "texture": "#3"},
				"down": {"uv": [13, 8, 11, 10], "texture": "#3"}
			}
		},
		{
			"from": [2, 7.67607, 19.61504],
			"to": [4, 9.67607, 21.61504],
			"rotation": {"angle": -45, "axis": "x", "origin": [7.89298, -10.9252, 7.79518]},
			"faces": {
				"north": {"uv": [11, 4, 13, 6], "texture": "#3"},
				"east": {"uv": [11, 11, 13, 13], "texture": "#3"},
				"south": {"uv": [11, 0, 13, 2], "texture": "#3"},
				"west": {"uv": [11, 2, 13, 4], "texture": "#3"},
				"up": {"uv": [13, 8, 11, 6], "rotation": 90, "texture": "#3"},
				"down": {"uv": [13, 8, 11, 10], "rotation": 270, "texture": "#3"}
			}
		},
		{
			"from": [15, 7.67607, 16.61504],
			"to": [17, 9.67607, 18.61504],
			"rotation": {"angle": -45, "axis": "x", "origin": [7.89298, -10.9252, 7.79518]},
			"faces": {
				"north": {"uv": [13, 4, 11, 6], "texture": "#3"},
				"east": {"uv": [13, 2, 11, 4], "texture": "#3"},
				"south": {"uv": [13, 0, 11, 2], "texture": "#3"},
				"west": {"uv": [13, 11, 11, 13], "texture": "#3"},
				"up": {"uv": [13, 6, 11, 8], "rotation": 90, "texture": "#3"},
				"down": {"uv": [13, 10, 11, 8], "rotation": 270, "texture": "#3"}
			}
		},
		{
			"from": [2, 12.20837, -11.39187],
			"to": [4, 14.20837, -9.39187],
			"rotation": {"angle": 45, "axis": "x", "origin": [7.89298, -10.9252, 7.79518]},
			"faces": {
				"north": {"uv": [7, 7, 9, 9], "texture": "#3"},
				"east": {"uv": [7, 0, 9, 2], "texture": "#3"},
				"south": {"uv": [7, 2, 9, 4], "texture": "#3"},
				"west": {"uv": [7, 4, 9, 6], "texture": "#3"},
				"up": {"uv": [9, 11, 7, 9], "texture": "#3"},
				"down": {"uv": [11, 9, 9, 11], "texture": "#3"}
			}
		},
		{
			"from": [8.03821, -2.15427, -3],
			"to": [10.03821, -0.15427, -1],
			"rotation": {"angle": 45, "axis": "z", "origin": [7.89298, -10.9252, 7.79518]},
			"faces": {
				"north": {"uv": [7, 4, 9, 6], "texture": "#3"},
				"east": {"uv": [7, 7, 9, 9], "texture": "#3"},
				"south": {"uv": [7, 0, 9, 2], "texture": "#3"},
				"west": {"uv": [7, 2, 9, 4], "texture": "#3"},
				"up": {"uv": [9, 11, 7, 9], "rotation": 90, "texture": "#3"},
				"down": {"uv": [11, 9, 9, 11], "rotation": 270, "texture": "#3"}
			}
		},
		{
			"from": [29.54318, 9.15944, 1],
			"to": [31.54318, 11.15944, 3],
			"rotation": {"angle": 45, "axis": "z", "origin": [7.89298, -10.9252, 7.79518]},
			"faces": {
				"north": {"uv": [7, 4, 9, 6], "texture": "#3"},
				"east": {"uv": [7, 7, 9, 9], "texture": "#3"},
				"south": {"uv": [7, 0, 9, 2], "texture": "#3"},
				"west": {"uv": [7, 2, 9, 4], "texture": "#3"},
				"up": {"uv": [9, 11, 7, 9], "rotation": 90, "texture": "#3"},
				"down": {"uv": [11, 9, 9, 11], "rotation": 270, "texture": "#3"}
			}
		},
		{
			"from": [18, -0.80921, 15.3724],
			"to": [20, 1.19079, 17.3724],
			"rotation": {"angle": -45, "axis": "x", "origin": [7.89298, -10.9252, 7.79518]},
			"faces": {
				"north": {"uv": [7, 2, 9, 4], "texture": "#3"},
				"east": {"uv": [7, 4, 9, 6], "texture": "#3"},
				"south": {"uv": [7, 7, 9, 9], "texture": "#3"},
				"west": {"uv": [7, 0, 9, 2], "texture": "#3"},
				"up": {"uv": [9, 11, 7, 9], "rotation": 180, "texture": "#3"},
				"down": {"uv": [11, 9, 9, 11], "rotation": 180, "texture": "#3"}
			}
		},
		{
			"from": [-3.29216, -4.41714, 18],
			"to": [-1.29216, -2.41714, 20],
			"rotation": {"angle": -45, "axis": "z", "origin": [7.89298, -10.9252, 7.79518]},
			"faces": {
				"north": {"uv": [7, 0, 9, 2], "texture": "#3"},
				"east": {"uv": [7, 2, 9, 4], "texture": "#3"},
				"south": {"uv": [7, 4, 9, 6], "texture": "#3"},
				"west": {"uv": [7, 7, 9, 9], "texture": "#3"},
				"up": {"uv": [9, 11, 7, 9], "rotation": 270, "texture": "#3"},
				"down": {"uv": [11, 9, 9, 11], "rotation": 90, "texture": "#3"}
			}
		},
		{
			"from": [1.84314, 6, -2.33125],
			"to": [9.84314, 10, -2.33125],
			"rotation": {"angle": 0, "axis": "y", "origin": [7.89298, -10.9252, 7.79518]},
			"faces": {
				"north": {"uv": [0, 16, 4, 8], "rotation": 90, "texture": "#3"},
				"east": {"uv": [0, 0, 0, 1], "texture": "#3"},
				"south": {"uv": [0, 8, 4, 16], "rotation": 90, "texture": "#3"},
				"west": {"uv": [0, 0, 0, 1], "texture": "#3"},
				"up": {"uv": [8, 0, 0, 0], "rotation": 180, "texture": "#3"},
				"down": {"uv": [8, 0, 0, 0], "rotation": 180, "texture": "#3"}
			}
		},
		{
			"from": [9.84314, 6, -2.33125],
			"to": [13.84314, 10, -2.33125],
			"rotation": {"angle": 0, "axis": "y", "origin": [7.89298, -10.9252, 7.79518]},
			"faces": {
				"north": {"uv": [0, 16, 4, 12], "rotation": 90, "texture": "#3"},
				"east": {"uv": [0, 0, 0, 1], "texture": "#3"},
				"south": {"uv": [0, 12, 4, 16], "rotation": 90, "texture": "#3"},
				"west": {"uv": [0, 0, 0, 1], "texture": "#3"},
				"up": {"uv": [8, 0, 0, 0], "rotation": 180, "texture": "#3"},
				"down": {"uv": [8, 0, 0, 0], "rotation": 180, "texture": "#3"}
			}
		},
		{
			"from": [4.93991, 6, -3.57268],
			"to": [8.93991, 10, -3.57268],
			"rotation": {"angle": -45, "axis": "y", "origin": [7.89298, -10.9252, 7.79518]},
			"faces": {
				"north": {"uv": [0, 12, 4, 8], "rotation": 90, "texture": "#3"},
				"east": {"uv": [0, 0, 0, 1], "texture": "#3"},
				"south": {"uv": [0, 8, 4, 12], "rotation": 90, "texture": "#3"},
				"west": {"uv": [0, 0, 0, 1], "texture": "#3"},
				"up": {"uv": [8, 0, 0, 0], "rotation": 180, "texture": "#3"},
				"down": {"uv": [8, 0, 0, 0], "rotation": 180, "texture": "#3"}
			}
		},
		{
			"from": [-3.54536, 3, 4.9126],
			"to": [-3.54536, 7, 13.9126],
			"rotation": {"angle": -45, "axis": "y", "origin": [7.89298, -10.9252, 7.79518]},
			"faces": {
				"north": {"uv": [0, 0, 0, 1], "texture": "#3"},
				"east": {"uv": [0, 7, 4, 16], "rotation": 90, "texture": "#3"},
				"south": {"uv": [0, 0, 0, 1], "texture": "#3"},
				"west": {"uv": [0, 16, 4, 7], "rotation": 90, "texture": "#3"},
				"up": {"uv": [8, 0, 0, 0], "rotation": 90, "texture": "#3"},
				"down": {"uv": [8, 0, 0, 0], "rotation": 270, "texture": "#3"}
			}
		},
		{
			"from": [-4.52082, 0, 4.03272],
			"to": [-4.52082, 4, 13.03272],
			"rotation": {"angle": 0, "axis": "y", "origin": [7.89298, -10.9252, 7.79518]},
			"faces": {
				"north": {"uv": [0, 0, 0, 1], "texture": "#3"},
				"east": {"uv": [0, 7, 4, 16], "rotation": 90, "texture": "#3"},
				"south": {"uv": [0, 0, 0, 1], "texture": "#3"},
				"west": {"uv": [0, 16, 4, 7], "rotation": 90, "texture": "#3"},
				"up": {"uv": [8, 0, 0, 0], "rotation": 90, "texture": "#3"},
				"down": {"uv": [8, 0, 0, 0], "rotation": 270, "texture": "#3"}
			}
		},
		{
			"from": [2.81789, -3, 20.27627],
			"to": [9.81789, 1, 20.27627],
			"rotation": {"angle": -45, "axis": "y", "origin": [7.89298, -10.9252, 7.79518]},
			"faces": {
				"north": {"uv": [0, 7, 4, 14], "rotation": 90, "texture": "#3"},
				"east": {"uv": [0, 0, 0, 1], "texture": "#3"},
				"south": {"uv": [0, 14, 4, 7], "rotation": 90, "texture": "#3"},
				"west": {"uv": [0, 0, 0, 1], "texture": "#3"},
				"up": {"uv": [0, 0, 8, 0], "rotation": 180, "texture": "#3"},
				"down": {"uv": [0, 0, 8, 0], "rotation": 180, "texture": "#3"}
			}
		},
		{
			"from": [4.90207, -2, 19.94042],
			"to": [9.90207, 2, 19.94042],
			"rotation": {"angle": -22.5, "axis": "y", "origin": [7.89298, -10.9252, 7.79518]},
			"faces": {
				"north": {"uv": [0, 12, 4, 7], "rotation": 90, "texture": "#3"},
				"east": {"uv": [0, 0, 0, 1], "texture": "#3"},
				"south": {"uv": [0, 7, 4, 12], "rotation": 90, "texture": "#3"},
				"west": {"uv": [0, 0, 0, 1], "texture": "#3"},
				"up": {"uv": [8, 0, 0, 0], "rotation": 180, "texture": "#3"},
				"down": {"uv": [8, 0, 0, 0], "rotation": 180, "texture": "#3"}
			}
		},
		{
			"from": [18.66412, 1, 6.53547],
			"to": [18.66412, 5, 14.53547],
			"rotation": {"angle": 0, "axis": "x", "origin": [7.89298, -10.9252, 7.79518]},
			"faces": {
				"north": {"uv": [0, 0, 0, 1], "rotation": 180, "texture": "#3"},
				"east": {"uv": [0, 16, 4, 8], "rotation": 270, "texture": "#3"},
				"south": {"uv": [0, 0, 0, 1], "rotation": 180, "texture": "#3"},
				"west": {"uv": [0, 8, 4, 16], "rotation": 270, "texture": "#3"},
				"up": {"uv": [8, 0, 0, 0], "rotation": 90, "texture": "#3"},
				"down": {"uv": [8, 0, 0, 0], "rotation": 270, "texture": "#3"}
			}
		},
		{
			"from": [20.27543, 2, 4.94494],
			"to": [20.27543, 6, 10.94494],
			"rotation": {"angle": -45, "axis": "y", "origin": [7.89298, -10.9252, 7.79518]},
			"faces": {
				"north": {"uv": [0, 0, 0, 1], "texture": "#3"},
				"east": {"uv": [0, 13, 4, 7], "rotation": 90, "texture": "#3"},
				"south": {"uv": [0, 0, 0, 1], "texture": "#3"},
				"west": {"uv": [0, 7, 4, 13], "rotation": 90, "texture": "#3"},
				"up": {"uv": [0, 0, 8, 0], "rotation": 90, "texture": "#3"},
				"down": {"uv": [0, 0, 8, 0], "rotation": 270, "texture": "#3"}
			}
		},
		{
			"from": [5.42218, 5, 18.77782],
			"to": [14.42218, 9, 18.77782],
			"rotation": {"angle": 0, "axis": "y", "origin": [7.89298, -10.9252, 7.79518]},
			"faces": {
				"north": {"uv": [0, 7, 4, 16], "rotation": 90, "texture": "#3"},
				"east": {"uv": [0, 0, 0, 1], "texture": "#3"},
				"south": {"uv": [0, 16, 4, 7], "rotation": 90, "texture": "#3"},
				"west": {"uv": [0, 0, 0, 1], "texture": "#3"},
				"up": {"uv": [8, 0, 0, 0], "texture": "#3"},
				"down": {"uv": [8, 0, 0, 0], "texture": "#3"}
			}
		},
		{
			"from": [7.45003, 20, 14.0556],
			"to": [11.45003, 24, 14.0556],
			"rotation": {"angle": 45, "axis": "y", "origin": [7.89298, -10.9252, 7.79518]},
			"faces": {
				"north": {"uv": [0, 12, 4, 16], "rotation": 90, "texture": "#3"},
				"east": {"uv": [0, 0, 0, 1], "texture": "#3"},
				"south": {"uv": [0, 16, 4, 12], "rotation": 90, "texture": "#3"},
				"west": {"uv": [0, 0, 0, 1], "texture": "#3"},
				"up": {"uv": [8, 0, 0, 0], "texture": "#3"},
				"down": {"uv": [8, 0, 0, 0], "texture": "#3"}
			}
		},
		{
			"from": [4.91176, 8, 17.3082],
			"to": [13.91176, 12, 17.3082],
			"rotation": {"angle": -45, "axis": "y", "origin": [7.89298, -10.9252, 7.79518]},
			"faces": {
				"north": {"uv": [0, 7, 4, 16], "rotation": 90, "texture": "#3"},
				"east": {"uv": [0, 0, 0, 1], "texture": "#3"},
				"south": {"uv": [0, 16, 4, 7], "rotation": 90, "texture": "#3"},
				"west": {"uv": [0, 0, 0, 1], "texture": "#3"},
				"up": {"uv": [8, 0, 0, 0], "texture": "#3"},
				"down": {"uv": [8, 0, 0, 0], "texture": "#3"}
			}
		},
		{
			"from": [-0.94178, 11, 4.41386],
			"to": [-0.94178, 15, 12.41386],
			"rotation": {"angle": 0, "axis": "y", "origin": [7.89298, -10.9252, 7.79518]},
			"faces": {
				"north": {"uv": [0, 0, 0, 1], "texture": "#3"},
				"east": {"uv": [0, 8, 4, 16], "rotation": 90, "texture": "#3"},
				"south": {"uv": [0, 0, 0, 1], "texture": "#3"},
				"west": {"uv": [0, 16, 4, 8], "rotation": 90, "texture": "#3"},
				"up": {"uv": [8, 0, 0, 0], "rotation": 90, "texture": "#3"},
				"down": {"uv": [8, 0, 0, 0], "rotation": 270, "texture": "#3"}
			}
		},
		{
			"from": [-0.74539, 12, 5.65063],
			"to": [-0.74539, 16, 11.65063],
			"rotation": {"angle": -45, "axis": "y", "origin": [7.89298, -10.9252, 7.79518]},
			"faces": {
				"north": {"uv": [0, 0, 0, 1], "texture": "#3"},
				"east": {"uv": [0, 7, 4, 13], "rotation": 90, "texture": "#3"},
				"south": {"uv": [0, 0, 0, 1], "texture": "#3"},
				"west": {"uv": [0, 13, 4, 7], "rotation": 90, "texture": "#3"},
				"up": {"uv": [8, 0, 0, 0], "rotation": 90, "texture": "#3"},
				"down": {"uv": [8, 0, 0, 0], "rotation": 270, "texture": "#3"}
			}
		},
		{
			"from": [3.30116, 15, 0.16951],
			"to": [11.30116, 19, 0.16951],
			"rotation": {"angle": 0, "axis": "y", "origin": [7.89298, -10.9252, 7.79518]},
			"faces": {
				"north": {"uv": [0, 16, 4, 8], "rotation": 90, "texture": "#3"},
				"east": {"uv": [0, 0, 0, 1], "texture": "#3"},
				"south": {"uv": [0, 8, 4, 16], "rotation": 90, "texture": "#3"},
				"west": {"uv": [0, 0, 0, 1], "texture": "#3"},
				"up": {"uv": [8, 0, 0, 0], "rotation": 180, "texture": "#3"},
				"down": {"uv": [8, 0, 0, 0], "rotation": 180, "texture": "#3"}
			}
		},
		{
			"from": [4.91147, 17, -0.00621],
			"to": [9.91147, 21, -0.00621],
			"rotation": {"angle": -45, "axis": "y", "origin": [7.89298, -10.9252, 7.79518]},
			"faces": {
				"north": {"uv": [0, 16, 4, 11], "rotation": 90, "texture": "#3"},
				"east": {"uv": [0, 0, 0, 1], "texture": "#3"},
				"south": {"uv": [0, 11, 4, 16], "rotation": 90, "texture": "#3"},
				"west": {"uv": [0, 0, 0, 1], "texture": "#3"},
				"up": {"uv": [8, 0, 0, 0], "rotation": 180, "texture": "#3"},
				"down": {"uv": [8, 0, 0, 0], "rotation": 180, "texture": "#3"}
			}
		},
		{
			"from": [14.83498, 18, 3.70675],
			"to": [14.83498, 22, 9.70675],
			"rotation": {"angle": 0, "axis": "y", "origin": [7.89298, -10.9252, 7.79518]},
			"faces": {
				"north": {"uv": [0, 0, 0, 1], "texture": "#3"},
				"east": {"uv": [0, 14, 4, 8], "rotation": 90, "texture": "#3"},
				"south": {"uv": [0, 0, 0, 1], "texture": "#3"},
				"west": {"uv": [0, 8, 4, 14], "rotation": 90, "texture": "#3"},
				"up": {"uv": [8, 0, 0, 0], "rotation": 270, "texture": "#3"},
				"down": {"uv": [8, 0, 0, 0], "rotation": 90, "texture": "#3"}
			}
		},
		{
			"from": [1.17853, 3, -3.90968],
			"to": [5.17853, 5, -2.40968],
			"rotation": {"angle": 22.5, "axis": "y", "origin": [7.89298, -10.9252, 7.79518]},
			"faces": {
				"north": {"uv": [0, 9.75, 1, 10.25], "texture": "#2"},
				"east": {"uv": [1, 9.75, 1.25, 10.25], "texture": "#2"},
				"south": {"uv": [1, 9.75, 0, 10.25], "texture": "#2"},
				"west": {"uv": [1, 9.75, 1.25, 10.25], "texture": "#2"},
				"up": {"uv": [1, 9.75, 0, 10], "texture": "#2"},
				"down": {"uv": [0, 10, 1, 10.25], "texture": "#2"}
			}
		},
		{
			"from": [9.17853, 19, 14.09032],
			"to": [13.17853, 21, 15.59032],
			"rotation": {"angle": 22.5, "axis": "y", "origin": [7.89298, -10.9252, 7.79518]},
			"faces": {
				"north": {"uv": [0, 9.75, 1, 10.25], "texture": "#2"},
				"east": {"uv": [1, 9.75, 1.25, 10.25], "texture": "#2"},
				"south": {"uv": [1, 9.75, 0, 10.25], "texture": "#2"},
				"west": {"uv": [1, 9.75, 1.25, 10.25], "texture": "#2"},
				"up": {"uv": [1, 9.75, 0, 10], "texture": "#2"},
				"down": {"uv": [0, 10, 1, 10.25], "texture": "#2"}
			}
		},
		{
			"from": [1.67853, -2, -3.65968],
			"to": [4.67853, 3, -2.65968],
			"rotation": {"angle": 22.5, "axis": "y", "origin": [7.89298, -10.9252, 7.79518]},
			"faces": {
				"north": {"uv": [0, 10.25, 0.75, 11.5], "texture": "#2"},
				"east": {"uv": [0, 10.25, 0.25, 11.5], "texture": "#2"},
				"south": {"uv": [0.75, 10.25, 0, 11.5], "texture": "#2"},
				"west": {"uv": [0.5, 10.25, 0.75, 11.5], "texture": "#2"},
				"up": {"uv": [0, 0, 1, 3], "rotation": 270, "texture": "#2"},
				"down": {"uv": [0.75, 11.25, 0, 11.5], "texture": "#2"}
			}
		},
		{
			"from": [9.67853, 14, 14.34032],
			"to": [12.67853, 19, 15.34032],
			"rotation": {"angle": 22.5, "axis": "y", "origin": [7.89298, -10.9252, 7.79518]},
			"faces": {
				"north": {"uv": [0, 10.25, 0.75, 11.5], "texture": "#2"},
				"east": {"uv": [0, 10.25, 0.25, 11.5], "texture": "#2"},
				"south": {"uv": [0.75, 10.25, 0, 11.5], "texture": "#2"},
				"west": {"uv": [0.5, 10.25, 0.75, 11.5], "texture": "#2"},
				"up": {"uv": [0, 0, 1, 3], "rotation": 270, "texture": "#2"},
				"down": {"uv": [0.75, 11.25, 0, 11.5], "texture": "#2"}
			}
		},
		{
			"from": [-0.32147, 5, 12.34032],
			"to": [-0.32147, 9, 14.34032],
			"rotation": {"angle": 22.5, "axis": "y", "origin": [7.89298, -10.9252, 7.79518]},
			"faces": {
				"north": {"uv": [0, 10.25, 0.25, 11.5], "texture": "#2"},
				"east": {"uv": [1.25, 10.25, 0.75, 11.25], "texture": "#2"},
				"south": {"uv": [0.5, 10.25, 0.75, 11.5], "texture": "#2"},
				"west": {"uv": [0.75, 10.25, 1.25, 11.25], "texture": "#2"},
				"up": {"uv": [0, 0, 1, 3], "rotation": 180, "texture": "#2"},
				"down": {"uv": [0.75, 11.25, 0, 11.5], "rotation": 90, "texture": "#2"}
			}
		},
		{
			"from": [14.67853, 13, 3.34032],
			"to": [14.67853, 17, 5.34032],
			"rotation": {"angle": 22.5, "axis": "y", "origin": [7.89298, -10.9252, 7.79518]},
			"faces": {
				"north": {"uv": [0, 10.25, 0.25, 11.5], "texture": "#2"},
				"east": {"uv": [1.25, 10.25, 0.75, 11.25], "texture": "#2"},
				"south": {"uv": [0.5, 10.25, 0.75, 11.5], "texture": "#2"},
				"west": {"uv": [0.75, 10.25, 1.25, 11.25], "texture": "#2"},
				"up": {"uv": [0, 0, 1, 3], "rotation": 180, "texture": "#2"},
				"down": {"uv": [0.75, 11.25, 0, 11.5], "rotation": 90, "texture": "#2"}
			}
		},
		{
			"from": [4.67853, -2, -3.65968],
			"to": [5.67853, 1, -2.65968],
			"rotation": {"angle": 22.5, "axis": "y", "origin": [7.89298, -10.9252, 7.79518]},
			"faces": {
				"north": {"uv": [0, 10.75, 0.25, 11.5], "texture": "#2"},
				"east": {"uv": [0, 10.75, 0.25, 11.5], "texture": "#2"},
				"south": {"uv": [0.25, 10.75, 0, 11.5], "texture": "#2"},
				"west": {"uv": [0, 0, 1, 3], "texture": "#2"},
				"up": {"uv": [0, 10.25, 0.25, 10.5], "texture": "#2"},
				"down": {"uv": [0.25, 11.25, 0.5, 11.5], "texture": "#2"}
			}
		},
		{
			"from": [12.67853, 14, 14.34032],
			"to": [13.67853, 17, 15.34032],
			"rotation": {"angle": 22.5, "axis": "y", "origin": [7.89298, -10.9252, 7.79518]},
			"faces": {
				"north": {"uv": [0, 10.75, 0.25, 11.5], "texture": "#2"},
				"east": {"uv": [0, 10.75, 0.25, 11.5], "texture": "#2"},
				"south": {"uv": [0.25, 10.75, 0, 11.5], "texture": "#2"},
				"west": {"uv": [0, 0, 1, 3], "texture": "#2"},
				"up": {"uv": [0, 10.25, 0.25, 10.5], "texture": "#2"},
				"down": {"uv": [0.25, 11.25, 0.5, 11.5], "rotation": 90, "texture": "#2"}
			}
		}
	],
	"gui_light": "front",
	"display": {
		"thirdperson_righthand": {
			"rotation": [64, 0, 0],
			"translation": [3.5, 8, 10.25],
			"scale": [0.7, 0.7, 0.7]
		},
		"thirdperson_lefthand": {
			"rotation": [64, 0, 0],
			"translation": [3.5, 8, 10.25],
			"scale": [0.7, 0.7, 0.7]
		},
		"firstperson_righthand": {
			"translation": [16, 0, -14.25],
			"scale": [0.7, 0.7, 0.7]
		},
		"firstperson_lefthand": {
			"translation": [16, 0, -14.25],
			"scale": [0.7, 0.7, 0.7]
		},
		"ground": {
			"translation": [0, 14.5, 0],
			"scale": [0.7, 0.7, 0.7]
		},
		"gui": {
			"rotation": [16, 50, 0],
			"translation": [0, -0.25, 0],
			"scale": [0.35, 0.35, 0.35]
		},
		"head": {
			"translation": [0, -3.25, 0],
			"scale": [2, 2, 2]
		},
		"fixed": {
			"rotation": [-90, 0, 0],
			"translation": [0, 0, -80],
			"scale": [4, 4, 4]
		}
	},
	"groups": [
		0,
		{
			"name": "group",
			"origin": [8, 18.88579, 8],
			"color": 0,
			"children": []
		},
		{
			"name": "group",
			"origin": [8, 18.88579, 8],
			"color": 0,
			"children": [
				1,
				2,
				3,
				4,
				5,
				6,
				7,
				8,
				9,
				10,
				11,
				12,
				13,
				14,
				15,
				16,
				17,
				18,
				19,
				20,
				21,
				22,
				23,
				24,
				25,
				26,
				27,
				28,
				29,
				30,
				31,
				32,
				33,
				34,
				35,
				36,
				37,
				38,
				39,
				40,
				{
					"name": "group",
					"origin": [2.7552, 3.7, 13.2448],
					"color": 0,
					"children": [41, 42, 43, 44, 45, 46, 47, 48, 49, 50, 51, 52, 53, 54, 55, 56]
				}
			]
		},
		57,
		58,
		59,
		60,
		61,
		62,
		63,
		64,
		65,
		66,
		67,
		68,
		69,
		70,
		{
			"name": "group",
			"origin": [-1.69884, 12, 9.16951],
			"color": 0,
			"children": [
				{
					"name": "group",
					"origin": [18.66412, -3, 9.53547],
					"color": 0,
					"children": [71, 72, 73, 74, 75, 76, 77]
				},
				78,
				79,
				80,
				81,
				82,
				83,
				84,
				85,
				86,
				87
			]
		},
		88,
		89,
		90,
		91,
		92,
		93,
		94,
		95
	]
}