{
	"credit": "Made with Blockbench",
	"textures": {
		"2": "custom/364",
		"3": "custom/364-1",
		"particle": "custom/364"
	},
	"elements": [
		{
			"from": [5.5, -12.5, 5.5],
			"to": [10.5, -1.5, 10.5],
			"rotation": {"angle": 0, "axis": "y", "origin": [8, -4, 8]},
			"faces": {
				"north": {"uv": [4, 3.5, 5.25, 6.25], "texture": "#2"},
				"east": {"uv": [5, 0, 6.25, 2.75], "texture": "#2"},
				"south": {"uv": [0, 5.25, 1.25, 8], "texture": "#2"},
				"west": {"uv": [1.25, 5.25, 2.5, 8], "texture": "#2"},
				"up": {"uv": [9.25, 2.5, 8, 1.25], "texture": "#2"},
				"down": {"uv": [9.25, 2.5, 8, 3.75], "texture": "#2"}
			}
		},
		{
			"from": [2.5, -0.60115, -3.04617],
			"to": [13.5, 4.39885, 3.95383],
			"rotation": {"angle": -22.5, "axis": "x", "origin": [8, -0.19134, 8]},
			"faces": {
				"north": {"uv": [5.25, 2.75, 8, 4], "texture": "#2"},
				"east": {"uv": [4.25, 6.5, 6, 7.75], "texture": "#2"},
				"south": {"uv": [5.25, 4, 8, 5.25], "texture": "#2"},
				"west": {"uv": [6, 6.5, 7.75, 7.75], "texture": "#2"},
				"up": {"uv": [2.75, 1.75, 0, 0], "texture": "#2"},
				"down": {"uv": [2.75, 1.75, 0, 3.5], "texture": "#2"}
			}
		},
		{
			"from": [3.5, 5.39885, -2.04617],
			"to": [12.5, 10.39885, 4.95383],
			"rotation": {"angle": -22.5, "axis": "x", "origin": [8, 5.80866, 8]},
			"faces": {
				"north": {"uv": [5.25, 5.25, 7.5, 6.5], "texture": "#2"},
				"east": {"uv": [7.5, 5.25, 9.25, 6.5], "texture": "#2"},
				"south": {"uv": [6.25, 0, 8.5, 1.25], "texture": "#2"},
				"west": {"uv": [2.5, 7.75, 4.25, 9], "texture": "#2"},
				"up": {"uv": [5, 1.75, 2.75, 0], "texture": "#2"},
				"down": {"uv": [5, 1.75, 2.75, 3.5], "texture": "#2"}
			}
		},
		{
			"from": [4, 14.57954, -0.06818],
			"to": [12, 18.57954, 6.93182],
			"rotation": {"angle": -45, "axis": "x", "origin": [8, 13.01136, 9]},
			"faces": {
				"north": {"uv": [4.25, 7.75, 6.25, 8.75], "texture": "#2"},
				"east": {"uv": [7.75, 6.5, 9.5, 7.5], "texture": "#2"},
				"south": {"uv": [6.25, 7.75, 8.25, 8.75], "texture": "#2"},
				"west": {"uv": [0, 8, 1.75, 9], "texture": "#2"},
				"up": {"uv": [2, 5.25, 0, 3.5], "texture": "#2"},
				"down": {"uv": [4, 3.5, 2, 5.25], "texture": "#2"}
			}
		},
		{
			"from": [4.5, 20.57954, 1.93182],
			"to": [11.5, 23.57954, 7.93182],
			"rotation": {"angle": -45, "axis": "x", "origin": [8, 18.01136, 10]},
			"faces": {
				"north": {"uv": [8.5, 0, 10.25, 0.75], "texture": "#2"},
				"east": {"uv": [2.5, 5.25, 4, 6], "texture": "#2"},
				"south": {"uv": [4.25, 8.75, 6, 9.5], "texture": "#2"},
				"west": {"uv": [6, 8.75, 7.5, 9.5], "texture": "#2"},
				"up": {"uv": [8, 2.75, 6.25, 1.25], "texture": "#2"},
				"down": {"uv": [4.25, 6.25, 2.5, 7.75], "texture": "#2"}
			}
		},
		{
			"from": [5.5, 18.8533, 4.00735],
			"to": [10.5, 23.8533, 7.00735],
			"rotation": {"angle": 22.5, "axis": "x", "origin": [8, 21.88579, 8]},
			"faces": {
				"north": {"uv": [8, 3.75, 9.25, 5], "texture": "#2"},
				"east": {"uv": [1.75, 8, 2.5, 9.25], "texture": "#2"},
				"south": {"uv": [8.25, 7.5, 9.5, 8.75], "texture": "#2"},
				"west": {"uv": [7.5, 8.75, 8.25, 10], "texture": "#2"},
				"up": {"uv": [9.5, 9.5, 8.25, 8.75], "texture": "#2"},
				"down": {"uv": [1.25, 9, 0, 9.75], "texture": "#2"}
			}
		},
		{
			"from": [2.5, -0.60115, 12.04617],
			"to": [13.5, 4.39885, 19.04617],
			"rotation": {"angle": 22.5, "axis": "x", "origin": [8, -0.19134, 8]},
			"faces": {
				"north": {"uv": [8, 4, 5.25, 5.25], "texture": "#2"},
				"east": {"uv": [6, 6.5, 4.25, 7.75], "texture": "#2"},
				"south": {"uv": [8, 2.75, 5.25, 4], "texture": "#2"},
				"west": {"uv": [7.75, 6.5, 6, 7.75], "texture": "#2"},
				"up": {"uv": [2.75, 0, 0, 1.75], "texture": "#2"},
				"down": {"uv": [2.75, 3.5, 0, 1.75], "texture": "#2"}
			}
		},
		{
			"from": [3.5, 5.39885, 11.04617],
			"to": [12.5, 10.39885, 18.04617],
			"rotation": {"angle": 22.5, "axis": "x", "origin": [8, 5.80866, 8]},
			"faces": {
				"north": {"uv": [8.5, 0, 6.25, 1.25], "texture": "#2"},
				"east": {"uv": [9.25, 5.25, 7.5, 6.5], "texture": "#2"},
				"south": {"uv": [7.5, 5.25, 5.25, 6.5], "texture": "#2"},
				"west": {"uv": [4.25, 7.75, 2.5, 9], "texture": "#2"},
				"up": {"uv": [5, 0, 2.75, 1.75], "texture": "#2"},
				"down": {"uv": [5, 3.5, 2.75, 1.75], "texture": "#2"}
			}
		},
		{
			"from": [4, 14.57954, 9.06818],
			"to": [12, 18.57954, 16.06818],
			"rotation": {"angle": 45, "axis": "x", "origin": [8, 13.01136, 7]},
			"faces": {
				"north": {"uv": [8.25, 7.75, 6.25, 8.75], "texture": "#2"},
				"east": {"uv": [9.5, 6.5, 7.75, 7.5], "texture": "#2"},
				"south": {"uv": [6.25, 7.75, 4.25, 8.75], "texture": "#2"},
				"west": {"uv": [1.75, 8, 0, 9], "texture": "#2"},
				"up": {"uv": [2, 3.5, 0, 5.25], "texture": "#2"},
				"down": {"uv": [4, 5.25, 2, 3.5], "texture": "#2"}
			}
		},
		{
			"from": [4.5, 20.57954, 8.06818],
			"to": [11.5, 23.57954, 14.06818],
			"rotation": {"angle": 45, "axis": "x", "origin": [8, 18.01136, 6]},
			"faces": {
				"north": {"uv": [6, 8.75, 4.25, 9.5], "texture": "#2"},
				"east": {"uv": [4, 5.25, 2.5, 6], "texture": "#2"},
				"south": {"uv": [10.25, 0, 8.5, 0.75], "texture": "#2"},
				"west": {"uv": [7.5, 8.75, 6, 9.5], "texture": "#2"},
				"up": {"uv": [8, 1.25, 6.25, 2.75], "texture": "#2"},
				"down": {"uv": [4.25, 7.75, 2.5, 6.25], "texture": "#2"}
			}
		},
		{
			"from": [5.5, 18.8533, 8.99265],
			"to": [10.5, 23.8533, 11.99265],
			"rotation": {"angle": -22.5, "axis": "x", "origin": [8, 21.88579, 8]},
			"faces": {
				"north": {"uv": [9.5, 7.5, 8.25, 8.75], "texture": "#2"},
				"east": {"uv": [2.5, 8, 1.75, 9.25], "texture": "#2"},
				"south": {"uv": [9.25, 3.75, 8, 5], "texture": "#2"},
				"west": {"uv": [8.25, 8.75, 7.5, 10], "texture": "#2"},
				"up": {"uv": [9.5, 8.75, 8.25, 9.5], "texture": "#2"},
				"down": {"uv": [1.25, 9.75, 0, 9], "texture": "#2"}
			}
		},
		{
			"from": [12.04617, -0.60115, 2.5],
			"to": [19.04617, 4.39885, 13.5],
			"rotation": {"angle": -22.5, "axis": "z", "origin": [8, -0.19134, 8]},
			"faces": {
				"north": {"uv": [6, 6.5, 4.25, 7.75], "texture": "#2"},
				"east": {"uv": [8, 2.75, 5.25, 4], "texture": "#2"},
				"south": {"uv": [7.75, 6.5, 6, 7.75], "texture": "#2"},
				"west": {"uv": [8, 4, 5.25, 5.25], "texture": "#2"},
				"up": {"uv": [2.75, 0, 0, 1.75], "rotation": 270, "texture": "#2"},
				"down": {"uv": [2.75, 3.5, 0, 1.75], "rotation": 90, "texture": "#2"}
			}
		},
		{
			"from": [11.04617, 5.39885, 3.5],
			"to": [18.04617, 10.39885, 12.5],
			"rotation": {"angle": -22.5, "axis": "z", "origin": [8, 5.80866, 8]},
			"faces": {
				"north": {"uv": [9.25, 5.25, 7.5, 6.5], "texture": "#2"},
				"east": {"uv": [7.5, 5.25, 5.25, 6.5], "texture": "#2"},
				"south": {"uv": [4.25, 7.75, 2.5, 9], "texture": "#2"},
				"west": {"uv": [8.5, 0, 6.25, 1.25], "texture": "#2"},
				"up": {"uv": [5, 0, 2.75, 1.75], "rotation": 270, "texture": "#2"},
				"down": {"uv": [5, 3.5, 2.75, 1.75], "rotation": 90, "texture": "#2"}
			}
		},
		{
			"from": [9.06818, 14.57954, 4],
			"to": [16.06818, 18.57954, 12],
			"rotation": {"angle": -45, "axis": "z", "origin": [7, 13.01136, 8]},
			"faces": {
				"north": {"uv": [9.5, 6.5, 7.75, 7.5], "texture": "#2"},
				"east": {"uv": [6.25, 7.75, 4.25, 8.75], "texture": "#2"},
				"south": {"uv": [1.75, 8, 0, 9], "texture": "#2"},
				"west": {"uv": [8.25, 7.75, 6.25, 8.75], "texture": "#2"},
				"up": {"uv": [2, 3.5, 0, 5.25], "rotation": 270, "texture": "#2"},
				"down": {"uv": [4, 5.25, 2, 3.5], "rotation": 90, "texture": "#2"}
			}
		},
		{
			"from": [8.06818, 20.57954, 4.5],
			"to": [14.06818, 23.57954, 11.5],
			"rotation": {"angle": -45, "axis": "z", "origin": [6, 18.01136, 8]},
			"faces": {
				"north": {"uv": [4, 5.25, 2.5, 6], "texture": "#2"},
				"east": {"uv": [10.25, 0, 8.5, 0.75], "texture": "#2"},
				"south": {"uv": [7.5, 8.75, 6, 9.5], "texture": "#2"},
				"west": {"uv": [6, 8.75, 4.25, 9.5], "texture": "#2"},
				"up": {"uv": [8, 1.25, 6.25, 2.75], "rotation": 270, "texture": "#2"},
				"down": {"uv": [4.25, 7.75, 2.5, 6.25], "rotation": 90, "texture": "#2"}
			}
		},
		{
			"from": [8.99265, 18.8533, 5.5],
			"to": [11.99265, 23.8533, 10.5],
			"rotation": {"angle": 22.5, "axis": "z", "origin": [8, 21.88579, 8]},
			"faces": {
				"north": {"uv": [2.5, 8, 1.75, 9.25], "texture": "#2"},
				"east": {"uv": [9.25, 3.75, 8, 5], "texture": "#2"},
				"south": {"uv": [8.25, 8.75, 7.5, 10], "texture": "#2"},
				"west": {"uv": [9.5, 7.5, 8.25, 8.75], "texture": "#2"},
				"up": {"uv": [9.5, 8.75, 8.25, 9.5], "rotation": 270, "texture": "#2"},
				"down": {"uv": [1.25, 9.75, 0, 9], "rotation": 90, "texture": "#2"}
			}
		},
		{
			"from": [-3.04617, -0.60115, 2.5],
			"to": [3.95383, 4.39885, 13.5],
			"rotation": {"angle": 22.5, "axis": "z", "origin": [8, -0.19134, 8]},
			"faces": {
				"north": {"uv": [7.75, 6.5, 6, 7.75], "texture": "#2"},
				"east": {"uv": [8, 4, 5.25, 5.25], "texture": "#2"},
				"south": {"uv": [6, 6.5, 4.25, 7.75], "texture": "#2"},
				"west": {"uv": [8, 2.75, 5.25, 4], "texture": "#2"},
				"up": {"uv": [2.75, 0, 0, 1.75], "rotation": 90, "texture": "#2"},
				"down": {"uv": [2.75, 3.5, 0, 1.75], "rotation": 270, "texture": "#2"}
			}
		},
		{
			"from": [-6.04617, 3.39885, 2.5],
			"to": [-3.04617, 3.39885, 13.5],
			"rotation": {"angle": 22.5, "axis": "z", "origin": [8, -0.19134, 8]},
			"faces": {
				"north": {"uv": [7.75, 6.5, 6, 7.75], "texture": "#2"},
				"east": {"uv": [8, 4, 5.25, 5.25], "texture": "#2"},
				"south": {"uv": [6, 6.5, 4.25, 7.75], "texture": "#2"},
				"west": {"uv": [8, 2.75, 5.25, 4], "texture": "#2"},
				"up": {"uv": [4, 9, 1.25, 9.75], "rotation": 90, "texture": "#2"},
				"down": {"uv": [1.25, 9, 4, 9.75], "rotation": 90, "texture": "#2"}
			}
		},
		{
			"from": [2.5, 3.39885, 19.04617],
			"to": [13.5, 3.39885, 22.04617],
			"rotation": {"angle": 22.5, "axis": "x", "origin": [8, -0.19134, 8]},
			"faces": {
				"north": {"uv": [8, 4, 5.25, 5.25], "texture": "#2"},
				"east": {"uv": [6, 6.5, 4.25, 7.75], "texture": "#2"},
				"south": {"uv": [8, 2.75, 5.25, 4], "texture": "#2"},
				"west": {"uv": [7.75, 6.5, 6, 7.75], "texture": "#2"},
				"up": {"uv": [4, 9, 1.25, 9.75], "texture": "#2"},
				"down": {"uv": [1.25, 9, 4, 9.75], "rotation": 180, "texture": "#2"}
			}
		},
		{
			"from": [19.04617, 3.39885, 2.5],
			"to": [22.04617, 3.39885, 13.5],
			"rotation": {"angle": -22.5, "axis": "z", "origin": [8, -0.19134, 8]},
			"faces": {
				"north": {"uv": [6, 6.5, 7.75, 7.75], "texture": "#2"},
				"east": {"uv": [5.25, 2.75, 8, 4], "texture": "#2"},
				"south": {"uv": [4.25, 6.5, 6, 7.75], "texture": "#2"},
				"west": {"uv": [5.25, 4, 8, 5.25], "texture": "#2"},
				"up": {"uv": [4, 9.75, 1.25, 9], "rotation": 90, "texture": "#2"},
				"down": {"uv": [1.25, 9.75, 4, 9], "rotation": 90, "texture": "#2"}
			}
		},
		{
			"from": [2.5, 3.39885, -6.04617],
			"to": [13.5, 3.39885, -3.04617],
			"rotation": {"angle": -22.5, "axis": "x", "origin": [8, -0.19134, 8]},
			"faces": {
				"north": {"uv": [5.25, 2.75, 8, 4], "texture": "#2"},
				"east": {"uv": [4.25, 6.5, 6, 7.75], "texture": "#2"},
				"south": {"uv": [5.25, 4, 8, 5.25], "texture": "#2"},
				"west": {"uv": [6, 6.5, 7.75, 7.75], "texture": "#2"},
				"up": {"uv": [4, 9.75, 1.25, 9], "texture": "#2"},
				"down": {"uv": [1.25, 9.75, 4, 9], "rotation": 180, "texture": "#2"}
			}
		},
		{
			"from": [-7.04617, 1.39885, 2.5],
			"to": [-3.04617, 1.39885, 13.5],
			"rotation": {"angle": 22.5, "axis": "z", "origin": [8, -0.19134, 8]},
			"faces": {
				"north": {"uv": [7.75, 6.5, 6, 7.75], "texture": "#2"},
				"east": {"uv": [8, 4, 5.25, 5.25], "texture": "#2"},
				"south": {"uv": [6, 6.5, 4.25, 7.75], "texture": "#2"},
				"west": {"uv": [8, 2.75, 5.25, 4], "texture": "#2"},
				"up": {"uv": [4, 9.25, 1.25, 10.25], "rotation": 90, "texture": "#2"},
				"down": {"uv": [1.25, 9.25, 4, 10.25], "rotation": 90, "texture": "#2"}
			}
		},
		{
			"from": [2.5, 1.39885, 19.04617],
			"to": [13.5, 1.39885, 23.04617],
			"rotation": {"angle": 22.5, "axis": "x", "origin": [8, -0.19134, 8]},
			"faces": {
				"north": {"uv": [8, 4, 5.25, 5.25], "texture": "#2"},
				"east": {"uv": [6, 6.5, 4.25, 7.75], "texture": "#2"},
				"south": {"uv": [8, 2.75, 5.25, 4], "texture": "#2"},
				"west": {"uv": [7.75, 6.5, 6, 7.75], "texture": "#2"},
				"up": {"uv": [4, 9.25, 1.25, 10.25], "texture": "#2"},
				"down": {"uv": [1.25, 9.25, 4, 10.25], "rotation": 180, "texture": "#2"}
			}
		},
		{
			"from": [19.04617, 1.39885, 2.5],
			"to": [23.04617, 1.39885, 13.5],
			"rotation": {"angle": -22.5, "axis": "z", "origin": [8, -0.19134, 8]},
			"faces": {
				"north": {"uv": [6, 6.5, 7.75, 7.75], "texture": "#2"},
				"east": {"uv": [5.25, 2.75, 8, 4], "texture": "#2"},
				"south": {"uv": [4.25, 6.5, 6, 7.75], "texture": "#2"},
				"west": {"uv": [5.25, 4, 8, 5.25], "texture": "#2"},
				"up": {"uv": [4, 10.25, 1.25, 9.25], "rotation": 90, "texture": "#2"},
				"down": {"uv": [1.25, 10.25, 4, 9.25], "rotation": 90, "texture": "#2"}
			}
		},
		{
			"from": [19.74617, -2.85115, 2.5],
			"to": [23.74617, -2.85115, 13.5],
			"rotation": {"angle": -45, "axis": "y", "origin": [8, -2.19134, 8]},
			"faces": {
				"north": {"uv": [6, 6.5, 7.75, 7.75], "texture": "#2"},
				"east": {"uv": [5.25, 2.75, 8, 4], "texture": "#2"},
				"south": {"uv": [4.25, 6.5, 6, 7.75], "texture": "#2"},
				"west": {"uv": [5.25, 4, 8, 5.25], "texture": "#2"},
				"up": {"uv": [4, 10.25, 1.25, 9.25], "rotation": 90, "texture": "#2"},
				"down": {"uv": [1.25, 10.25, 4, 9.25], "rotation": 90, "texture": "#2"}
			}
		},
		{
			"from": [19.74617, -2.85115, 2.5],
			"to": [23.74617, -2.85115, 13.5],
			"rotation": {"angle": 45, "axis": "y", "origin": [8, -2.19134, 8]},
			"faces": {
				"north": {"uv": [6, 6.5, 4.25, 7.75], "texture": "#2"},
				"east": {"uv": [8, 2.75, 5.25, 4], "texture": "#2"},
				"south": {"uv": [7.75, 6.5, 6, 7.75], "texture": "#2"},
				"west": {"uv": [8, 4, 5.25, 5.25], "texture": "#2"},
				"up": {"uv": [1.25, 10.25, 4, 9.25], "rotation": 90, "texture": "#2"},
				"down": {"uv": [4, 10.25, 1.25, 9.25], "rotation": 90, "texture": "#2"}
			}
		},
		{
			"from": [-7.74617, -2.85115, 2.5],
			"to": [-3.74617, -2.85115, 13.5],
			"rotation": {"angle": 45, "axis": "y", "origin": [8, -2.19134, 8]},
			"faces": {
				"north": {"uv": [7.75, 6.5, 6, 7.75], "texture": "#2"},
				"east": {"uv": [8, 4, 5.25, 5.25], "texture": "#2"},
				"south": {"uv": [6, 6.5, 4.25, 7.75], "texture": "#2"},
				"west": {"uv": [8, 2.75, 5.25, 4], "texture": "#2"},
				"up": {"uv": [4, 9.25, 1.25, 10.25], "rotation": 90, "texture": "#2"},
				"down": {"uv": [1.25, 9.25, 4, 10.25], "rotation": 90, "texture": "#2"}
			}
		},
		{
			"from": [-7.74617, -2.85115, 2.5],
			"to": [-3.74617, -2.85115, 13.5],
			"rotation": {"angle": -45, "axis": "y", "origin": [8, -2.19134, 8]},
			"faces": {
				"north": {"uv": [4.25, 6.5, 6, 7.75], "texture": "#2"},
				"east": {"uv": [5.25, 4, 8, 5.25], "texture": "#2"},
				"south": {"uv": [6, 6.5, 7.75, 7.75], "texture": "#2"},
				"west": {"uv": [5.25, 2.75, 8, 4], "texture": "#2"},
				"up": {"uv": [1.25, 9.25, 4, 10.25], "rotation": 90, "texture": "#2"},
				"down": {"uv": [4, 9.25, 1.25, 10.25], "rotation": 90, "texture": "#2"}
			}
		},
		{
			"from": [2.5, 1.39885, -7.04617],
			"to": [13.5, 1.39885, -3.04617],
			"rotation": {"angle": -22.5, "axis": "x", "origin": [8, -0.19134, 8]},
			"faces": {
				"north": {"uv": [5.25, 2.75, 8, 4], "texture": "#2"},
				"east": {"uv": [4.25, 6.5, 6, 7.75], "texture": "#2"},
				"south": {"uv": [5.25, 4, 8, 5.25], "texture": "#2"},
				"west": {"uv": [6, 6.5, 7.75, 7.75], "texture": "#2"},
				"up": {"uv": [4, 10.25, 1.25, 9.25], "texture": "#2"},
				"down": {"uv": [1.25, 10.25, 4, 9.25], "rotation": 180, "texture": "#2"}
			}
		},
		{
			"from": [-3.36281, 7.93704, 3.5],
			"to": [-0.36281, 7.93704, 12.5],
			"rotation": {"angle": 22.5, "axis": "z", "origin": [7.68336, 1.34685, 9]},
			"faces": {
				"north": {"uv": [7.75, 6.5, 6, 7.75], "texture": "#2"},
				"east": {"uv": [8, 4, 5.25, 5.25], "texture": "#2"},
				"south": {"uv": [6, 6.5, 4.25, 7.75], "texture": "#2"},
				"west": {"uv": [8, 2.75, 5.25, 4], "texture": "#2"},
				"up": {"uv": [3.75, 9.25, 1.5, 10], "rotation": 90, "texture": "#2"},
				"down": {"uv": [1.5, 9.25, 3.75, 10], "rotation": 90, "texture": "#2"}
			}
		},
		{
			"from": [3.5, 7.93704, 16.36281],
			"to": [12.5, 7.93704, 19.36281],
			"rotation": {"angle": 22.5, "axis": "x", "origin": [9, 1.34685, 8.31664]},
			"faces": {
				"north": {"uv": [8, 4, 5.25, 5.25], "texture": "#2"},
				"east": {"uv": [6, 6.5, 4.25, 7.75], "texture": "#2"},
				"south": {"uv": [8, 2.75, 5.25, 4], "texture": "#2"},
				"west": {"uv": [7.75, 6.5, 6, 7.75], "texture": "#2"},
				"up": {"uv": [3.75, 9.25, 1.5, 10], "texture": "#2"},
				"down": {"uv": [1.5, 9.25, 3.75, 10], "rotation": 180, "texture": "#2"}
			}
		},
		{
			"from": [16.36281, 7.93704, 3.5],
			"to": [19.36281, 7.93704, 12.5],
			"rotation": {"angle": -22.5, "axis": "z", "origin": [8.31664, 1.34685, 9]},
			"faces": {
				"north": {"uv": [6, 6.5, 7.75, 7.75], "texture": "#2"},
				"east": {"uv": [5.25, 2.75, 8, 4], "texture": "#2"},
				"south": {"uv": [4.25, 6.5, 6, 7.75], "texture": "#2"},
				"west": {"uv": [5.25, 4, 8, 5.25], "texture": "#2"},
				"up": {"uv": [3.75, 10, 1.5, 9.25], "rotation": 90, "texture": "#2"},
				"down": {"uv": [1.5, 10, 3.75, 9.25], "rotation": 90, "texture": "#2"}
			}
		},
		{
			"from": [3.5, 7.93704, -3.36281],
			"to": [12.5, 7.93704, -0.36281],
			"rotation": {"angle": -22.5, "axis": "x", "origin": [9, 1.34685, 7.68336]},
			"faces": {
				"north": {"uv": [5.25, 2.75, 8, 4], "texture": "#2"},
				"east": {"uv": [4.25, 6.5, 6, 7.75], "texture": "#2"},
				"south": {"uv": [5.25, 4, 8, 5.25], "texture": "#2"},
				"west": {"uv": [6, 6.5, 7.75, 7.75], "texture": "#2"},
				"up": {"uv": [3.75, 10, 1.5, 9.25], "texture": "#2"},
				"down": {"uv": [1.5, 10, 3.75, 9.25], "rotation": 180, "texture": "#2"}
			}
		},
		{
			"from": [-2.04617, 5.39885, 3.5],
			"to": [4.95383, 10.39885, 12.5],
			"rotation": {"angle": 22.5, "axis": "z", "origin": [8, 5.80866, 8]},
			"faces": {
				"north": {"uv": [4.25, 7.75, 2.5, 9], "texture": "#2"},
				"east": {"uv": [8.5, 0, 6.25, 1.25], "texture": "#2"},
				"south": {"uv": [9.25, 5.25, 7.5, 6.5], "texture": "#2"},
				"west": {"uv": [7.5, 5.25, 5.25, 6.5], "texture": "#2"},
				"up": {"uv": [5, 0, 2.75, 1.75], "rotation": 90, "texture": "#2"},
				"down": {"uv": [5, 3.5, 2.75, 1.75], "rotation": 270, "texture": "#2"}
			}
		},
		{
			"from": [-0.06818, 14.57954, 4],
			"to": [6.93182, 18.57954, 12],
			"rotation": {"angle": 45, "axis": "z", "origin": [9, 13.01136, 8]},
			"faces": {
				"north": {"uv": [1.75, 8, 0, 9], "texture": "#2"},
				"east": {"uv": [8.25, 7.75, 6.25, 8.75], "texture": "#2"},
				"south": {"uv": [9.5, 6.5, 7.75, 7.5], "texture": "#2"},
				"west": {"uv": [6.25, 7.75, 4.25, 8.75], "texture": "#2"},
				"up": {"uv": [2, 3.5, 0, 5.25], "rotation": 90, "texture": "#2"},
				"down": {"uv": [4, 5.25, 2, 3.5], "rotation": 270, "texture": "#2"}
			}
		},
		{
			"from": [1.93182, 20.57954, 4.5],
			"to": [7.93182, 23.57954, 11.5],
			"rotation": {"angle": 45, "axis": "z", "origin": [10, 18.01136, 8]},
			"faces": {
				"north": {"uv": [7.5, 8.75, 6, 9.5], "texture": "#2"},
				"east": {"uv": [6, 8.75, 4.25, 9.5], "texture": "#2"},
				"south": {"uv": [4, 5.25, 2.5, 6], "texture": "#2"},
				"west": {"uv": [10.25, 0, 8.5, 0.75], "texture": "#2"},
				"up": {"uv": [8, 1.25, 6.25, 2.75], "rotation": 90, "texture": "#2"},
				"down": {"uv": [4.25, 7.75, 2.5, 6.25], "rotation": 270, "texture": "#2"}
			}
		},
		{
			"from": [4.5, 0.57954, 7.06818],
			"to": [11.5, 3.57954, 13.06818],
			"rotation": {"angle": 45, "axis": "x", "origin": [8, -1.98864, 5]},
			"faces": {
				"north": {"uv": [6, 8.75, 4.25, 9.5], "texture": "#2"},
				"east": {"uv": [4, 5.25, 2.5, 6], "texture": "#2"},
				"south": {"uv": [10.25, 0, 8.5, 0.75], "texture": "#2"},
				"west": {"uv": [7.5, 8.75, 6, 9.5], "texture": "#2"},
				"up": {"uv": [8, 1.25, 6.25, 2.75], "texture": "#2"},
				"down": {"uv": [4.25, 7.75, 2.5, 6.25], "texture": "#2"}
			}
		},
		{
			"from": [7.06818, 0.57954, 4.5],
			"to": [13.06818, 3.57954, 11.5],
			"rotation": {"angle": -45, "axis": "z", "origin": [5, -1.98864, 8]},
			"faces": {
				"north": {"uv": [4, 5.25, 2.5, 6], "texture": "#2"},
				"east": {"uv": [10.25, 0, 8.5, 0.75], "texture": "#2"},
				"south": {"uv": [7.5, 8.75, 6, 9.5], "texture": "#2"},
				"west": {"uv": [6, 8.75, 4.25, 9.5], "texture": "#2"},
				"up": {"uv": [8, 1.25, 6.25, 2.75], "rotation": 270, "texture": "#2"},
				"down": {"uv": [4.25, 7.75, 2.5, 6.25], "rotation": 90, "texture": "#2"}
			}
		},
		{
			"from": [4.5, 0.57954, 2.93182],
			"to": [11.5, 3.57954, 8.93182],
			"rotation": {"angle": -45, "axis": "x", "origin": [8, -1.98864, 11]},
			"faces": {
				"north": {"uv": [8.5, 0, 10.25, 0.75], "texture": "#2"},
				"east": {"uv": [2.5, 5.25, 4, 6], "texture": "#2"},
				"south": {"uv": [4.25, 8.75, 6, 9.5], "texture": "#2"},
				"west": {"uv": [6, 8.75, 7.5, 9.5], "texture": "#2"},
				"up": {"uv": [8, 2.75, 6.25, 1.25], "texture": "#2"},
				"down": {"uv": [4.25, 6.25, 2.5, 7.75], "texture": "#2"}
			}
		},
		{
			"from": [2.93182, 0.57954, 4.5],
			"to": [8.93182, 3.57954, 11.5],
			"rotation": {"angle": 45, "axis": "z", "origin": [11, -1.98864, 8]},
			"faces": {
				"north": {"uv": [7.5, 8.75, 6, 9.5], "texture": "#2"},
				"east": {"uv": [6, 8.75, 4.25, 9.5], "texture": "#2"},
				"south": {"uv": [4, 5.25, 2.5, 6], "texture": "#2"},
				"west": {"uv": [10.25, 0, 8.5, 0.75], "texture": "#2"},
				"up": {"uv": [8, 1.25, 6.25, 2.75], "rotation": 90, "texture": "#2"},
				"down": {"uv": [4.25, 7.75, 2.5, 6.25], "rotation": 270, "texture": "#2"}
			}
		},
		{
			"from": [4.00735, 18.8533, 5.5],
			"to": [7.00735, 23.8533, 10.5],
			"rotation": {"angle": -22.5, "axis": "z", "origin": [8, 21.88579, 8]},
			"faces": {
				"north": {"uv": [8.25, 8.75, 7.5, 10], "texture": "#2"},
				"east": {"uv": [9.5, 7.5, 8.25, 8.75], "texture": "#2"},
				"south": {"uv": [2.5, 8, 1.75, 9.25], "texture": "#2"},
				"west": {"uv": [9.25, 3.75, 8, 5], "texture": "#2"},
				"up": {"uv": [9.5, 8.75, 8.25, 9.5], "rotation": 90, "texture": "#2"},
				"down": {"uv": [1.25, 9.75, 0, 9], "rotation": 270, "texture": "#2"}
			}
		},
		{
			"from": [11.7448, 14.9, 9.93414],
			"to": [14.7448, 16.9, 12.93414],
			"rotation": {"angle": 45, "axis": "y", "origin": [13.2448, 6.7, 13.2448]},
			"faces": {
				"north": {"uv": [10, 4.25, 10.75, 4.75], "texture": "#2"},
				"east": {"uv": [10, 3.75, 10.75, 4.25], "texture": "#2"},
				"south": {"uv": [9.25, 5.25, 10, 5.75], "texture": "#2"},
				"west": {"uv": [10, 4.75, 10.75, 5.25], "texture": "#2"},
				"up": {"uv": [10, 5.25, 9.25, 4.5], "texture": "#2"},
				"down": {"uv": [10, 4.5, 9.25, 3.75], "texture": "#2"}
			}
		},
		{
			"from": [11.7448, 7.9, 10.93414],
			"to": [14.7448, 9.9, 13.93414],
			"rotation": {"angle": 45, "axis": "y", "origin": [13.2448, 6.7, 13.2448]},
			"faces": {
				"north": {"uv": [10, 4.25, 10.75, 4.75], "texture": "#2"},
				"east": {"uv": [10, 3.75, 10.75, 4.25], "texture": "#2"},
				"south": {"uv": [9.25, 5.25, 10, 5.75], "texture": "#2"},
				"west": {"uv": [10, 4.75, 10.75, 5.25], "texture": "#2"},
				"up": {"uv": [10, 5.25, 9.25, 4.5], "texture": "#2"},
				"down": {"uv": [10, 4.5, 9.25, 3.75], "texture": "#2"}
			}
		},
		{
			"from": [10.2448, 2, 11.55546],
			"to": [16.2448, 5, 15.55546],
			"rotation": {"angle": 45, "axis": "y", "origin": [13.2448, 6.7, 13.2448]},
			"faces": {
				"north": {"uv": [0, 0, 1, 0.5], "texture": "#2"},
				"east": {"uv": [9.25, 2.75, 10.25, 3.5], "texture": "#2"},
				"south": {"uv": [10.25, 0, 11.75, 0.75], "texture": "#2"},
				"west": {"uv": [10.25, 2.75, 9.25, 3.5], "texture": "#2"},
				"up": {"uv": [10.75, 2.75, 9.25, 1.75], "texture": "#2"},
				"down": {"uv": [10.75, 1.75, 9.25, 0.75], "texture": "#2"}
			}
		},
		{
			"from": [10.2448, -3, 13.55546],
			"to": [16.2448, 0, 17.55546],
			"rotation": {"angle": 45, "axis": "y", "origin": [13.2448, 6.7, 13.2448]},
			"faces": {
				"north": {"uv": [0, 0, 1, 0.5], "texture": "#2"},
				"east": {"uv": [9.25, 2.75, 10.25, 3.5], "texture": "#2"},
				"south": {"uv": [10.25, 0, 11.75, 0.75], "texture": "#2"},
				"west": {"uv": [10.25, 2.75, 9.25, 3.5], "texture": "#2"},
				"up": {"uv": [10.75, 2.75, 9.25, 1.75], "texture": "#2"},
				"down": {"uv": [10.75, 1.75, 9.25, 0.75], "texture": "#2"}
			}
		},
		{
			"from": [14, 14.9, 4],
			"to": [17, 16.9, 7],
			"rotation": {"angle": -45, "axis": "y", "origin": [15.5, 10.5, 0.5]},
			"faces": {
				"north": {"uv": [10, 5.25, 9.25, 5.75], "texture": "#2"},
				"east": {"uv": [10.75, 3.75, 10, 4.25], "texture": "#2"},
				"south": {"uv": [10.75, 4.25, 10, 4.75], "texture": "#2"},
				"west": {"uv": [10.75, 4.75, 10, 5.25], "texture": "#2"},
				"up": {"uv": [10, 4.5, 9.25, 5.25], "texture": "#2"},
				"down": {"uv": [10, 3.75, 9.25, 4.5], "texture": "#2"}
			}
		},
		{
			"from": [14, 7.9, 3],
			"to": [17, 9.9, 6],
			"rotation": {"angle": -45, "axis": "y", "origin": [15.5, 10.5, 0.5]},
			"faces": {
				"north": {"uv": [10, 5.25, 9.25, 5.75], "texture": "#2"},
				"east": {"uv": [10.75, 3.75, 10, 4.25], "texture": "#2"},
				"south": {"uv": [10.75, 4.25, 10, 4.75], "texture": "#2"},
				"west": {"uv": [10.75, 4.75, 10, 5.25], "texture": "#2"},
				"up": {"uv": [10, 4.5, 9.25, 5.25], "texture": "#2"},
				"down": {"uv": [10, 3.75, 9.25, 4.5], "texture": "#2"}
			}
		},
		{
			"from": [14, 2, 2],
			"to": [20, 5, 6],
			"rotation": {"angle": -45, "axis": "y", "origin": [17, 3.5, -1]},
			"faces": {
				"north": {"uv": [11.75, 0, 10.25, 0.75], "texture": "#2"},
				"east": {"uv": [10.25, 2.75, 9.25, 3.5], "texture": "#2"},
				"south": {"uv": [1, 0, 0, 0.5], "texture": "#2"},
				"west": {"uv": [9.25, 2.75, 10.25, 3.5], "texture": "#2"},
				"up": {"uv": [10.75, 1.75, 9.25, 2.75], "texture": "#2"},
				"down": {"uv": [10.75, 0.75, 9.25, 1.75], "texture": "#2"}
			}
		},
		{
			"from": [14, -3, 0],
			"to": [20, 0, 4],
			"rotation": {"angle": -45, "axis": "y", "origin": [17, 3.5, -1]},
			"faces": {
				"north": {"uv": [11.75, 0, 10.25, 0.75], "texture": "#2"},
				"east": {"uv": [10.25, 2.75, 9.25, 3.5], "texture": "#2"},
				"south": {"uv": [1, 0, 0, 0.5], "texture": "#2"},
				"west": {"uv": [9.25, 2.75, 10.25, 3.5], "texture": "#2"},
				"up": {"uv": [10.75, 1.75, 9.25, 2.75], "texture": "#2"},
				"down": {"uv": [10.75, 0.75, 9.25, 1.75], "texture": "#2"}
			}
		},
		{
			"from": [-1, 14.9, 4],
			"to": [2, 16.9, 7],
			"rotation": {"angle": 45, "axis": "y", "origin": [0.5, 10.5, 0.5]},
			"faces": {
				"north": {"uv": [9.25, 5.25, 10, 5.75], "texture": "#2"},
				"east": {"uv": [10, 4.75, 10.75, 5.25], "texture": "#2"},
				"south": {"uv": [10, 4.25, 10.75, 4.75], "texture": "#2"},
				"west": {"uv": [10, 3.75, 10.75, 4.25], "texture": "#2"},
				"up": {"uv": [9.25, 4.5, 10, 5.25], "texture": "#2"},
				"down": {"uv": [9.25, 3.75, 10, 4.5], "texture": "#2"}
			}
		},
		{
			"from": [-1, 7.9, 3],
			"to": [2, 9.9, 6],
			"rotation": {"angle": 45, "axis": "y", "origin": [0.5, 10.5, 0.5]},
			"faces": {
				"north": {"uv": [9.25, 5.25, 10, 5.75], "texture": "#2"},
				"east": {"uv": [10, 4.75, 10.75, 5.25], "texture": "#2"},
				"south": {"uv": [10, 4.25, 10.75, 4.75], "texture": "#2"},
				"west": {"uv": [10, 3.75, 10.75, 4.25], "texture": "#2"},
				"up": {"uv": [9.25, 4.5, 10, 5.25], "texture": "#2"},
				"down": {"uv": [9.25, 3.75, 10, 4.5], "texture": "#2"}
			}
		},
		{
			"from": [-4, 2, 2],
			"to": [2, 5, 6],
			"rotation": {"angle": 45, "axis": "y", "origin": [-1, 3.5, -1]},
			"faces": {
				"north": {"uv": [10.25, 0, 11.75, 0.75], "texture": "#2"},
				"east": {"uv": [10.25, 2.75, 9.25, 3.5], "texture": "#2"},
				"south": {"uv": [0, 0, 1, 0.5], "texture": "#2"},
				"west": {"uv": [9.25, 2.75, 10.25, 3.5], "texture": "#2"},
				"up": {"uv": [9.25, 1.75, 10.75, 2.75], "texture": "#2"},
				"down": {"uv": [9.25, 0.75, 10.75, 1.75], "texture": "#2"}
			}
		},
		{
			"from": [-4, -3, 0],
			"to": [2, 0, 4],
			"rotation": {"angle": 45, "axis": "y", "origin": [-1, 3.5, -1]},
			"faces": {
				"north": {"uv": [10.25, 0, 11.75, 0.75], "texture": "#2"},
				"east": {"uv": [10.25, 2.75, 9.25, 3.5], "texture": "#2"},
				"south": {"uv": [0, 0, 1, 0.5], "texture": "#2"},
				"west": {"uv": [9.25, 2.75, 10.25, 3.5], "texture": "#2"},
				"up": {"uv": [9.25, 1.75, 10.75, 2.75], "texture": "#2"},
				"down": {"uv": [9.25, 0.75, 10.75, 1.75], "texture": "#2"}
			}
		},
		{
			"from": [-0.2448, -3, 13.55546],
			"to": [5.7552, 0, 17.55546],
			"rotation": {"angle": -45, "axis": "y", "origin": [2.7552, 6.7, 13.2448]},
			"faces": {
				"north": {"uv": [1, 0, 0, 0.5], "texture": "#2"},
				"east": {"uv": [9.25, 2.75, 10.25, 3.5], "texture": "#2"},
				"south": {"uv": [11.75, 0, 10.25, 0.75], "texture": "#2"},
				"west": {"uv": [10.25, 2.75, 9.25, 3.5], "texture": "#2"},
				"up": {"uv": [9.25, 2.75, 10.75, 1.75], "texture": "#2"},
				"down": {"uv": [9.25, 1.75, 10.75, 0.75], "texture": "#2"}
			}
		},
		{
			"from": [-0.2448, 2, 11.55546],
			"to": [5.7552, 5, 15.55546],
			"rotation": {"angle": -45, "axis": "y", "origin": [2.7552, 6.7, 13.2448]},
			"faces": {
				"north": {"uv": [1, 0, 0, 0.5], "texture": "#2"},
				"east": {"uv": [9.25, 2.75, 10.25, 3.5], "texture": "#2"},
				"south": {"uv": [11.75, 0, 10.25, 0.75], "texture": "#2"},
				"west": {"uv": [10.25, 2.75, 9.25, 3.5], "texture": "#2"},
				"up": {"uv": [9.25, 2.75, 10.75, 1.75], "texture": "#2"},
				"down": {"uv": [9.25, 1.75, 10.75, 0.75], "texture": "#2"}
			}
		},
		{
			"from": [1.2552, 7.9, 10.93414],
			"to": [4.2552, 9.9, 13.93414],
			"rotation": {"angle": -45, "axis": "y", "origin": [2.7552, 6.7, 13.2448]},
			"faces": {
				"north": {"uv": [10.75, 4.25, 10, 4.75], "texture": "#2"},
				"east": {"uv": [10.75, 4.75, 10, 5.25], "texture": "#2"},
				"south": {"uv": [10, 5.25, 9.25, 5.75], "texture": "#2"},
				"west": {"uv": [10.75, 3.75, 10, 4.25], "texture": "#2"},
				"up": {"uv": [9.25, 5.25, 10, 4.5], "texture": "#2"},
				"down": {"uv": [9.25, 4.5, 10, 3.75], "texture": "#2"}
			}
		},
		{
			"from": [1.2552, 14.9, 9.93414],
			"to": [4.2552, 16.9, 12.93414],
			"rotation": {"angle": -45, "axis": "y", "origin": [2.7552, 6.7, 13.2448]},
			"faces": {
				"north": {"uv": [10.75, 4.25, 10, 4.75], "texture": "#2"},
				"east": {"uv": [10.75, 4.75, 10, 5.25], "texture": "#2"},
				"south": {"uv": [10, 5.25, 9.25, 5.75], "texture": "#2"},
				"west": {"uv": [10.75, 3.75, 10, 4.25], "texture": "#2"},
				"up": {"uv": [9.25, 5.25, 10, 4.5], "texture": "#2"},
				"down": {"uv": [9.25, 4.5, 10, 3.75], "texture": "#2"}
			}
		},
		{
			"from": [8, 24.5, 4.5],
			"to": [8, 31.5, 11.5],
			"rotation": {"angle": 0, "axis": "y", "origin": [8, 28, 8]},
			"faces": {
				"north": {"uv": [0, 0, 0, 7], "texture": "#3"},
				"east": {"uv": [0, 0, 7, 7], "texture": "#3"},
				"south": {"uv": [0, 0, 0, 7], "texture": "#3"},
				"west": {"uv": [0, 0, 7, 7], "texture": "#3"},
				"up": {"uv": [7, 0, 0, 0], "rotation": 270, "texture": "#3"},
				"down": {"uv": [7, 0, 0, 0], "rotation": 90, "texture": "#3"}
			}
		},
		{
			"from": [4.5, 24.5, 8],
			"to": [11.5, 31.5, 8],
			"rotation": {"angle": 0, "axis": "y", "origin": [8, 28, 8]},
			"faces": {
				"north": {"uv": [0, 0, 7, 7], "texture": "#3"},
				"east": {"uv": [0, 0, 0, 7], "texture": "#3"},
				"south": {"uv": [0, 0, 7, 7], "texture": "#3"},
				"west": {"uv": [0, 0, 0, 7], "texture": "#3"},
				"up": {"uv": [0, 0, 7, 0], "texture": "#3"},
				"down": {"uv": [0, 0, 7, 0], "texture": "#3"}
			}
		},
		{
			"from": [15, -6, 13],
			"to": [17, -4, 15],
			"rotation": {"angle": 45, "axis": "z", "origin": [16, -5, 14]},
			"faces": {
				"north": {"uv": [9, 0, 11, 2], "texture": "#3"},
				"east": {"uv": [9, 2, 11, 4], "texture": "#3"},
				"south": {"uv": [9, 4, 11, 6], "texture": "#3"},
				"west": {"uv": [9, 6, 11, 8], "texture": "#3"},
				"up": {"uv": [9, 13, 7, 11], "texture": "#3"},
				"down": {"uv": [11, 11, 9, 13], "texture": "#3"}
			}
		},
		{
			"from": [8, 13, 14],
			"to": [10, 15, 16],
			"rotation": {"angle": 45, "axis": "z", "origin": [9, 14, 15]},
			"faces": {
				"north": {"uv": [9, 0, 11, 2], "texture": "#3"},
				"east": {"uv": [9, 2, 11, 4], "texture": "#3"},
				"south": {"uv": [9, 4, 11, 6], "texture": "#3"},
				"west": {"uv": [9, 6, 11, 8], "texture": "#3"},
				"up": {"uv": [9, 13, 7, 11], "texture": "#3"},
				"down": {"uv": [11, 11, 9, 13], "texture": "#3"}
			}
		},
		{
			"from": [-4, 10.24264, 9.92893],
			"to": [-2, 12.24264, 11.92893],
			"rotation": {"angle": 45, "axis": "x", "origin": [-3, 9.24264, 2.92893]},
			"faces": {
				"north": {"uv": [9, 2, 11, 4], "texture": "#3"},
				"east": {"uv": [9, 4, 11, 6], "texture": "#3"},
				"south": {"uv": [9, 6, 11, 8], "texture": "#3"},
				"west": {"uv": [9, 0, 11, 2], "texture": "#3"},
				"up": {"uv": [9, 13, 7, 11], "rotation": 270, "texture": "#3"},
				"down": {"uv": [11, 11, 9, 13], "rotation": 90, "texture": "#3"}
			}
		},
		{
			"from": [9.92893, 7.24264, -3],
			"to": [11.92893, 9.24264, -1],
			"rotation": {"angle": -45, "axis": "z", "origin": [2.92893, 6.24264, 7]},
			"faces": {
				"north": {"uv": [9, 4, 11, 6], "texture": "#3"},
				"east": {"uv": [9, 6, 11, 8], "texture": "#3"},
				"south": {"uv": [9, 0, 11, 2], "texture": "#3"},
				"west": {"uv": [9, 2, 11, 4], "texture": "#3"},
				"up": {"uv": [9, 13, 7, 11], "rotation": 180, "texture": "#3"},
				"down": {"uv": [11, 11, 9, 13], "rotation": 180, "texture": "#3"}
			}
		},
		{
			"from": [13, 6, 13],
			"to": [15, 8, 15],
			"rotation": {"angle": 45, "axis": "z", "origin": [14, 7, 14]},
			"faces": {
				"north": {"uv": [11, 11, 13, 13], "texture": "#3"},
				"east": {"uv": [11, 0, 13, 2], "texture": "#3"},
				"south": {"uv": [11, 2, 13, 4], "texture": "#3"},
				"west": {"uv": [11, 4, 13, 6], "texture": "#3"},
				"up": {"uv": [13, 8, 11, 6], "texture": "#3"},
				"down": {"uv": [13, 8, 11, 10], "texture": "#3"}
			}
		},
		{
			"from": [2, 17.44365, 17.55635],
			"to": [4, 19.44365, 19.55635],
			"rotation": {"angle": -45, "axis": "x", "origin": [3, -3.55635, 18.55635]},
			"faces": {
				"north": {"uv": [11, 4, 13, 6], "texture": "#3"},
				"east": {"uv": [11, 11, 13, 13], "texture": "#3"},
				"south": {"uv": [11, 0, 13, 2], "texture": "#3"},
				"west": {"uv": [11, 2, 13, 4], "texture": "#3"},
				"up": {"uv": [13, 8, 11, 6], "rotation": 90, "texture": "#3"},
				"down": {"uv": [13, 8, 11, 10], "rotation": 270, "texture": "#3"}
			}
		},
		{
			"from": [15, 17.44365, 14.55635],
			"to": [17, 19.44365, 16.55635],
			"rotation": {"angle": -45, "axis": "x", "origin": [13, -3.55635, 18.55635]},
			"faces": {
				"north": {"uv": [13, 4, 11, 6], "texture": "#3"},
				"east": {"uv": [13, 2, 11, 4], "texture": "#3"},
				"south": {"uv": [13, 0, 11, 2], "texture": "#3"},
				"west": {"uv": [13, 11, 11, 13], "texture": "#3"},
				"up": {"uv": [13, 6, 11, 8], "rotation": 90, "texture": "#3"},
				"down": {"uv": [13, 10, 11, 8], "rotation": 270, "texture": "#3"}
			}
		},
		{
			"from": [2, 18, 11],
			"to": [4, 20, 13],
			"rotation": {"angle": 45, "axis": "x", "origin": [3, 19, 12]},
			"faces": {
				"north": {"uv": [7, 7, 9, 9], "texture": "#3"},
				"east": {"uv": [7, 0, 9, 2], "texture": "#3"},
				"south": {"uv": [7, 2, 9, 4], "texture": "#3"},
				"west": {"uv": [7, 4, 9, 6], "texture": "#3"},
				"up": {"uv": [9, 11, 7, 9], "texture": "#3"},
				"down": {"uv": [11, 9, 9, 11], "texture": "#3"}
			}
		},
		{
			"from": [-15.29289, 1.92031, -3],
			"to": [-13.29289, 3.92031, -1],
			"rotation": {"angle": 45, "axis": "z", "origin": [1.70711, 17.92031, 18]},
			"faces": {
				"north": {"uv": [7, 4, 9, 6], "texture": "#3"},
				"east": {"uv": [7, 7, 9, 9], "texture": "#3"},
				"south": {"uv": [7, 0, 9, 2], "texture": "#3"},
				"west": {"uv": [7, 2, 9, 4], "texture": "#3"},
				"up": {"uv": [9, 11, 7, 9], "rotation": 90, "texture": "#3"},
				"down": {"uv": [11, 9, 9, 11], "rotation": 270, "texture": "#3"}
			}
		},
		{
			"from": [-7.29289, 25.92031, 1],
			"to": [-5.29289, 27.92031, 3],
			"rotation": {"angle": 45, "axis": "z", "origin": [9.70711, 41.92031, 22]},
			"faces": {
				"north": {"uv": [7, 4, 9, 6], "texture": "#3"},
				"east": {"uv": [7, 7, 9, 9], "texture": "#3"},
				"south": {"uv": [7, 0, 9, 2], "texture": "#3"},
				"west": {"uv": [7, 2, 9, 4], "texture": "#3"},
				"up": {"uv": [9, 11, 7, 9], "rotation": 90, "texture": "#3"},
				"down": {"uv": [11, 9, 9, 11], "rotation": 270, "texture": "#3"}
			}
		},
		{
			"from": [18, 8.92031, -10.29289],
			"to": [20, 10.92031, -8.29289],
			"rotation": {"angle": -45, "axis": "x", "origin": [-1, 24.92031, 6.70711]},
			"faces": {
				"north": {"uv": [7, 2, 9, 4], "texture": "#3"},
				"east": {"uv": [7, 4, 9, 6], "texture": "#3"},
				"south": {"uv": [7, 7, 9, 9], "texture": "#3"},
				"west": {"uv": [7, 0, 9, 2], "texture": "#3"},
				"up": {"uv": [9, 11, 7, 9], "rotation": 180, "texture": "#3"},
				"down": {"uv": [11, 9, 9, 11], "rotation": 180, "texture": "#3"}
			}
		},
		{
			"from": [4.87868, 2.29289, 18],
			"to": [6.87868, 4.29289, 20],
			"rotation": {"angle": -45, "axis": "z", "origin": [3.87868, 2.29289, 19]},
			"faces": {
				"north": {"uv": [7, 0, 9, 2], "texture": "#3"},
				"east": {"uv": [7, 2, 9, 4], "texture": "#3"},
				"south": {"uv": [7, 4, 9, 6], "texture": "#3"},
				"west": {"uv": [7, 7, 9, 9], "texture": "#3"},
				"up": {"uv": [9, 11, 7, 9], "rotation": 270, "texture": "#3"},
				"down": {"uv": [11, 9, 9, 11], "rotation": 90, "texture": "#3"}
			}
		},
		{
			"from": [1.84314, 6, -2.33125],
			"to": [9.84314, 10, -2.33125],
			"rotation": {"angle": 0, "axis": "y", "origin": [0.07331, 2.2, 8.10823]},
			"faces": {
				"north": {"uv": [0, 16, 4, 8], "rotation": 90, "texture": "#3"},
				"east": {"uv": [0, 0, 0, 1], "texture": "#3"},
				"south": {"uv": [0, 8, 4, 16], "rotation": 90, "texture": "#3"},
				"west": {"uv": [0, 0, 0, 1], "texture": "#3"},
				"up": {"uv": [8, 0, 0, 0], "rotation": 180, "texture": "#3"},
				"down": {"uv": [8, 0, 0, 0], "rotation": 180, "texture": "#3"}
			}
		},
		{
			"from": [9.84314, 6, -2.33125],
			"to": [13.84314, 10, -2.33125],
			"rotation": {"angle": 0, "axis": "y", "origin": [0.07331, 2.2, 8.10823]},
			"faces": {
				"north": {"uv": [0, 16, 4, 12], "rotation": 90, "texture": "#3"},
				"east": {"uv": [0, 0, 0, 1], "texture": "#3"},
				"south": {"uv": [0, 12, 4, 16], "rotation": 90, "texture": "#3"},
				"west": {"uv": [0, 0, 0, 1], "texture": "#3"},
				"up": {"uv": [8, 0, 0, 0], "rotation": 180, "texture": "#3"},
				"down": {"uv": [8, 0, 0, 0], "rotation": 180, "texture": "#3"}
			}
		},
		{
			"from": [13.25735, 6, -0.91703],
			"to": [17.25735, 10, -0.91703],
			"rotation": {"angle": -45, "axis": "y", "origin": [15.25735, 8, -0.91703]},
			"faces": {
				"north": {"uv": [0, 12, 4, 8], "rotation": 90, "texture": "#3"},
				"east": {"uv": [0, 0, 0, 1], "texture": "#3"},
				"south": {"uv": [0, 8, 4, 12], "rotation": 90, "texture": "#3"},
				"west": {"uv": [0, 0, 0, 1], "texture": "#3"},
				"up": {"uv": [8, 0, 0, 0], "rotation": 180, "texture": "#3"},
				"down": {"uv": [8, 0, 0, 0], "rotation": 180, "texture": "#3"}
			}
		},
		{
			"from": [-6.05705, 3, -0.52505],
			"to": [-6.05705, 7, 8.47495],
			"rotation": {"angle": -45, "axis": "y", "origin": [0.07331, 2.2, 8.10823]},
			"faces": {
				"north": {"uv": [0, 0, 0, 1], "texture": "#3"},
				"east": {"uv": [0, 7, 4, 16], "rotation": 90, "texture": "#3"},
				"south": {"uv": [0, 0, 0, 1], "texture": "#3"},
				"west": {"uv": [0, 16, 4, 7], "rotation": 90, "texture": "#3"},
				"up": {"uv": [8, 0, 0, 0], "rotation": 90, "texture": "#3"},
				"down": {"uv": [8, 0, 0, 0], "rotation": 270, "texture": "#3"}
			}
		},
		{
			"from": [-4.52082, 0, 4.03272],
			"to": [-4.52082, 4, 13.03272],
			"rotation": {"angle": 0, "axis": "y", "origin": [0.07331, 2.2, 8.10823]},
			"faces": {
				"north": {"uv": [0, 0, 0, 1], "texture": "#3"},
				"east": {"uv": [0, 7, 4, 16], "rotation": 90, "texture": "#3"},
				"south": {"uv": [0, 0, 0, 1], "texture": "#3"},
				"west": {"uv": [0, 16, 4, 7], "rotation": 90, "texture": "#3"},
				"up": {"uv": [8, 0, 0, 0], "rotation": 90, "texture": "#3"},
				"down": {"uv": [8, 0, 0, 0], "rotation": 270, "texture": "#3"}
			}
		},
		{
			"from": [0.3062, -3, 14.83862],
			"to": [7.3062, 1, 14.83862],
			"rotation": {"angle": -45, "axis": "y", "origin": [0.07331, 2.2, 8.10823]},
			"faces": {
				"north": {"uv": [0, 7, 4, 14], "rotation": 90, "texture": "#3"},
				"east": {"uv": [0, 0, 0, 1], "texture": "#3"},
				"south": {"uv": [0, 14, 4, 7], "rotation": 90, "texture": "#3"},
				"west": {"uv": [0, 0, 0, 1], "texture": "#3"},
				"up": {"uv": [0, 0, 8, 0], "rotation": 180, "texture": "#3"},
				"down": {"uv": [0, 0, 8, 0], "rotation": 180, "texture": "#3"}
			}
		},
		{
			"from": [5.3938, -2, 23.03862],
			"to": [10.3938, 2, 23.03862],
			"rotation": {"angle": -22.5, "axis": "y", "origin": [15.92669, 2.2, 8.10823]},
			"faces": {
				"north": {"uv": [0, 12, 4, 7], "rotation": 90, "texture": "#3"},
				"east": {"uv": [0, 0, 0, 1], "texture": "#3"},
				"south": {"uv": [0, 7, 4, 12], "rotation": 90, "texture": "#3"},
				"west": {"uv": [0, 0, 0, 1], "texture": "#3"},
				"up": {"uv": [8, 0, 0, 0], "rotation": 180, "texture": "#3"},
				"down": {"uv": [8, 0, 0, 0], "rotation": 180, "texture": "#3"}
			}
		},
		{
			"from": [18.66412, 1, 6.53547],
			"to": [18.66412, 5, 14.53547],
			"rotation": {"angle": 0, "axis": "x", "origin": [18.66412, 0, 9.53547]},
			"faces": {
				"north": {"uv": [0, 0, 0, 1], "rotation": 180, "texture": "#3"},
				"east": {"uv": [0, 16, 4, 8], "rotation": 270, "texture": "#3"},
				"south": {"uv": [0, 0, 0, 1], "rotation": 180, "texture": "#3"},
				"west": {"uv": [0, 8, 4, 16], "rotation": 270, "texture": "#3"},
				"up": {"uv": [8, 0, 0, 0], "rotation": 90, "texture": "#3"},
				"down": {"uv": [8, 0, 0, 0], "rotation": 270, "texture": "#3"}
			}
		},
		{
			"from": [24.21975, 2, 13.52298],
			"to": [24.21975, 6, 19.52298],
			"rotation": {"angle": -45, "axis": "y", "origin": [20.21975, 9.3, 7.32298]},
			"faces": {
				"north": {"uv": [0, 0, 0, 1], "texture": "#3"},
				"east": {"uv": [0, 13, 4, 7], "rotation": 90, "texture": "#3"},
				"south": {"uv": [0, 0, 0, 1], "texture": "#3"},
				"west": {"uv": [0, 7, 4, 13], "rotation": 90, "texture": "#3"},
				"up": {"uv": [0, 0, 8, 0], "rotation": 90, "texture": "#3"},
				"down": {"uv": [0, 0, 8, 0], "rotation": 270, "texture": "#3"}
			}
		},
		{
			"from": [5.42218, 5, 18.77782],
			"to": [14.42218, 9, 18.77782],
			"rotation": {"angle": 0, "axis": "y", "origin": [6.42218, 12, 17.67782]},
			"faces": {
				"north": {"uv": [0, 7, 4, 16], "rotation": 90, "texture": "#3"},
				"east": {"uv": [0, 0, 0, 1], "texture": "#3"},
				"south": {"uv": [0, 16, 4, 7], "rotation": 90, "texture": "#3"},
				"west": {"uv": [0, 0, 0, 1], "texture": "#3"},
				"up": {"uv": [8, 0, 0, 0], "texture": "#3"},
				"down": {"uv": [8, 0, 0, 0], "texture": "#3"}
			}
		},
		{
			"from": [12.153, 20, 12.88873],
			"to": [16.153, 24, 12.88873],
			"rotation": {"angle": 45, "axis": "y", "origin": [11.653, 24, 12.88873]},
			"faces": {
				"north": {"uv": [0, 12, 4, 16], "rotation": 90, "texture": "#3"},
				"east": {"uv": [0, 0, 0, 1], "texture": "#3"},
				"south": {"uv": [0, 16, 4, 12], "rotation": 90, "texture": "#3"},
				"west": {"uv": [0, 0, 0, 1], "texture": "#3"},
				"up": {"uv": [8, 0, 0, 0], "texture": "#3"},
				"down": {"uv": [8, 0, 0, 0], "texture": "#3"}
			}
		},
		{
			"from": [-2.8, 8, 19.1],
			"to": [6.2, 12, 19.1],
			"rotation": {"angle": -45, "axis": "y", "origin": [6.2, 16, 18]},
			"faces": {
				"north": {"uv": [0, 7, 4, 16], "rotation": 90, "texture": "#3"},
				"east": {"uv": [0, 0, 0, 1], "texture": "#3"},
				"south": {"uv": [0, 16, 4, 7], "rotation": 90, "texture": "#3"},
				"west": {"uv": [0, 0, 0, 1], "texture": "#3"},
				"up": {"uv": [8, 0, 0, 0], "texture": "#3"},
				"down": {"uv": [8, 0, 0, 0], "texture": "#3"}
			}
		},
		{
			"from": [-0.94178, 11, 4.41386],
			"to": [-0.94178, 15, 12.41386],
			"rotation": {"angle": 0, "axis": "y", "origin": [5.15822, 17, 17.91386]},
			"faces": {
				"north": {"uv": [0, 0, 0, 1], "texture": "#3"},
				"east": {"uv": [0, 8, 4, 16], "rotation": 90, "texture": "#3"},
				"south": {"uv": [0, 0, 0, 1], "texture": "#3"},
				"west": {"uv": [0, 16, 4, 8], "rotation": 90, "texture": "#3"},
				"up": {"uv": [8, 0, 0, 0], "rotation": 90, "texture": "#3"},
				"down": {"uv": [8, 0, 0, 0], "rotation": 270, "texture": "#3"}
			}
		},
		{
			"from": [-5.03265, 12, -4.1099],
			"to": [-5.03265, 16, 1.8901],
			"rotation": {"angle": -45, "axis": "y", "origin": [-6.03265, 11.3, 8.0901]},
			"faces": {
				"north": {"uv": [0, 0, 0, 1], "texture": "#3"},
				"east": {"uv": [0, 7, 4, 13], "rotation": 90, "texture": "#3"},
				"south": {"uv": [0, 0, 0, 1], "texture": "#3"},
				"west": {"uv": [0, 13, 4, 7], "rotation": 90, "texture": "#3"},
				"up": {"uv": [8, 0, 0, 0], "rotation": 90, "texture": "#3"},
				"down": {"uv": [8, 0, 0, 0], "rotation": 270, "texture": "#3"}
			}
		},
		{
			"from": [3.30116, 15, 0.16951],
			"to": [11.30116, 19, 0.16951],
			"rotation": {"angle": 0, "axis": "y", "origin": [-1.69884, 15, 9.16951]},
			"faces": {
				"north": {"uv": [0, 16, 4, 8], "rotation": 90, "texture": "#3"},
				"east": {"uv": [0, 0, 0, 1], "texture": "#3"},
				"south": {"uv": [0, 8, 4, 16], "rotation": 90, "texture": "#3"},
				"west": {"uv": [0, 0, 0, 1], "texture": "#3"},
				"up": {"uv": [8, 0, 0, 0], "rotation": 180, "texture": "#3"},
				"down": {"uv": [8, 0, 0, 0], "rotation": 180, "texture": "#3"}
			}
		},
		{
			"from": [10.12958, 17, 2.99894],
			"to": [15.12958, 21, 2.99894],
			"rotation": {"angle": -45, "axis": "y", "origin": [14.12958, 21, 2.99894]},
			"faces": {
				"north": {"uv": [0, 16, 4, 11], "rotation": 90, "texture": "#3"},
				"east": {"uv": [0, 0, 0, 1], "texture": "#3"},
				"south": {"uv": [0, 11, 4, 16], "rotation": 90, "texture": "#3"},
				"west": {"uv": [0, 0, 0, 1], "texture": "#3"},
				"up": {"uv": [8, 0, 0, 0], "rotation": 180, "texture": "#3"},
				"down": {"uv": [8, 0, 0, 0], "rotation": 180, "texture": "#3"}
			}
		},
		{
			"from": [14.83498, 18, 3.70675],
			"to": [14.83498, 22, 9.70675],
			"rotation": {"angle": 0, "axis": "y", "origin": [14.83498, 25, 7.70675]},
			"faces": {
				"north": {"uv": [0, 0, 0, 1], "texture": "#3"},
				"east": {"uv": [0, 14, 4, 8], "rotation": 90, "texture": "#3"},
				"south": {"uv": [0, 0, 0, 1], "texture": "#3"},
				"west": {"uv": [0, 8, 4, 14], "rotation": 90, "texture": "#3"},
				"up": {"uv": [8, 0, 0, 0], "rotation": 270, "texture": "#3"},
				"down": {"uv": [8, 0, 0, 0], "rotation": 90, "texture": "#3"}
			}
		},
		{
			"from": [-2.75, 3, -1.75],
			"to": [1.25, 5, -0.25],
			"rotation": {"angle": 22.5, "axis": "y", "origin": [0.5, 0.5, -1]},
			"faces": {
				"north": {"uv": [0, 9.75, 1, 10.25], "texture": "#2"},
				"east": {"uv": [1, 9.75, 1.25, 10.25], "texture": "#2"},
				"south": {"uv": [1, 9.75, 0, 10.25], "texture": "#2"},
				"west": {"uv": [1, 9.75, 1.25, 10.25], "texture": "#2"},
				"up": {"uv": [1, 9.75, 0, 10], "texture": "#2"},
				"down": {"uv": [0, 10, 1, 10.25], "texture": "#2"}
			}
		},
		{
			"from": [5.25, 17, 16.25],
			"to": [9.25, 19, 17.75],
			"rotation": {"angle": 22.5, "axis": "y", "origin": [0.5, 0.5, -1]},
			"faces": {
				"north": {"uv": [0, 9.75, 1, 10.25], "texture": "#2"},
				"east": {"uv": [1, 9.75, 1.25, 10.25], "texture": "#2"},
				"south": {"uv": [1, 9.75, 0, 10.25], "texture": "#2"},
				"west": {"uv": [1, 9.75, 1.25, 10.25], "texture": "#2"},
				"up": {"uv": [1, 9.75, 0, 10], "texture": "#2"},
				"down": {"uv": [0, 10, 1, 10.25], "texture": "#2"}
			}
		},
		{
			"from": [-2.25, -2, -1.5],
			"to": [0.75, 3, -0.5],
			"rotation": {"angle": 22.5, "axis": "y", "origin": [0.5, 0.5, -1]},
			"faces": {
				"north": {"uv": [0, 10.25, 0.75, 11.5], "texture": "#2"},
				"east": {"uv": [0, 10.25, 0.25, 11.5], "texture": "#2"},
				"south": {"uv": [0.75, 10.25, 0, 11.5], "texture": "#2"},
				"west": {"uv": [0.5, 10.25, 0.75, 11.5], "texture": "#2"},
				"up": {"uv": [0, 0, 1, 3], "rotation": 270, "texture": "#2"},
				"down": {"uv": [0.75, 11.25, 0, 11.5], "texture": "#2"}
			}
		},
		{
			"from": [5.75, 12, 16.5],
			"to": [8.75, 17, 17.5],
			"rotation": {"angle": 22.5, "axis": "y", "origin": [0.5, 0.5, -1]},
			"faces": {
				"north": {"uv": [0, 10.25, 0.75, 11.5], "texture": "#2"},
				"east": {"uv": [0, 10.25, 0.25, 11.5], "texture": "#2"},
				"south": {"uv": [0.75, 10.25, 0, 11.5], "texture": "#2"},
				"west": {"uv": [0.5, 10.25, 0.75, 11.5], "texture": "#2"},
				"up": {"uv": [0, 0, 1, 3], "rotation": 270, "texture": "#2"},
				"down": {"uv": [0.75, 11.25, 0, 11.5], "texture": "#2"}
			}
		},
		{
			"from": [6.1724, 5, 17.89695],
			"to": [6.1724, 9, 19.89695],
			"rotation": {"angle": 22.5, "axis": "y", "origin": [-2.8276, 11.5, 26.89695]},
			"faces": {
				"north": {"uv": [0, 10.25, 0.25, 11.5], "texture": "#2"},
				"east": {"uv": [1.25, 10.25, 0.75, 11.25], "texture": "#2"},
				"south": {"uv": [0.5, 10.25, 0.75, 11.5], "texture": "#2"},
				"west": {"uv": [0.75, 10.25, 1.25, 11.25], "texture": "#2"},
				"up": {"uv": [0, 0, 1, 3], "rotation": 180, "texture": "#2"},
				"down": {"uv": [0.75, 11.25, 0, 11.5], "rotation": 90, "texture": "#2"}
			}
		},
		{
			"from": [21.1724, 13, 8.89695],
			"to": [21.1724, 17, 10.89695],
			"rotation": {"angle": 22.5, "axis": "y", "origin": [-2.8276, 11.5, 26.89695]},
			"faces": {
				"north": {"uv": [0, 10.25, 0.25, 11.5], "texture": "#2"},
				"east": {"uv": [1.25, 10.25, 0.75, 11.25], "texture": "#2"},
				"south": {"uv": [0.5, 10.25, 0.75, 11.5], "texture": "#2"},
				"west": {"uv": [0.75, 10.25, 1.25, 11.25], "texture": "#2"},
				"up": {"uv": [0, 0, 1, 3], "rotation": 180, "texture": "#2"},
				"down": {"uv": [0.75, 11.25, 0, 11.5], "rotation": 90, "texture": "#2"}
			}
		},
		{
			"from": [0.75, -2, -1.5],
			"to": [1.75, 1, -0.5],
			"rotation": {"angle": 22.5, "axis": "y", "origin": [0.5, 0.5, -1]},
			"faces": {
				"north": {"uv": [0, 10.75, 0.25, 11.5], "texture": "#2"},
				"east": {"uv": [0, 10.75, 0.25, 11.5], "texture": "#2"},
				"south": {"uv": [0.25, 10.75, 0, 11.5], "texture": "#2"},
				"west": {"uv": [0, 0, 1, 3], "texture": "#2"},
				"up": {"uv": [0, 10.25, 0.25, 10.5], "texture": "#2"},
				"down": {"uv": [0.25, 11.25, 0.5, 11.5], "texture": "#2"}
			}
		},
		{
			"from": [8.75, 12, 16.5],
			"to": [9.75, 15, 17.5],
			"rotation": {"angle": 22.5, "axis": "y", "origin": [0.5, 0.5, -1]},
			"faces": {
				"north": {"uv": [0, 10.75, 0.25, 11.5], "texture": "#2"},
				"east": {"uv": [0, 10.75, 0.25, 11.5], "texture": "#2"},
				"south": {"uv": [0.25, 10.75, 0, 11.5], "texture": "#2"},
				"west": {"uv": [0, 0, 1, 3], "texture": "#2"},
				"up": {"uv": [0, 10.25, 0.25, 10.5], "texture": "#2"},
				"down": {"uv": [0.25, 11.25, 0.5, 11.5], "rotation": 90, "texture": "#2"}
			}
		}
	],
	"gui_light": "front",
	"display": {
		"thirdperson_righthand": {
			"rotation": [64, 0, 0],
			"translation": [3.5, 8, 10.25],
			"scale": [0.7, 0.7, 0.7]
		},
		"thirdperson_lefthand": {
			"rotation": [64, 0, 0],
			"translation": [3.5, 8, 10.25],
			"scale": [0.7, 0.7, 0.7]
		},
		"firstperson_righthand": {
			"translation": [16, 0, -14.25],
			"scale": [0.7, 0.7, 0.7]
		},
		"firstperson_lefthand": {
			"translation": [16, 0, -14.25],
			"scale": [0.7, 0.7, 0.7]
		},
		"ground": {
			"translation": [0, 14.5, 0],
			"scale": [0.7, 0.7, 0.7]
		},
		"gui": {
			"rotation": [16, 50, 0],
			"translation": [0, -0.25, 0],
			"scale": [0.35, 0.35, 0.35]
		},
		"head": {
			"translation": [0, -3.25, 0],
			"scale": [2, 2, 2]
		},
		"fixed": {
			"rotation": [-90, 0, 0],
			"translation": [0, 0, -80],
			"scale": [4, 4, 4]
		}
	},
	"groups": [
		0,
		{
			"name": "group",
			"origin": [8, 18.88579, 8],
			"color": 0,
			"children": []
		},
		{
			"name": "group",
			"origin": [8, 18.88579, 8],
			"color": 0,
			"children": [
				1,
				2,
				3,
				4,
				5,
				6,
				7,
				8,
				9,
				10,
				11,
				12,
				13,
				14,
				15,
				16,
				17,
				18,
				19,
				20,
				21,
				22,
				23,
				24,
				25,
				26,
				27,
				28,
				29,
				30,
				31,
				32,
				33,
				34,
				35,
				36,
				37,
				38,
				39,
				40,
				{
					"name": "group",
					"origin": [2.7552, 3.7, 13.2448],
					"color": 0,
					"children": [41, 42, 43, 44, 45, 46, 47, 48, 49, 50, 51, 52, 53, 54, 55, 56]
				}
			]
		},
		57,
		58,
		59,
		60,
		61,
		62,
		63,
		64,
		65,
		66,
		67,
		68,
		69,
		70,
		{
			"name": "group",
			"origin": [-1.69884, 12, 9.16951],
			"color": 0,
			"children": [
				{
					"name": "group",
					"origin": [18.66412, -3, 9.53547],
					"color": 0,
					"children": [71, 72, 73, 74, 75, 76, 77]
				},
				78,
				79,
				80,
				81,
				82,
				83,
				84,
				85,
				86,
				87
			]
		},
		88,
		89,
		90,
		91,
		92,
		93,
		94,
		95
	]
}