{
	"credit": "Made with Blockbench",
	"texture_size": [32, 32],
	"textures": {
		"1": "custom/367"
	},
	"elements": [
		{
			"from": [9.48077, 11.67123, -0.38423],
			"to": [11.48077, 12.17123, 0.61577],
			"rotation": {"angle": 0, "axis": "y", "origin": [3.98077, 4.17123, 0.11577]},
			"faces": {
				"north": {"uv": [5, 3, 6, 3.5], "texture": "#1"},
				"east": {"uv": [5.5, 12, 6, 12.5], "texture": "#1"},
				"south": {"uv": [5, 3.5, 6, 4], "texture": "#1"},
				"west": {"uv": [13.5, 12, 14, 12.5], "texture": "#1"},
				"up": {"uv": [12, 4, 11, 3.5], "texture": "#1"},
				"down": {"uv": [14.5, 7, 13.5, 7.5], "texture": "#1"}
			}
		},
		{
			"from": [8.48077, 9.17123, -0.38423],
			"to": [11.48077, 11.67123, 0.61577],
			"rotation": {"angle": 0, "axis": "y", "origin": [3.98077, 4.17123, 0.11577]},
			"faces": {
				"north": {"uv": [11, 8, 12.5, 9.5], "texture": "#1"},
				"east": {"uv": [5, 0, 5.5, 1.5], "texture": "#1"},
				"south": {"uv": [11.5, 0, 13, 1.5], "texture": "#1"},
				"west": {"uv": [5, 1.5, 5.5, 3], "texture": "#1"},
				"up": {"uv": [12.5, 10, 11, 9.5], "texture": "#1"},
				"down": {"uv": [13, 1.5, 11.5, 2], "texture": "#1"}
			}
		},
		{
			"from": [9.98077, 8.67123, 0.11577],
			"to": [14.98077, 10.17123, 0.12077],
			"rotation": {"angle": -45, "axis": "z", "origin": [9.98077, 10.42123, 0.11577]},
			"faces": {
				"north": {"uv": [9.5, 4, 12, 5], "texture": "#1"},
				"east": {"uv": [0, 0, 0, 1], "texture": "#1"},
				"south": {"uv": [11, 5, 13.5, 6], "texture": "#1"},
				"west": {"uv": [0, 0, 0, 1], "texture": "#1"},
				"up": {"uv": [2.5, 0, 0, 0], "texture": "#1"},
				"down": {"uv": [2.5, 0, 0, 0], "texture": "#1"}
			}
		},
		{
			"from": [0.98077, 8.67123, 0.11577],
			"to": [5.98077, 10.17123, 0.12077],
			"rotation": {"angle": 45, "axis": "z", "origin": [5.98077, 10.42123, 0.11577]},
			"faces": {
				"north": {"uv": [11, 6, 13.5, 7], "texture": "#1"},
				"east": {"uv": [0, 0, 0, 1], "texture": "#1"},
				"south": {"uv": [11, 7, 13.5, 8], "texture": "#1"},
				"west": {"uv": [0, 0, 0, 1], "texture": "#1"},
				"up": {"uv": [2.5, 0, 0, 0], "texture": "#1"},
				"down": {"uv": [2.5, 0, 0, 0], "texture": "#1"}
			}
		},
		{
			"from": [4.48077, 11.67123, -0.38423],
			"to": [5.98077, 12.17123, 0.61577],
			"rotation": {"angle": 0, "axis": "y", "origin": [3.98077, 4.17123, 0.11577]},
			"faces": {
				"north": {"uv": [13.5, 7.5, 14.5, 8], "texture": "#1"},
				"east": {"uv": [13.5, 12.5, 14, 13], "texture": "#1"},
				"south": {"uv": [9, 13.5, 10, 14], "texture": "#1"},
				"west": {"uv": [13, 13.5, 13.5, 14], "texture": "#1"},
				"up": {"uv": [14.5, 12, 13.5, 11.5], "texture": "#1"},
				"down": {"uv": [13, 13.5, 12, 14], "texture": "#1"}
			}
		},
		{
			"from": [4.48077, 9.17123, -0.38423],
			"to": [7.48077, 11.67123, 0.61577],
			"rotation": {"angle": 0, "axis": "y", "origin": [3.98077, 4.17123, 0.11577]},
			"faces": {
				"north": {"uv": [10.5, 11.5, 12, 13], "texture": "#1"},
				"east": {"uv": [5.5, 0, 6, 1.5], "texture": "#1"},
				"south": {"uv": [12, 3.5, 13.5, 5], "texture": "#1"},
				"west": {"uv": [5.5, 1.5, 6, 3], "texture": "#1"},
				"up": {"uv": [15, 6.5, 13.5, 6], "texture": "#1"},
				"down": {"uv": [15, 6.5, 13.5, 7], "texture": "#1"}
			}
		},
		{
			"from": [7.48077, 9.42123, -0.25923],
			"to": [8.48077, 10.92123, 0.49077],
			"rotation": {"angle": 0, "axis": "y", "origin": [3.98077, 4.17123, 0.11577]},
			"faces": {
				"north": {"uv": [5.5, 9, 6, 10], "texture": "#1"},
				"east": {"uv": [5.5, 10, 6, 11], "texture": "#1"},
				"south": {"uv": [5.5, 11, 6, 12], "texture": "#1"},
				"west": {"uv": [10, 13.5, 10.5, 14.5], "texture": "#1"},
				"up": {"uv": [14, 14, 13.5, 13.5], "texture": "#1"},
				"down": {"uv": [0.5, 14, 0, 14.5], "texture": "#1"}
			}
		},
		{
			"from": [7.48077, 5.92123, -1.75923],
			"to": [10.48077, 9.42123, 0.99077],
			"rotation": {"angle": 22.5, "axis": "z", "origin": [8.48077, 8.17123, -0.38423]},
			"faces": {
				"north": {"uv": [9, 12, 10.5, 13.5], "texture": "#1"},
				"east": {"uv": [12, 11.5, 13.5, 13], "texture": "#1"},
				"south": {"uv": [1.5, 12.5, 3, 14], "texture": "#1"},
				"west": {"uv": [3, 12.5, 4.5, 14], "texture": "#1"},
				"up": {"uv": [6, 14, 4.5, 12.5], "texture": "#1"},
				"down": {"uv": [14, 8, 12.5, 9.5], "texture": "#1"}
			}
		},
		{
			"from": [6.98077, 4.92123, -2.25923],
			"to": [10.98077, 5.92123, 1.49077],
			"rotation": {"angle": 22.5, "axis": "z", "origin": [8.48077, 8.17123, -0.38423]},
			"faces": {
				"north": {"uv": [12.5, 11, 14.5, 11.5], "texture": "#1"},
				"east": {"uv": [13, 3, 15, 3.5], "texture": "#1"},
				"south": {"uv": [12, 13, 14, 13.5], "texture": "#1"},
				"west": {"uv": [13.5, 3.5, 15.5, 4], "texture": "#1"},
				"up": {"uv": [3.5, 11, 1.5, 9], "texture": "#1"},
				"down": {"uv": [5.5, 9, 3.5, 11], "texture": "#1"}
			}
		},
		{
			"from": [8.48077, 4.42123, -0.88423],
			"to": [9.48077, 4.92123, 0.11577],
			"rotation": {"angle": 22.5, "axis": "z", "origin": [8.48077, 8.17123, -0.38423]},
			"faces": {
				"north": {"uv": [0.5, 14, 1, 14.5], "texture": "#1"},
				"east": {"uv": [1, 14, 1.5, 14.5], "texture": "#1"},
				"south": {"uv": [1.5, 14, 2, 14.5], "texture": "#1"},
				"west": {"uv": [2, 14, 2.5, 14.5], "texture": "#1"},
				"up": {"uv": [3, 14.5, 2.5, 14], "texture": "#1"},
				"down": {"uv": [3.5, 14, 3, 14.5], "texture": "#1"}
			}
		},
		{
			"from": [5.48077, 5.92123, -0.25923],
			"to": [8.48077, 9.42123, 2.49077],
			"rotation": {"angle": -22.5, "axis": "z", "origin": [7.48077, 8.17123, -0.38423]},
			"faces": {
				"north": {"uv": [12.5, 9.5, 14, 11], "texture": "#1"},
				"east": {"uv": [13, 0, 14.5, 1.5], "texture": "#1"},
				"south": {"uv": [13, 1.5, 14.5, 3], "texture": "#1"},
				"west": {"uv": [6, 13, 7.5, 14.5], "texture": "#1"},
				"up": {"uv": [9, 14.5, 7.5, 13], "texture": "#1"},
				"down": {"uv": [12, 13, 10.5, 14.5], "texture": "#1"}
			}
		},
		{
			"from": [4.98077, 4.92123, -0.75923],
			"to": [8.98077, 5.92123, 2.99077],
			"rotation": {"angle": -22.5, "axis": "z", "origin": [7.48077, 8.17123, -0.38423]},
			"faces": {
				"north": {"uv": [13.5, 4, 15.5, 4.5], "texture": "#1"},
				"east": {"uv": [13.5, 4.5, 15.5, 5], "texture": "#1"},
				"south": {"uv": [13.5, 5, 15.5, 5.5], "texture": "#1"},
				"west": {"uv": [13.5, 5.5, 15.5, 6], "texture": "#1"},
				"up": {"uv": [11, 10, 9, 8], "texture": "#1"},
				"down": {"uv": [11.5, 0, 9.5, 2], "texture": "#1"}
			}
		},
		{
			"from": [6.48077, 4.42123, 0.61577],
			"to": [7.48077, 4.92123, 1.61577],
			"rotation": {"angle": -22.5, "axis": "z", "origin": [7.48077, 8.17123, -0.38423]},
			"faces": {
				"north": {"uv": [3.5, 14, 4, 14.5], "texture": "#1"},
				"east": {"uv": [4, 14, 4.5, 14.5], "texture": "#1"},
				"south": {"uv": [4.5, 14, 5, 14.5], "texture": "#1"},
				"west": {"uv": [5, 14, 5.5, 14.5], "texture": "#1"},
				"up": {"uv": [6, 14.5, 5.5, 14], "texture": "#1"},
				"down": {"uv": [14.5, 8, 14, 8.5], "texture": "#1"}
			}
		},
		{
			"from": [3, 7, 2],
			"to": [13, 11, 5],
			"faces": {
				"north": {"uv": [0, 0, 5, 2], "texture": "#1"},
				"east": {"uv": [9.5, 2, 11, 4], "texture": "#1"},
				"south": {"uv": [0, 2, 5, 4], "texture": "#1"},
				"west": {"uv": [9, 10, 10.5, 12], "texture": "#1"},
				"up": {"uv": [11, 6.5, 6, 5], "texture": "#1"},
				"down": {"uv": [11, 6.5, 6, 8], "texture": "#1"}
			}
		},
		{
			"from": [10.77817, 1.12132, 1.75],
			"to": [14.77817, 11.12132, 4.75],
			"rotation": {"angle": -45, "axis": "z", "origin": [18.77817, 8.12132, 3.25]},
			"faces": {
				"north": {"uv": [0, 4, 2, 9], "texture": "#1"},
				"east": {"uv": [8, 0, 9.5, 5], "texture": "#1"},
				"south": {"uv": [2, 4, 4, 9], "texture": "#1"},
				"west": {"uv": [6, 8, 7.5, 13], "texture": "#1"},
				"up": {"uv": [12.5, 11.5, 10.5, 10], "texture": "#1"},
				"down": {"uv": [3.5, 11, 1.5, 12.5], "texture": "#1"}
			}
		},
		{
			"from": [1.22183, 1.12132, 1.75],
			"to": [5.22183, 11.12132, 4.75],
			"rotation": {"angle": 45, "axis": "z", "origin": [-2.77817, 8.12132, 3.25]},
			"faces": {
				"north": {"uv": [4, 4, 6, 9], "texture": "#1"},
				"east": {"uv": [7.5, 8, 9, 13], "texture": "#1"},
				"south": {"uv": [6, 0, 8, 5], "texture": "#1"},
				"west": {"uv": [0, 9, 1.5, 14], "texture": "#1"},
				"up": {"uv": [13, 3.5, 11, 2], "texture": "#1"},
				"down": {"uv": [5.5, 11, 3.5, 12.5], "texture": "#1"}
			}
		}
	],
	"gui_light": "front",
	"display": {
		"thirdperson_righthand": {
			"rotation": [77, 0, 0],
			"translation": [0, -1.5, 2.5],
			"scale": [0.7, 0.7, 0.7]
		},
		"thirdperson_lefthand": {
			"rotation": [77, 0, 0],
			"translation": [0, -1.5, 2.5],
			"scale": [0.7, 0.7, 0.7]
		},
		"firstperson_righthand": {
			"rotation": [1, -180, 0],
			"translation": [10.5, 0, -17.25]
		},
		"firstperson_lefthand": {
			"rotation": [1, -180, 0],
			"translation": [10.5, 0, -17.25]
		},
		"ground": {
			"translation": [0, 5, 3.5],
			"scale": [0.7, 0.7, 0.7]
		},
		"gui": {
			"rotation": [0, -180, 0],
			"translation": [0, -1.75, 0],
			"scale": [0.7, 0.7, 0.7]
		},
		"head": {
			"translation": [0, -15.5, 0.5],
			"scale": [2, 2, 2]
		},
		"fixed": {
			"translation": [0, -2.25, 10.75],
			"scale": [3.5, 3.5, 3.5]
		}
	}
}