{
	"credit": "Made with Blockbench",
	"texture_size": [64, 64],
	"textures": {
		"2": "custom/bat_shovel"
	},
	"elements": [
		{
			"from": [7.5, 13.76427, 5.5],
			"to": [8.5, 18.76427, 10.5],
			"rotation": {"angle": 0, "axis": "y", "origin": [8, 16.26427, 8]},
			"faces": {
				"north": {"uv": [6.5, 2.75, 6.75, 4], "texture": "#2"},
				"east": {"uv": [3, 2.25, 4.25, 3.5], "texture": "#2"},
				"south": {"uv": [6.5, 4.25, 6.75, 5.5], "texture": "#2"},
				"west": {"uv": [3, 3.75, 4.25, 5], "texture": "#2"},
				"up": {"uv": [6.5, 8, 6.25, 6.75], "texture": "#2"},
				"down": {"uv": [7, 6.75, 6.75, 8], "texture": "#2"}
			}
		},
		{
			"from": [8, 12.76427, 4.5],
			"to": [8, 20.76427, 11.5],
			"rotation": {"angle": 0, "axis": "y", "origin": [7.5, 16.26427, 8]},
			"faces": {
				"north": {"uv": [6, 7, 6, 9], "texture": "#2"},
				"east": {"uv": [0, 0, 1.75, 2], "texture": "#2"},
				"south": {"uv": [3.5, 7.25, 3.5, 9.25], "texture": "#2"},
				"west": {"uv": [2, 0, 3.75, 2], "texture": "#2"},
				"up": {"uv": [5, 9.25, 5, 7.5], "texture": "#2"},
				"down": {"uv": [5.25, 7.5, 5.25, 9.25], "texture": "#2"}
			}
		},
		{
			"from": [7, -0.5, 7],
			"to": [9, 13.5, 9],
			"rotation": {"angle": 0, "axis": "y", "origin": [9, 3, 8]},
			"faces": {
				"north": {"uv": [0, 2.25, 0.5, 5.75], "texture": "#2"},
				"east": {"uv": [0.75, 2.25, 1.25, 5.75], "texture": "#2"},
				"south": {"uv": [1.5, 2.25, 2, 5.75], "texture": "#2"},
				"west": {"uv": [2.25, 2.25, 2.75, 5.75], "texture": "#2"},
				"up": {"uv": [0.5, 7.5, 0, 7], "texture": "#2"},
				"down": {"uv": [7.5, 0, 7, 0.5], "texture": "#2"}
			}
		},
		{
			"from": [6.501, 8.601, 6.501],
			"to": [9.499, 9.599, 9.499],
			"rotation": {"angle": 0, "axis": "y", "origin": [8, 0.5, 7.5]},
			"faces": {
				"north": {"uv": [3.5, 3.125, 3.875, 3.25], "texture": "#2"},
				"east": {"uv": [3.5, 3.375, 3.875, 3.5], "texture": "#2"},
				"south": {"uv": [1.375, 3.625, 1.75, 3.75], "texture": "#2"},
				"west": {"uv": [1.875, 3.625, 2.25, 3.75], "texture": "#2"},
				"up": {"uv": [2.875, 3, 2.5, 2.625], "texture": "#2"},
				"down": {"uv": [3.125, 0.875, 2.75, 1.25], "texture": "#2"}
			}
		},
		{
			"from": [6.501, 9.101, 6.501],
			"to": [9.499, 10.099, 9.499],
			"rotation": {"angle": 0, "axis": "y", "origin": [8, 0.5, 7.5]},
			"faces": {
				"north": {"uv": [7, 1.5, 7.75, 1.75], "texture": "#2"},
				"east": {"uv": [4.5, 7, 5.25, 7.25], "texture": "#2"},
				"south": {"uv": [7, 5, 7.75, 5.25], "texture": "#2"},
				"west": {"uv": [7, 5.5, 7.75, 5.75], "texture": "#2"},
				"up": {"uv": [4.75, 0.75, 4, 0], "texture": "#2"},
				"down": {"uv": [4.75, 1, 4, 1.75], "texture": "#2"}
			}
		},
		{
			"from": [6.501, 7.101, 6.501],
			"to": [9.499, 8.099, 9.499],
			"rotation": {"angle": 0, "axis": "y", "origin": [8, 0.5, 7.5]},
			"faces": {
				"north": {"uv": [3.5, 3.125, 3.875, 3.25], "texture": "#2"},
				"east": {"uv": [3.5, 3.375, 3.875, 3.5], "texture": "#2"},
				"south": {"uv": [1.375, 3.625, 1.75, 3.75], "texture": "#2"},
				"west": {"uv": [1.875, 3.625, 2.25, 3.75], "texture": "#2"},
				"up": {"uv": [2.875, 3, 2.5, 2.625], "texture": "#2"},
				"down": {"uv": [3.125, 0.875, 2.75, 1.25], "texture": "#2"}
			}
		},
		{
			"from": [6.5, -0.4, 6.5],
			"to": [9.5, 0.6, 9.5],
			"rotation": {"angle": 0, "axis": "y", "origin": [8, 0.5, 7.5]},
			"faces": {
				"north": {"uv": [7.25, 6, 8, 6.25], "texture": "#2"},
				"east": {"uv": [7.25, 6.5, 8, 6.75], "texture": "#2"},
				"south": {"uv": [7.25, 7, 8, 7.25], "texture": "#2"},
				"west": {"uv": [7.5, 2, 8.25, 2.25], "texture": "#2"},
				"up": {"uv": [5.25, 2.75, 4.5, 2], "texture": "#2"},
				"down": {"uv": [5.25, 3, 4.5, 3.75], "texture": "#2"}
			}
		},
		{
			"from": [6.99, -0.135, 13.99],
			"to": [9.01, 2.885, 17.01],
			"rotation": {"angle": 45, "axis": "x", "origin": [8, 8.875, 8]},
			"faces": {
				"north": {"uv": [4, 6, 4.5, 6.75], "texture": "#2"},
				"east": {"uv": [4.5, 4, 5.25, 4.75], "texture": "#2"},
				"south": {"uv": [4.75, 6, 5.25, 6.75], "texture": "#2"},
				"west": {"uv": [5, 0, 5.75, 0.75], "texture": "#2"},
				"up": {"uv": [6, 6.75, 5.5, 6], "texture": "#2"},
				"down": {"uv": [3.5, 6.25, 3, 7], "texture": "#2"}
			}
		},
		{
			"from": [6.976, 14.451, 6.501],
			"to": [6.974, 16.449, 9.499],
			"rotation": {"angle": 0, "axis": "y", "origin": [8, 0.5, 7.5]},
			"faces": {
				"north": {"uv": [3.75, 6.25, 3.75, 6.75], "texture": "#2"},
				"east": {"uv": [6.25, 6, 7, 6.5], "texture": "#2"},
				"south": {"uv": [7.75, 0, 7.75, 0.5], "texture": "#2"},
				"west": {"uv": [6.5, 2, 7.25, 2.5], "texture": "#2"},
				"up": {"uv": [0.75, 8.5, 0.75, 7.75], "texture": "#2"},
				"down": {"uv": [1, 7.75, 1, 8.5], "texture": "#2"}
			}
		},
		{
			"from": [5.976, 13.051, 7.001],
			"to": [7.974, 15.049, 8.999],
			"rotation": {"angle": 0, "axis": "y", "origin": [8, 0.5, 8]},
			"faces": {
				"north": {"uv": [0.75, 7, 1.25, 7.5], "texture": "#2"},
				"east": {"uv": [7, 0.75, 7.5, 1.25], "texture": "#2"},
				"south": {"uv": [1.5, 7, 2, 7.5], "texture": "#2"},
				"west": {"uv": [2.25, 7, 2.75, 7.5], "texture": "#2"},
				"up": {"uv": [7.5, 3.25, 7, 2.75], "texture": "#2"},
				"down": {"uv": [7.5, 3.5, 7, 4], "texture": "#2"}
			}
		},
		{
			"from": [6.476, 11.051, 7.001],
			"to": [7.474, 13.049, 8.999],
			"rotation": {"angle": 0, "axis": "y", "origin": [8, 0.5, 8]},
			"faces": {
				"north": {"uv": [4, 5.25, 4.25, 5.75], "texture": "#2"},
				"east": {"uv": [3.75, 7, 4.25, 7.5], "texture": "#2"},
				"south": {"uv": [5.5, 7, 5.75, 7.5], "texture": "#2"},
				"west": {"uv": [7, 4.25, 7.5, 4.75], "texture": "#2"},
				"up": {"uv": [3.25, 7.75, 3, 7.25], "texture": "#2"},
				"down": {"uv": [4.75, 7.5, 4.5, 8], "texture": "#2"}
			}
		},
		{
			"from": [6.976, 10.451, 7.001],
			"to": [6.974, 11.449, 8.999],
			"rotation": {"angle": 0, "axis": "y", "origin": [8, 0.5, 8]},
			"faces": {
				"north": {"uv": [7.75, 0.75, 7.75, 1], "texture": "#2"},
				"east": {"uv": [7.25, 7.5, 7.75, 7.75], "texture": "#2"},
				"south": {"uv": [1.25, 7.75, 1.25, 8], "texture": "#2"},
				"west": {"uv": [0, 7.75, 0.5, 8], "texture": "#2"},
				"up": {"uv": [1.5, 8.25, 1.5, 7.75], "texture": "#2"},
				"down": {"uv": [1.75, 7.75, 1.75, 8.25], "texture": "#2"}
			}
		},
		{
			"from": [6.976, 12.151, 9.501],
			"to": [6.974, 15.149, 12.499],
			"rotation": {"angle": -45, "axis": "x", "origin": [6.975, 13.15, 10.5]},
			"faces": {
				"north": {"uv": [2, 7.75, 2, 8.5], "texture": "#2"},
				"east": {"uv": [5, 1, 5.75, 1.75], "texture": "#2"},
				"south": {"uv": [2.25, 7.75, 2.25, 8.5], "texture": "#2"},
				"west": {"uv": [4.5, 5, 5.25, 5.75], "texture": "#2"},
				"up": {"uv": [2.5, 8.5, 2.5, 7.75], "texture": "#2"},
				"down": {"uv": [7.75, 2.5, 7.75, 3.25], "texture": "#2"}
			}
		},
		{
			"from": [6.976, 12.151, 4.501],
			"to": [6.974, 15.149, 7.499],
			"rotation": {"angle": -45, "axis": "x", "origin": [6.975, 13.15, 5.5]},
			"faces": {
				"north": {"uv": [4, 7.75, 4, 8.5], "rotation": 180, "texture": "#2"},
				"east": {"uv": [3, 5.25, 3.75, 6], "rotation": 270, "texture": "#2"},
				"south": {"uv": [3.75, 8.5, 3.75, 7.75], "texture": "#2"},
				"west": {"uv": [5.5, 2, 6.25, 2.75], "rotation": 90, "texture": "#2"},
				"up": {"uv": [2.75, 7.75, 2.75, 8.5], "rotation": 180, "texture": "#2"},
				"down": {"uv": [7.75, 3.5, 7.75, 4.25], "texture": "#2"}
			}
		},
		{
			"from": [6.976, 11.876, 9.001],
			"to": [6.974, 14.874, 11.999],
			"rotation": {"angle": -22.5, "axis": "x", "origin": [6.975, 13.375, 10.5]},
			"faces": {
				"north": {"uv": [4.25, 7.75, 4.25, 8.5], "texture": "#2"},
				"east": {"uv": [5.5, 3, 6.25, 3.75], "texture": "#2"},
				"south": {"uv": [5.5, 7.75, 5.5, 8.5], "texture": "#2"},
				"west": {"uv": [5.5, 4, 6.25, 4.75], "texture": "#2"},
				"up": {"uv": [5.75, 8.5, 5.75, 7.75], "texture": "#2"},
				"down": {"uv": [8, 0, 8, 0.75], "texture": "#2"}
			}
		},
		{
			"from": [6.976, 11.876, 4.001],
			"to": [6.974, 14.874, 6.999],
			"rotation": {"angle": 22.5, "axis": "x", "origin": [6.975, 13.375, 5.5]},
			"faces": {
				"north": {"uv": [8, 1, 8, 1.75], "texture": "#2"},
				"east": {"uv": [5.5, 5, 6.25, 5.75], "texture": "#2"},
				"south": {"uv": [8, 2.5, 8, 3.25], "texture": "#2"},
				"west": {"uv": [0, 6, 0.75, 6.75], "texture": "#2"},
				"up": {"uv": [3, 8.75, 3, 8], "texture": "#2"},
				"down": {"uv": [3.25, 8, 3.25, 8.75], "texture": "#2"}
			}
		},
		{
			"from": [6.976, 11.651, 9.001],
			"to": [6.974, 14.649, 11.999],
			"rotation": {"angle": 0, "axis": "y", "origin": [8, 0.5, 8]},
			"faces": {
				"north": {"uv": [8, 3.5, 8, 4.25], "texture": "#2"},
				"east": {"uv": [6, 0, 6.75, 0.75], "texture": "#2"},
				"south": {"uv": [8, 4.5, 8, 5.25], "texture": "#2"},
				"west": {"uv": [1, 6, 1.75, 6.75], "texture": "#2"},
				"up": {"uv": [7.25, 8.75, 7.25, 8], "texture": "#2"},
				"down": {"uv": [7.5, 8, 7.5, 8.75], "texture": "#2"}
			}
		},
		{
			"from": [6.976, 11.651, 4.001],
			"to": [6.974, 14.649, 6.999],
			"rotation": {"angle": 0, "axis": "y", "origin": [8, 0.5, 8]},
			"faces": {
				"north": {"uv": [8, 7.5, 8, 8.25], "texture": "#2"},
				"east": {"uv": [6, 1, 6.75, 1.75], "texture": "#2"},
				"south": {"uv": [7.75, 8, 7.75, 8.75], "texture": "#2"},
				"west": {"uv": [2, 6, 2.75, 6.75], "texture": "#2"},
				"up": {"uv": [0, 9, 0, 8.25], "texture": "#2"},
				"down": {"uv": [8.25, 0, 8.25, 0.75], "texture": "#2"}
			}
		}
	],
	"gui_light": "front",
	"display": {
		"thirdperson_righthand": {
			"translation": [0, 0.5, 0.75],
			"scale": [0.63, 0.63, 0.63]
		},
		"thirdperson_lefthand": {
			"rotation": [0, -180, 0],
			"translation": [0, 0.5, 0.75],
			"scale": [0.63, 0.63, 0.63]
		},
		"firstperson_lefthand": {
			"rotation": [0, -180, 0]
		},
		"ground": {
			"rotation": [-45, 0, 0],
			"translation": [0, 4.25, 0],
			"scale": [0.5, 0.5, 0.5]
		},
		"gui": {
			"rotation": [-90, 135, 90],
			"translation": [-0.25, -1, -0.25],
			"scale": [0.67, 0.67, 0.67]
		},
		"head": {
			"rotation": [90, -38, -90],
			"translation": [-2.25, -12.5, 4.25]
		},
		"fixed": {
			"rotation": [-90, -135, -90],
			"translation": [1, -1, -0.25],
			"scale": [0.8, 0.8, 0.8]
		}
	},
	"groups": [
		{
			"name": "group",
			"origin": [8, 8.875, 8],
			"color": 0,
			"children": [
				0,
				1,
				2,
				3,
				4,
				5,
				6,
				7,
				{
					"name": "group",
					"origin": [8, 0.5, 8],
					"color": 0,
					"children": [
						8,
						9,
						10,
						11,
						{
							"name": "3",
							"origin": [8, 0.5, 8],
							"color": 0,
							"children": [12, 13]
						},
						{
							"name": "2",
							"origin": [8, 0.5, 8],
							"color": 0,
							"children": [14, 15]
						},
						{
							"name": "1",
							"origin": [8, 0.5, 8],
							"color": 0,
							"children": [16, 17]
						}
					]
				}
			]
		}
	]
}