{
	"credit": "Made with Blockbench",
	"texture_size": [64, 64],
	"textures": {
		"6": "custom/eye_pickaxe"
	},
	"elements": [
		{
			"from": [7.502, 19.502, -1.998],
			"to": [8.498, 21.498, 5.998],
			"rotation": {"angle": -45, "axis": "x", "origin": [8, 20, 8]},
			"faces": {
				"north": {"uv": [0.75, 8.75, 1, 9.25], "texture": "#6"},
				"east": {"uv": [5.75, 3.25, 7.75, 3.75], "texture": "#6"},
				"south": {"uv": [1.25, 8.75, 1.5, 9.25], "texture": "#6"},
				"west": {"uv": [5.75, 4, 7.75, 4.5], "texture": "#6"},
				"up": {"uv": [3, 8.75, 2.75, 6.75], "texture": "#6"},
				"down": {"uv": [2, 7.75, 1.75, 9.75], "texture": "#6"}
			}
		},
		{
			"from": [8.002, 15.502, -4.998],
			"to": [7.998, 21.498, 7.998],
			"rotation": {"angle": -45, "axis": "x", "origin": [7.5, 20, 8]},
			"faces": {
				"north": {"uv": [4.25, 8.75, 4.25, 10.25], "texture": "#6"},
				"east": {"uv": [0, 0, 3.25, 1.5], "texture": "#6"},
				"south": {"uv": [4.5, 8.75, 4.5, 10.25], "texture": "#6"},
				"west": {"uv": [0, 1.75, 3.25, 3.25], "texture": "#6"},
				"up": {"uv": [4.75, 12, 4.75, 8.75], "texture": "#6"},
				"down": {"uv": [5, 8.75, 5, 12], "texture": "#6"}
			}
		},
		{
			"from": [8.002, 15.502, 8.002],
			"to": [7.998, 21.498, 20.998],
			"rotation": {"angle": 45, "axis": "x", "origin": [7.5, 20, 8]},
			"faces": {
				"north": {"uv": [5.25, 8.75, 5.25, 10.25], "texture": "#6"},
				"east": {"uv": [0, 3.5, 3.25, 5], "texture": "#6"},
				"south": {"uv": [5.5, 8.75, 5.5, 10.25], "texture": "#6"},
				"west": {"uv": [3.5, 0, 6.75, 1.5], "texture": "#6"},
				"up": {"uv": [5.75, 12, 5.75, 8.75], "texture": "#6"},
				"down": {"uv": [6, 8.75, 6, 12], "texture": "#6"}
			}
		},
		{
			"from": [7.502, 19.502, 10.002],
			"to": [8.498, 21.498, 17.998],
			"rotation": {"angle": 45, "axis": "x", "origin": [8, 20, 8]},
			"faces": {
				"north": {"uv": [8.75, 3, 9, 3.5], "texture": "#6"},
				"east": {"uv": [5.75, 4.75, 7.75, 5.25], "texture": "#6"},
				"south": {"uv": [3.75, 8.75, 4, 9.25], "texture": "#6"},
				"west": {"uv": [5.75, 5.5, 7.75, 6], "texture": "#6"},
				"up": {"uv": [2.5, 9.75, 2.25, 7.75], "texture": "#6"},
				"down": {"uv": [3.5, 7.75, 3.25, 9.75], "texture": "#6"}
			}
		},
		{
			"name": "5",
			"from": [6.5, 11.55, 0.29571],
			"to": [9.5, 16.55, 5.29571],
			"rotation": {"angle": 45, "axis": "x", "origin": [7.5, 8.875, 8.07071]},
			"faces": {
				"north": {"uv": [2.25, 5.25, 3, 6.5], "texture": "#6"},
				"east": {"uv": [9, 9.25, 7.75, 10.5], "texture": "#6"},
				"south": {"uv": [3.25, 6.25, 4, 7.5], "texture": "#6"},
				"west": {"uv": [7.75, 9.25, 9, 10.5], "texture": "#6"},
				"up": {"uv": [5, 7.5, 4.25, 6.25], "texture": "#6"},
				"down": {"uv": [6, 6.25, 5.25, 7.5], "texture": "#6"}
			}
		},
		{
			"name": "4",
			"from": [6.5, 11.55, 0.29571],
			"to": [9.5, 16.55, 5.29571],
			"rotation": {"angle": 45, "axis": "x", "origin": [7.5, 8.875, 8.07071]},
			"faces": {
				"north": {"uv": [2.25, 5.25, 3, 6.5], "texture": "#6"},
				"east": {"uv": [10.75, 5.25, 9.5, 6.5], "texture": "#6"},
				"south": {"uv": [3.25, 6.25, 4, 7.5], "texture": "#6"},
				"west": {"uv": [9.5, 5.25, 10.75, 6.5], "texture": "#6"},
				"up": {"uv": [5, 7.5, 4.25, 6.25], "texture": "#6"},
				"down": {"uv": [6, 6.25, 5.25, 7.5], "texture": "#6"}
			}
		},
		{
			"name": "3",
			"from": [6.5, 11.55, 0.29571],
			"to": [9.5, 16.55, 5.29571],
			"rotation": {"angle": 45, "axis": "x", "origin": [7.5, 8.875, 8.07071]},
			"faces": {
				"north": {"uv": [2.25, 5.25, 3, 6.5], "texture": "#6"},
				"east": {"uv": [11.5, 6.5, 10.25, 7.75], "texture": "#6"},
				"south": {"uv": [3.25, 6.25, 4, 7.5], "texture": "#6"},
				"west": {"uv": [10.25, 6.5, 11.5, 7.75], "texture": "#6"},
				"up": {"uv": [5, 7.5, 4.25, 6.25], "texture": "#6"},
				"down": {"uv": [6, 6.25, 5.25, 7.5], "texture": "#6"}
			}
		},
		{
			"name": "2",
			"from": [6.5, 11.55, 0.29571],
			"to": [9.5, 16.55, 5.29571],
			"rotation": {"angle": 45, "axis": "x", "origin": [7.5, 8.875, 8.07071]},
			"faces": {
				"north": {"uv": [2.25, 5.25, 3, 6.5], "texture": "#6"},
				"east": {"uv": [9, 9.25, 7.75, 10.5], "texture": "#6"},
				"south": {"uv": [3.25, 6.25, 4, 7.5], "texture": "#6"},
				"west": {"uv": [7.75, 9.25, 9, 10.5], "texture": "#6"},
				"up": {"uv": [5, 7.5, 4.25, 6.25], "texture": "#6"},
				"down": {"uv": [5, 6.25, 4.25, 7.5], "texture": "#6"}
			}
		},
		{
			"name": "1",
			"from": [6.5, 11.55, 0.29571],
			"to": [9.5, 16.55, 5.29571],
			"rotation": {"angle": 45, "axis": "x", "origin": [7.5, 8.875, 8.07071]},
			"faces": {
				"north": {"uv": [2.25, 5.25, 3, 6.5], "texture": "#6"},
				"east": {"uv": [0.75, 5.25, 2, 6.5], "texture": "#6"},
				"south": {"uv": [3.25, 6.25, 4, 7.5], "texture": "#6"},
				"west": {"uv": [5.75, 1.75, 7, 3], "texture": "#6"},
				"up": {"uv": [5, 7.5, 4.25, 6.25], "texture": "#6"},
				"down": {"uv": [6, 6.25, 5.25, 7.5], "texture": "#6"}
			}
		},
		{
			"from": [7, -0.5, 7],
			"to": [9, 16.5, 9],
			"rotation": {"angle": 0, "axis": "y", "origin": [9, 3, 8]},
			"faces": {
				"north": {"uv": [4.75, 1.75, 4.25, 6], "texture": "#6"},
				"east": {"uv": [4.25, 1.75, 4.75, 6], "texture": "#6"},
				"south": {"uv": [4.75, 1.75, 4.25, 6], "texture": "#6"},
				"west": {"uv": [4.25, 1.75, 4.75, 6], "texture": "#6"},
				"up": {"uv": [8.5, 3.5, 8, 3], "texture": "#6"},
				"down": {"uv": [8.5, 3.75, 8, 4.25], "texture": "#6"}
			}
		},
		{
			"from": [6.501, 12.601, 6.501],
			"to": [9.499, 13.599, 9.499],
			"rotation": {"angle": 0, "axis": "y", "origin": [8, 0.5, 7.5]},
			"faces": {
				"north": {"uv": [8, 4.5, 8.75, 4.75], "texture": "#6"},
				"east": {"uv": [8, 5, 8.75, 5.25], "texture": "#6"},
				"south": {"uv": [8, 5.5, 8.75, 5.75], "texture": "#6"},
				"west": {"uv": [8.25, 1, 9, 1.25], "texture": "#6"},
				"up": {"uv": [7, 7, 6.25, 6.25], "texture": "#6"},
				"down": {"uv": [1.5, 6.75, 0.75, 7.5], "texture": "#6"}
			}
		},
		{
			"from": [6.501, 7.601, 6.501],
			"to": [9.499, 8.599, 9.499],
			"rotation": {"angle": 0, "axis": "y", "origin": [8, 0.5, 7.5]},
			"faces": {
				"north": {"uv": [8.25, 1.5, 9, 1.75], "texture": "#6"},
				"east": {"uv": [8.25, 2, 9, 2.25], "texture": "#6"},
				"south": {"uv": [8.25, 2.5, 9, 2.75], "texture": "#6"},
				"west": {"uv": [6, 8.25, 6.75, 8.5], "texture": "#6"},
				"up": {"uv": [2.5, 7.5, 1.75, 6.75], "texture": "#6"},
				"down": {"uv": [7.75, 0, 7, 0.75], "texture": "#6"}
			}
		},
		{
			"from": [6.501, 2.101, 6.501],
			"to": [9.499, 3.099, 9.499],
			"rotation": {"angle": 0, "axis": "y", "origin": [8, 0.5, 7.5]},
			"faces": {
				"north": {"uv": [8.25, 6, 9, 6.25], "texture": "#6"},
				"east": {"uv": [8.25, 6.5, 9, 6.75], "texture": "#6"},
				"south": {"uv": [7, 8.25, 7.75, 8.5], "texture": "#6"},
				"west": {"uv": [8.25, 7, 9, 7.25], "texture": "#6"},
				"up": {"uv": [8, 1.75, 7.25, 1], "texture": "#6"},
				"down": {"uv": [8, 2, 7.25, 2.75], "texture": "#6"}
			}
		},
		{
			"from": [6.5, -0.4, 6.5],
			"to": [9.5, 0.6, 9.5],
			"rotation": {"angle": 0, "axis": "y", "origin": [8, 0.5, 7.5]},
			"faces": {
				"north": {"uv": [8.25, 7.5, 9, 7.75], "texture": "#6"},
				"east": {"uv": [8, 8.25, 8.75, 8.5], "texture": "#6"},
				"south": {"uv": [8.75, 0, 9.5, 0.25], "texture": "#6"},
				"west": {"uv": [8.75, 0.5, 9.5, 0.75], "texture": "#6"},
				"up": {"uv": [7, 8, 6.25, 7.25], "texture": "#6"},
				"down": {"uv": [8, 6.25, 7.25, 7], "texture": "#6"}
			}
		},
		{
			"from": [6.99, -0.135, 13.99],
			"to": [9.01, 2.885, 17.01],
			"rotation": {"angle": 45, "axis": "x", "origin": [8, 8.875, 8]},
			"faces": {
				"north": {"uv": [3.75, 7.75, 4.25, 8.5], "texture": "#6"},
				"east": {"uv": [7.25, 7.25, 8, 8], "texture": "#6"},
				"south": {"uv": [4.5, 7.75, 5, 8.5], "texture": "#6"},
				"west": {"uv": [0.75, 7.75, 1.5, 8.5], "texture": "#6"},
				"up": {"uv": [5.75, 8.5, 5.25, 7.75], "texture": "#6"},
				"down": {"uv": [8.5, 0, 8, 0.75], "texture": "#6"}
			}
		}
	],
	"gui_light": "front",
	"display": {
		"thirdperson_righthand": {
			"translation": [0, -0.25, 0],
			"scale": [0.6, 0.6, 0.6]
		},
		"thirdperson_lefthand": {
			"scale": [0.6, 0.6, 0.6]
		},
		"firstperson_righthand": {
			"translation": [1, -2.75, 0]
		},
		"firstperson_lefthand": {
			"translation": [0.75, -2, 0]
		},
		"ground": {
			"rotation": [-45, 0, 0],
			"translation": [0, 4.25, 0],
			"scale": [0.5, 0.5, 0.5]
		},
		"gui": {
			"rotation": [90, -135, 90],
			"translation": [-0.25, -1, -0.25],
			"scale": [0.67, 0.67, 0.67]
		},
		"head": {
			"rotation": [90, -38, -90],
			"translation": [-2.25, -12.5, 4.25]
		},
		"fixed": {
			"rotation": [-90, 45, 90],
			"translation": [1, -1, -0.25],
			"scale": [0.8, 0.8, 0.8]
		}
	},
	"groups": [
		{
			"name": "group",
			"origin": [8, 8.875, 8],
			"color": 0,
			"children": [0, 1, 2, 3, 4, 5, 6, 7, 8, 9, 10, 11, 12, 13, 14]
		}
	]
}