{
	"credit": "Made with Blockbench",
	"texture_size": [128, 128],
	"textures": {
		"1": "custom/feather_pickaxe",
		"particle": "custom/feather_pickaxe"
	},
	"elements": [
		{
			"from": [6.19, 6.14469, 6.49],
			"to": [10.21, 9.16469, 9.51],
			"rotation": {"angle": -45, "axis": "x", "origin": [7, 7.65469, 8]},
			"faces": {
				"north": {"uv": [5, 2.25, 5.5, 2.625], "texture": "#1"},
				"east": {"uv": [5.375, 5, 5.75, 5.375], "texture": "#1"},
				"south": {"uv": [5, 2.75, 5.5, 3.125], "texture": "#1"},
				"west": {"uv": [0.5, 5.5, 0.875, 5.875], "texture": "#1"},
				"up": {"uv": [5.5, 3.625, 5, 3.25], "texture": "#1"},
				"down": {"uv": [5.5, 3.75, 5, 4.125], "texture": "#1"}
			}
		},
		{
			"from": [6.49, -13.85531, 6.49],
			"to": [9.51, -10.83531, 9.51],
			"rotation": {"angle": 0, "axis": "y", "origin": [8, -13.04531, 8]},
			"faces": {
				"north": {"uv": [5.5, 0.75, 5.875, 1.125], "texture": "#1"},
				"east": {"uv": [1, 5.5, 1.375, 5.875], "texture": "#1"},
				"south": {"uv": [5.5, 1.25, 5.875, 1.625], "texture": "#1"},
				"west": {"uv": [1.5, 5.5, 1.875, 5.875], "texture": "#1"},
				"up": {"uv": [2.375, 5.875, 2, 5.5], "texture": "#1"},
				"down": {"uv": [2.875, 5.5, 2.5, 5.875], "texture": "#1"}
			}
		},
		{
			"from": [6.49, 6.02039, 3.99],
			"to": [9.51, 9.04039, 12.01],
			"rotation": {"angle": 0, "axis": "y", "origin": [9, 0.53039, 7.5]},
			"faces": {
				"north": {"uv": [3, 5.5, 3.375, 5.875], "texture": "#1"},
				"east": {"uv": [3, 4.375, 4, 4.75], "texture": "#1"},
				"south": {"uv": [3.5, 5.5, 3.875, 5.875], "texture": "#1"},
				"west": {"uv": [4.125, 4.375, 5.125, 4.75], "texture": "#1"},
				"up": {"uv": [5.125, 1, 4.75, 0], "texture": "#1"},
				"down": {"uv": [0.375, 4.875, 0, 5.875], "texture": "#1"}
			}
		},
		{
			"from": [7.99, -0.37961, 1.115],
			"to": [8.01, 5.64039, 6.135],
			"rotation": {"angle": 22.5, "axis": "x", "origin": [8, 2.73039, 5.5]},
			"faces": {
				"north": {"uv": [4, 5.5, 4, 6.25], "texture": "#1"},
				"east": {"uv": [3.25, 0, 3.875, 0.75], "texture": "#1"},
				"south": {"uv": [4.125, 5.5, 4.125, 6.25], "texture": "#1"},
				"west": {"uv": [3.25, 0.875, 3.875, 1.625], "texture": "#1"},
				"up": {"uv": [3.25, 2.375, 3.25, 1.75], "texture": "#1"},
				"down": {"uv": [3.375, 1.75, 3.375, 2.375], "texture": "#1"}
			}
		},
		{
			"from": [8.09, -0.23162, -2.54774],
			"to": [8.11, 5.78838, 2.47226],
			"rotation": {"angle": 45, "axis": "x", "origin": [8.1, 2.37838, 0.86226]},
			"faces": {
				"north": {"uv": [5.75, 4.125, 5.75, 4.875], "texture": "#1"},
				"east": {"uv": [3.5, 1.75, 4.125, 2.5], "texture": "#1"},
				"south": {"uv": [5.875, 4.125, 5.875, 4.875], "texture": "#1"},
				"west": {"uv": [3.5, 2.625, 4.125, 3.375], "texture": "#1"},
				"up": {"uv": [4.625, 6.5, 4.625, 5.875], "texture": "#1"},
				"down": {"uv": [4.75, 5.875, 4.75, 6.5], "texture": "#1"}
			}
		},
		{
			"from": [8.065, 0.37919, 3.95844],
			"to": [8.085, 6.39919, 8.97844],
			"rotation": {"angle": 0, "axis": "y", "origin": [8, 2.18919, 2.19344]},
			"faces": {
				"north": {"uv": [4.875, 5.875, 4.875, 6.625], "texture": "#1"},
				"east": {"uv": [3.5, 3.5, 4.125, 4.25], "texture": "#1"},
				"south": {"uv": [5.875, 5, 5.875, 5.75], "texture": "#1"},
				"west": {"uv": [4, 0, 4.625, 0.75], "texture": "#1"},
				"up": {"uv": [5.875, 6.5, 5.875, 5.875], "texture": "#1"},
				"down": {"uv": [0, 6, 0, 6.625], "texture": "#1"}
			}
		},
		{
			"from": [8.065, 0.37919, 7.02156],
			"to": [8.085, 6.39919, 12.04156],
			"rotation": {"angle": 0, "axis": "y", "origin": [8, 2.18919, 13.80656]},
			"faces": {
				"north": {"uv": [0.125, 6, 0.125, 6.75], "texture": "#1"},
				"east": {"uv": [4, 0.875, 4.625, 1.625], "texture": "#1"},
				"south": {"uv": [0.25, 6, 0.25, 6.75], "texture": "#1"},
				"west": {"uv": [1.5, 4.125, 2.125, 4.875], "texture": "#1"},
				"up": {"uv": [0.375, 6.625, 0.375, 6], "texture": "#1"},
				"down": {"uv": [0.5, 6, 0.5, 6.625], "texture": "#1"}
			}
		},
		{
			"from": [7.99, -0.37961, 9.865],
			"to": [8.01, 5.64039, 14.885],
			"rotation": {"angle": -22.5, "axis": "x", "origin": [8, 2.73039, 10.5]},
			"faces": {
				"north": {"uv": [6, 0.5, 6, 1.25], "texture": "#1"},
				"east": {"uv": [2.25, 4.125, 2.875, 4.875], "texture": "#1"},
				"south": {"uv": [0.625, 6, 0.625, 6.75], "texture": "#1"},
				"west": {"uv": [4.25, 1.75, 4.875, 2.5], "texture": "#1"},
				"up": {"uv": [0.75, 6.625, 0.75, 6], "texture": "#1"},
				"down": {"uv": [0.875, 6, 0.875, 6.625], "texture": "#1"}
			}
		},
		{
			"from": [8.09, -0.23162, 13.52774],
			"to": [8.11, 5.78838, 18.54774],
			"rotation": {"angle": -45, "axis": "x", "origin": [8.1, 2.37838, 15.13774]},
			"faces": {
				"north": {"uv": [1, 6, 1, 6.75], "texture": "#1"},
				"east": {"uv": [4.25, 2.625, 4.875, 3.375], "texture": "#1"},
				"south": {"uv": [1.125, 6, 1.125, 6.75], "texture": "#1"},
				"west": {"uv": [4.25, 3.5, 4.875, 4.25], "texture": "#1"},
				"up": {"uv": [1.25, 6.625, 1.25, 6], "texture": "#1"},
				"down": {"uv": [1.375, 6, 1.375, 6.625], "texture": "#1"}
			}
		},
		{
			"from": [6.99, 4.60077, -0.14691],
			"to": [9.01, 7.62077, 4.87309],
			"rotation": {"angle": -22.5, "axis": "x", "origin": [8.5, 6.11077, 0.86309]},
			"faces": {
				"north": {"uv": [4.625, 5.375, 4.875, 5.75], "texture": "#1"},
				"east": {"uv": [4.25, 4.875, 4.875, 5.25], "texture": "#1"},
				"south": {"uv": [5.625, 2.25, 5.875, 2.625], "texture": "#1"},
				"west": {"uv": [1.25, 5, 1.875, 5.375], "texture": "#1"},
				"up": {"uv": [5.25, 5.5, 5, 4.875], "texture": "#1"},
				"down": {"uv": [5.5, 0, 5.25, 0.625], "texture": "#1"}
			}
		},
		{
			"from": [6.99, 4.60077, 11.12691],
			"to": [9.01, 7.62077, 16.14691],
			"rotation": {"angle": 22.5, "axis": "x", "origin": [8.5, 6.11077, 15.13691]},
			"faces": {
				"north": {"uv": [5.625, 2.75, 5.875, 3.125], "texture": "#1"},
				"east": {"uv": [5, 1.75, 5.625, 2.125], "texture": "#1"},
				"south": {"uv": [5.625, 3.25, 5.875, 3.625], "texture": "#1"},
				"west": {"uv": [2, 5, 2.625, 5.375], "texture": "#1"},
				"up": {"uv": [4.5, 6, 4.25, 5.375], "texture": "#1"},
				"down": {"uv": [5.625, 4.25, 5.375, 4.875], "texture": "#1"}
			}
		},
		{
			"from": [7.94, 3.55077, 13.12691],
			"to": [7.96, 7.57077, 18.14691],
			"rotation": {"angle": 22.5, "axis": "x", "origin": [6.45, 6.11077, 15.13691]},
			"faces": {
				"north": {"uv": [5.25, 4.25, 5.25, 4.75], "texture": "#1"},
				"east": {"uv": [4.75, 1.125, 5.375, 1.625], "texture": "#1"},
				"south": {"uv": [6, 1.375, 6, 1.875], "texture": "#1"},
				"west": {"uv": [0.5, 4.875, 1.125, 5.375], "texture": "#1"},
				"up": {"uv": [1.5, 6.625, 1.5, 6], "texture": "#1"},
				"down": {"uv": [1.625, 6, 1.625, 6.625], "texture": "#1"}
			}
		},
		{
			"from": [7.94, 3.55077, -2.14691],
			"to": [7.96, 7.57077, 1.87309],
			"rotation": {"angle": -22.5, "axis": "x", "origin": [6.45, 6.11077, 0.86309]},
			"faces": {
				"north": {"uv": [1.75, 6, 1.75, 6.5], "texture": "#1"},
				"east": {"uv": [3, 4.875, 3.5, 5.375], "texture": "#1"},
				"south": {"uv": [1.875, 6, 1.875, 6.5], "texture": "#1"},
				"west": {"uv": [3.625, 4.875, 4.125, 5.375], "texture": "#1"},
				"up": {"uv": [2, 6.5, 2, 6], "texture": "#1"},
				"down": {"uv": [6, 2, 6, 2.5], "texture": "#1"}
			}
		},
		{
			"from": [6.99, -11.97961, 6.99],
			"to": [9.01, 6.04039, 9.01],
			"rotation": {"angle": 0, "axis": "y", "origin": [8.5, 0.53039, 7.5]},
			"faces": {
				"north": {"uv": [0, 2.5, 0.25, 4.75], "texture": "#1"},
				"east": {"uv": [0.375, 2.5, 0.625, 4.75], "texture": "#1"},
				"south": {"uv": [0.75, 2.5, 1, 4.75], "texture": "#1"},
				"west": {"uv": [1.125, 2.5, 1.375, 4.75], "texture": "#1"},
				"up": {"uv": [5.875, 4, 5.625, 3.75], "texture": "#1"},
				"down": {"uv": [5.25, 5.625, 5, 5.875], "texture": "#1"}
			}
		},
		{
			"from": [6.49, -8.27961, 6.49],
			"to": [9.51, 3.74039, 9.51],
			"rotation": {"angle": 0, "axis": "y", "origin": [8, 1.53039, 7]},
			"faces": {
				"north": {"uv": [1.5, 2.5, 1.875, 4], "texture": "#1"},
				"east": {"uv": [2, 2.5, 2.375, 4], "texture": "#1"},
				"south": {"uv": [2.5, 2.5, 2.875, 4], "texture": "#1"},
				"west": {"uv": [3, 2.5, 3.375, 4], "texture": "#1"},
				"up": {"uv": [5.75, 5.875, 5.375, 5.5], "texture": "#1"},
				"down": {"uv": [6, 0, 5.625, 0.375], "texture": "#1"}
			}
		},
		{
			"from": [7.575, -12, 2],
			"to": [7.575, 7, 14],
			"rotation": {"angle": 0, "axis": "y", "origin": [7, 7, 7]},
			"faces": {
				"north": {"uv": [2.125, 6, 2.125, 8.375], "texture": "#1"},
				"east": {"uv": [3.125, 0, 1.625, 2.375], "texture": "#1"},
				"south": {"uv": [2.25, 6, 2.25, 8.375], "texture": "#1"},
				"west": {"uv": [1.625, 0, 3.125, 2.375], "texture": "#1"},
				"up": {"uv": [2.375, 7.5, 2.375, 6], "texture": "#1"},
				"down": {"uv": [2.5, 6, 2.5, 7.5], "texture": "#1"}
			}
		}
	],
	"gui_light": "front",
	"display": {
		"thirdperson_righthand": {
			"translation": [0, 4.25, 1],
			"scale": [0.57, 0.57, 0.57]
		},
		"thirdperson_lefthand": {
			"translation": [0, 4.25, 0.25],
			"scale": [0.57, 0.57, 0.57]
		},
		"firstperson_righthand": {
			"rotation": [15, -6, 1],
			"translation": [1, 7.25, 0.75],
			"scale": [0.65, 0.65, 0.65]
		},
		"firstperson_lefthand": {
			"rotation": [15, -6, 1],
			"translation": [1, 7.25, 0.75],
			"scale": [0.65, 0.65, 0.65]
		},
		"ground": {
			"rotation": [-45, 0, 0],
			"translation": [0, 8.75, 0],
			"scale": [0.5, 0.5, 0.5]
		},
		"gui": {
			"rotation": [90, -135, 90],
			"translation": [3.25, 3.25, 1.5],
			"scale": [0.6, 0.6, 0.6]
		},
		"head": {
			"rotation": [-90, -38, -90],
			"translation": [8.25, -12.25, 4.25],
			"scale": [0.88, 0.88, 0.88]
		},
		"fixed": {
			"rotation": [-90, 45, 90],
			"translation": [-4, 3.25, -0.25],
			"scale": [0.64, 0.64, 0.64]
		}
	},
	"groups": [
		{
			"name": "group",
			"origin": [8, 3, 8.5],
			"color": 0,
			"children": [
				0,
				1,
				2,
				{
					"name": "group",
					"origin": [8, 2.67838, 15.13774],
					"color": 0,
					"children": [3, 4, 5, 6, 7, 8]
				},
				9,
				10,
				11,
				12,
				13,
				14,
				15
			]
		}
	]
}