{
	"credit": "Made with Blockbench",
	"texture_size": [64, 64],
	"textures": {
		"3": "custom/feather_rod"
	},
	"elements": [
		{
			"from": [6.89, -1.97297, 7.14558],
			"to": [6.91, 3.04703, 13.16558],
			"rotation": {"angle": -22.5, "axis": "x", "origin": [7.26875, 5.43167, 5.1959]},
			"faces": {
				"north": {"uv": [7.25, 7.75, 7.25, 9], "texture": "#3"},
				"east": {"uv": [4.5, 0, 6, 1.25], "texture": "#3"},
				"south": {"uv": [2.75, 9.25, 2.75, 10.5], "texture": "#3"},
				"west": {"uv": [4.5, 1.5, 6, 2.75], "texture": "#3"},
				"up": {"uv": [4, 10.75, 4, 9.25], "texture": "#3"},
				"down": {"uv": [7.75, 9.25, 7.75, 10.75], "texture": "#3"}
			}
		},
		{
			"from": [6.34, 5.23799, 6.71969],
			"to": [6.36, 11.25799, 11.73969],
			"rotation": {"angle": 22.5, "axis": "x", "origin": [7.26875, 5.43167, 5.1959]},
			"faces": {
				"north": {"uv": [1.5, 9.5, 1.5, 11], "texture": "#3"},
				"east": {"uv": [4.5, 3, 5.75, 4.5], "texture": "#3"},
				"south": {"uv": [8, 9.5, 8, 11], "texture": "#3"},
				"west": {"uv": [0, 4.75, 1.25, 6.25], "texture": "#3"},
				"up": {"uv": [8.25, 10.75, 8.25, 9.5], "texture": "#3"},
				"down": {"uv": [8.5, 9.5, 8.5, 10.75], "texture": "#3"}
			}
		},
		{
			"from": [6.39, 6.85518, 6.6237],
			"to": [6.41, 12.87518, 11.6437],
			"rotation": {"angle": 45, "axis": "x", "origin": [7.26875, 5.43167, 5.1959]},
			"faces": {
				"north": {"uv": [8.75, 9.5, 8.75, 11], "texture": "#3"},
				"east": {"uv": [1.5, 4.75, 2.75, 6.25], "texture": "#3"},
				"south": {"uv": [9.5, 9.25, 9.5, 10.75], "texture": "#3"},
				"west": {"uv": [3, 4.75, 4.25, 6.25], "texture": "#3"},
				"up": {"uv": [9.75, 1.25, 9.75, 0], "texture": "#3"},
				"down": {"uv": [9.75, 1.5, 9.75, 2.75], "texture": "#3"}
			}
		},
		{
			"from": [5.5, 3.32941, 7.26375],
			"to": [9.5, 7.32941, 11.26375],
			"rotation": {"angle": 45, "axis": "x", "origin": [7.26875, 5.43167, 5.1959]},
			"faces": {
				"north": {"uv": [6.25, 0, 7.25, 1], "texture": "#3"},
				"east": {"uv": [6.25, 1.25, 7.25, 2.25], "texture": "#3"},
				"south": {"uv": [0, 6.5, 1, 7.5], "texture": "#3"},
				"west": {"uv": [1.25, 6.5, 2.25, 7.5], "texture": "#3"},
				"up": {"uv": [3.5, 7.5, 2.5, 6.5], "texture": "#3"},
				"down": {"uv": [7.75, 2.5, 6.75, 3.5], "texture": "#3"}
			}
		},
		{
			"from": [6.49, -6.95531, 6.49],
			"to": [9.51, -3.93531, 9.51],
			"rotation": {"angle": 0, "axis": "y", "origin": [7.26875, 5.43167, 5.1959]},
			"faces": {
				"north": {"uv": [8, 2, 8.75, 2.75], "texture": "#3"},
				"east": {"uv": [8, 3, 8.75, 3.75], "texture": "#3"},
				"south": {"uv": [8, 4, 8.75, 4.75], "texture": "#3"},
				"west": {"uv": [4.5, 8, 5.25, 8.75], "texture": "#3"},
				"up": {"uv": [8.75, 5.75, 8, 5], "texture": "#3"},
				"down": {"uv": [8.75, 6, 8, 6.75], "texture": "#3"}
			}
		},
		{
			"from": [6.99, -3.97961, 6.99],
			"to": [9.01, 8.04039, 9.01],
			"rotation": {"angle": 0, "axis": "y", "origin": [7.26875, 5.43167, 5.1959]},
			"faces": {
				"north": {"uv": [4.5, 4.75, 5, 7.75], "texture": "#3"},
				"east": {"uv": [5.25, 4.75, 5.75, 7.75], "texture": "#3"},
				"south": {"uv": [6, 3, 6.5, 6], "texture": "#3"},
				"west": {"uv": [6, 6.25, 6.5, 9.25], "texture": "#3"},
				"up": {"uv": [2.75, 9, 2.25, 8.5], "texture": "#3"},
				"down": {"uv": [4, 8.5, 3.5, 9], "texture": "#3"}
			}
		},
		{
			"from": [7.575, -16, 6],
			"to": [7.575, 2, 14],
			"rotation": {"angle": 0, "axis": "y", "origin": [7, 15, 7]},
			"faces": {
				"north": {"uv": [3, 9.75, 3, 14.25], "texture": "#3"},
				"east": {"uv": [4.25, 0, 2.25, 4.5], "texture": "#3"},
				"south": {"uv": [3.25, 9.75, 3.25, 14.25], "texture": "#3"},
				"west": {"uv": [2.25, 0, 4.25, 4.5], "texture": "#3"},
				"up": {"uv": [4.75, 11.75, 4.75, 9.75], "texture": "#3"},
				"down": {"uv": [5, 9.75, 5, 11.75], "texture": "#3"}
			}
		},
		{
			"from": [6.49, -0.97961, 6.49],
			"to": [9.51, 0.04039, 9.51],
			"rotation": {"angle": 0, "axis": "y", "origin": [7.26875, 5.43167, 5.1959]},
			"faces": {
				"north": {"uv": [9, 5.75, 9.75, 6], "texture": "#3"},
				"east": {"uv": [9, 6.25, 9.75, 6.5], "texture": "#3"},
				"south": {"uv": [9, 6.75, 9.75, 7], "texture": "#3"},
				"west": {"uv": [9, 7.25, 9.75, 7.5], "texture": "#3"},
				"up": {"uv": [8.75, 7.75, 8, 7], "texture": "#3"},
				"down": {"uv": [8.75, 8, 8, 8.75], "texture": "#3"}
			}
		},
		{
			"from": [6.49, -2.97961, 6.49],
			"to": [9.51, -1.95961, 9.51],
			"rotation": {"angle": 0, "axis": "y", "origin": [7.26875, 5.43167, 5.1959]},
			"faces": {
				"north": {"uv": [9, 7.75, 9.75, 8], "texture": "#3"},
				"east": {"uv": [8, 9, 8.75, 9.25], "texture": "#3"},
				"south": {"uv": [9, 8.25, 9.75, 8.5], "texture": "#3"},
				"west": {"uv": [9, 8.75, 9.75, 9], "texture": "#3"},
				"up": {"uv": [9, 0.75, 8.25, 0], "texture": "#3"},
				"down": {"uv": [9, 1, 8.25, 1.75], "texture": "#3"}
			}
		},
		{
			"from": [6.989, 6.38122, 7.71698],
			"to": [8.991, 13.38322, 9.71898],
			"rotation": {"angle": -22.5, "axis": "x", "origin": [7.26875, 5.43167, 5.1959]},
			"faces": {
				"north": {"uv": [3.75, 6.5, 4.25, 8.25], "texture": "#3"},
				"east": {"uv": [6.75, 3.75, 7.25, 5.5], "texture": "#3"},
				"south": {"uv": [6.75, 5.75, 7.25, 7.5], "texture": "#3"},
				"west": {"uv": [7.5, 0, 8, 1.75], "texture": "#3"},
				"up": {"uv": [9.5, 2.5, 9, 2], "texture": "#3"},
				"down": {"uv": [9.5, 2.75, 9, 3.25], "texture": "#3"}
			}
		},
		{
			"from": [7.5775, 8.58222, 5.96798],
			"to": [8.5775, 8.58222, 7.96798],
			"rotation": {"angle": -22.5, "axis": "x", "origin": [7.26875, 5.43167, 5.1959]},
			"faces": {
				"north": {"uv": [9.5, 5.5, 9.75, 5.5], "texture": "#3"},
				"east": {"uv": [9.75, 3, 10.25, 3], "texture": "#3"},
				"south": {"uv": [9.75, 3.25, 10, 3.25], "texture": "#3"},
				"west": {"uv": [9.75, 9.25, 10.25, 9.25], "texture": "#3"},
				"up": {"uv": [5, 9.5, 4.75, 9], "texture": "#3"},
				"down": {"uv": [9.5, 0, 9.25, 0.5], "texture": "#3"}
			}
		},
		{
			"from": [7.5775, 11.58222, 5.96798],
			"to": [8.5775, 11.58222, 7.96798],
			"rotation": {"angle": -22.5, "axis": "x", "origin": [7.26875, 5.43167, 5.1959]},
			"faces": {
				"north": {"uv": [6.75, 9.75, 7, 9.75], "texture": "#3"},
				"east": {"uv": [9.75, 9.5, 10.25, 9.5], "texture": "#3"},
				"south": {"uv": [9.75, 9.75, 10, 9.75], "texture": "#3"},
				"west": {"uv": [10, 0, 10.5, 0], "texture": "#3"},
				"up": {"uv": [9.5, 1.25, 9.25, 0.75], "texture": "#3"},
				"down": {"uv": [2.5, 9.25, 2.25, 9.75], "texture": "#3"}
			}
		},
		{
			"from": [7.5775, 11.09803, -1.28936],
			"to": [8.5775, 13.09803, -1.28936],
			"rotation": {"angle": 22.5, "axis": "x", "origin": [7.26875, 5.43167, 5.1959]},
			"faces": {
				"north": {"uv": [3.5, 9.25, 3.75, 9.75], "texture": "#3"},
				"east": {"uv": [3.5, 7.75, 3.5, 8.25], "texture": "#3"},
				"south": {"uv": [7.25, 9.25, 7.5, 9.75], "texture": "#3"},
				"west": {"uv": [10, 0.25, 10, 0.75], "texture": "#3"},
				"up": {"uv": [10.25, 1, 10, 1], "texture": "#3"},
				"down": {"uv": [10.25, 1.25, 10, 1.25], "texture": "#3"}
			}
		},
		{
			"from": [7.5775, 13.84544, -0.61623],
			"to": [8.5775, 15.84544, -0.61623],
			"rotation": {"angle": 0, "axis": "y", "origin": [7.26875, 5.43167, 5.1959]},
			"faces": {
				"north": {"uv": [9, 9.25, 9.25, 9.75], "texture": "#3"},
				"east": {"uv": [10, 1.5, 10, 2], "texture": "#3"},
				"south": {"uv": [0, 9.5, 0.25, 10], "texture": "#3"},
				"west": {"uv": [1.75, 10, 1.75, 10.5], "texture": "#3"},
				"up": {"uv": [2.25, 10, 2, 10], "texture": "#3"},
				"down": {"uv": [10.25, 2.25, 10, 2.25], "texture": "#3"}
			}
		},
		{
			"from": [7.5, 12.80115, -6.22839],
			"to": [8.5, 13.80115, -2.22839],
			"rotation": {"angle": 22.5, "axis": "x", "origin": [7.26875, 5.43167, 5.1959]},
			"faces": {
				"north": {"uv": [6.25, 2.5, 6.5, 2.75], "texture": "#3"},
				"east": {"uv": [9, 3.5, 10, 3.75], "texture": "#3"},
				"south": {"uv": [7.5, 2, 7.75, 2.25], "texture": "#3"},
				"west": {"uv": [9, 4, 10, 4.25], "texture": "#3"},
				"up": {"uv": [4.5, 10, 4.25, 9], "texture": "#3"},
				"down": {"uv": [9.25, 4.5, 9, 5.5], "texture": "#3"}
			}
		},
		{
			"from": [8.1125, 11.33322, -4.78257],
			"to": [8.1125, 12.33322, 1.21743],
			"rotation": {"angle": 22.5, "axis": "x", "origin": [7.26875, 5.43167, 5.1959]},
			"faces": {
				"north": {"uv": [4.25, 8.5, 4.25, 8.75], "texture": "#3"},
				"east": {"uv": [0, 8.5, 1.5, 8.75], "texture": "#3"},
				"south": {"uv": [5.25, 9, 5.25, 9.25], "texture": "#3"},
				"west": {"uv": [0, 9, 1.5, 9.25], "texture": "#3"},
				"up": {"uv": [2.5, 11.5, 2.5, 10], "texture": "#3"},
				"down": {"uv": [3.5, 10, 3.5, 11.5], "texture": "#3"}
			}
		},
		{
			"from": [8.1875, 7.70154, -1.75934],
			"to": [8.1875, 14.70154, -0.75934],
			"rotation": {"angle": 0, "axis": "y", "origin": [7.26875, 5.43167, 5.1959]},
			"faces": {
				"north": {"uv": [3.75, 10, 3.75, 11.75], "texture": "#3"},
				"east": {"uv": [3, 7.75, 3.25, 9.5], "texture": "#3"},
				"south": {"uv": [10, 4.5, 10, 6.25], "texture": "#3"},
				"west": {"uv": [6.75, 7.75, 7, 9.5], "texture": "#3"},
				"up": {"uv": [10, 2.75, 10, 2.5], "texture": "#3"},
				"down": {"uv": [5.25, 10, 5.25, 10.25], "texture": "#3"}
			}
		},
		{
			"from": [7.5, 6.70154, -1.75934],
			"to": [8.5, 7.70154, -0.75934],
			"rotation": {"angle": 0, "axis": "y", "origin": [7.26875, 5.43167, 5.1959]},
			"faces": {
				"north": {"uv": [9.25, 1.5, 9.5, 1.75], "texture": "#3"},
				"east": {"uv": [9.5, 4.5, 9.75, 4.75], "texture": "#3"},
				"south": {"uv": [9.5, 5, 9.75, 5.25], "texture": "#3"},
				"west": {"uv": [5.25, 9.5, 5.5, 9.75], "texture": "#3"},
				"up": {"uv": [6, 9.75, 5.75, 9.5], "texture": "#3"},
				"down": {"uv": [6.5, 9.5, 6.25, 9.75], "texture": "#3"}
			}
		},
		{
			"from": [8.1375, 3.17709, 6.38109],
			"to": [8.1375, 13.17709, 7.38109],
			"rotation": {"angle": -22.5, "axis": "x", "origin": [7.26875, 5.43167, 5.1959]},
			"faces": {
				"north": {"uv": [5.5, 10, 5.5, 12.5], "texture": "#3"},
				"east": {"uv": [7.5, 3.75, 7.75, 6.25], "texture": "#3"},
				"south": {"uv": [5.75, 10, 5.75, 12.5], "texture": "#3"},
				"west": {"uv": [7.5, 6.5, 7.75, 9], "texture": "#3"},
				"up": {"uv": [6, 10.25, 6, 10], "texture": "#3"},
				"down": {"uv": [6.25, 10, 6.25, 10.25], "texture": "#3"}
			}
		},
		{
			"from": [7.5, 12.25115, -2.22839],
			"to": [8.5, 14.25115, 2.77161],
			"rotation": {"angle": 22.5, "axis": "x", "origin": [7.26875, 5.43167, 5.1959]},
			"faces": {
				"north": {"uv": [0.5, 9.5, 0.75, 10], "texture": "#3"},
				"east": {"uv": [0, 7.75, 1.25, 8.25], "texture": "#3"},
				"south": {"uv": [1, 9.5, 1.25, 10], "texture": "#3"},
				"west": {"uv": [1.5, 7.75, 2.75, 8.25], "texture": "#3"},
				"up": {"uv": [5.75, 9.25, 5.5, 8], "texture": "#3"},
				"down": {"uv": [2, 8.5, 1.75, 9.75], "texture": "#3"}
			}
		}
	],
	"gui_light": "front",
	"display": {
		"thirdperson_righthand": {
			"rotation": [31, 0, 0],
			"translation": [0, 3.5, 2.75],
			"scale": [0.64, 0.64, 0.64]
		},
		"thirdperson_lefthand": {
			"rotation": [31, 0, 0],
			"translation": [-0.25, 4.75, 3.5],
			"scale": [0.64, 0.64, 0.64]
		},
		"firstperson_righthand": {
			"translation": [4.25, 0, 0]
		},
		"firstperson_lefthand": {
			"translation": [3.5, 0, 0]
		},
		"ground": {
			"rotation": [-35, 0, 0],
			"translation": [0, 10.5, 0],
			"scale": [0.5, 0.5, 0.5]
		},
		"gui": {
			"rotation": [0, -90, 0],
			"translation": [-0.25, 3, -0.75],
			"scale": [0.46, 0.46, 0.46]
		},
		"head": {
			"rotation": [-90, -38, -90],
			"translation": [2.75, -11.75, 5.5],
			"scale": [0.88, 0.88, 0.88]
		},
		"fixed": {
			"rotation": [-90, 65, 90],
			"translation": [0, 3.5, -1],
			"scale": [0.58, 0.58, 0.58]
		}
	},
	"groups": [
		{
			"name": "group",
			"origin": [8, 3, 8.5],
			"color": 0,
			"children": [0, 1, 2, 3, 4, 5, 6, 7, 8, 9, 10, 11, 12, 13, 14, 15, 16, 17, 18, 19]
		}
	]
}