{
	"credit": "Made with Blockbench",
	"texture_size": [64, 64],
	"textures": {
		"4": "custom/leaf_sword",
		"particle": "custom/leaf_sword"
	},
	"elements": [
		{
			"from": [6.49, -6.85531, 6.49],
			"to": [9.51, -3.83531, 9.51],
			"rotation": {"angle": 0, "axis": "y", "origin": [8, -13.04531, 8]},
			"faces": {
				"north": {"uv": [6, 3.75, 6.75, 4.5], "texture": "#4"},
				"east": {"uv": [6, 4.75, 6.75, 5.5], "texture": "#4"},
				"south": {"uv": [6, 6.5, 6.75, 7.25], "texture": "#4"},
				"west": {"uv": [7, 0, 7.75, 0.75], "texture": "#4"},
				"up": {"uv": [7.75, 1.75, 7, 1], "texture": "#4"},
				"down": {"uv": [7.75, 2, 7, 2.75], "texture": "#4"}
			}
		},
		{
			"from": [6.99, -4.97961, 6.99],
			"to": [9.01, 3.04039, 9.01],
			"rotation": {"angle": 0, "axis": "y", "origin": [8.5, 0.53039, 7.5]},
			"faces": {
				"north": {"uv": [3, 6, 3.5, 8], "texture": "#4"},
				"east": {"uv": [3.75, 6, 4.25, 8], "texture": "#4"},
				"south": {"uv": [4.5, 6.5, 5, 8.5], "texture": "#4"},
				"west": {"uv": [5.25, 6.5, 5.75, 8.5], "texture": "#4"},
				"up": {"uv": [8.25, 6.25, 7.75, 5.75], "texture": "#4"},
				"down": {"uv": [0.5, 8, 0, 8.5], "texture": "#4"}
			}
		},
		{
			"from": [7.6, 1.88039, 4.5],
			"to": [7.6, 12.88039, 11.5],
			"rotation": {"angle": 0, "axis": "y", "origin": [7.525, 1.63039, 8.275]},
			"faces": {
				"north": {"uv": [1.75, 8, 1.75, 10.75], "texture": "#4"},
				"east": {"uv": [3, 0, 4.75, 2.75], "texture": "#4"},
				"south": {"uv": [8, 6.5, 8, 9.25], "texture": "#4"},
				"west": {"uv": [3, 3, 4.75, 5.75], "texture": "#4"},
				"up": {"uv": [3, 10, 3, 8.25], "texture": "#4"},
				"down": {"uv": [3.25, 8.25, 3.25, 10], "texture": "#4"}
			}
		},
		{
			"from": [7.875, -14, 3],
			"to": [7.875, 5, 13],
			"rotation": {"angle": 0, "axis": "y", "origin": [7, 7, 7]},
			"faces": {
				"north": {"uv": [8.25, 9, 8.25, 13.75], "texture": "#4"},
				"east": {"uv": [13.5, 4.5, 11, 9.25], "texture": "#4"},
				"south": {"uv": [9.25, 6.5, 9.25, 11.25], "texture": "#4"},
				"west": {"uv": [11, 4.5, 13.5, 9.25], "texture": "#4"},
				"up": {"uv": [0, 12, 0, 9.5], "texture": "#4"},
				"down": {"uv": [9.5, 0, 9.5, 2.5], "texture": "#4"}
			}
		},
		{
			"from": [8.6, 1.88039, 4.5],
			"to": [8.6, 12.88039, 11.5],
			"rotation": {"angle": 0, "axis": "y", "origin": [7.525, 1.63039, 8.275]},
			"faces": {
				"north": {"uv": [3.5, 8.25, 3.5, 11], "texture": "#4"},
				"east": {"uv": [0, 5, 1.75, 7.75], "texture": "#4"},
				"south": {"uv": [3.75, 8.25, 3.75, 11], "texture": "#4"},
				"west": {"uv": [5, 0, 6.75, 2.75], "texture": "#4"},
				"up": {"uv": [4, 10, 4, 8.25], "texture": "#4"},
				"down": {"uv": [4.25, 8.25, 4.25, 10], "texture": "#4"}
			}
		},
		{
			"from": [6.49, -0.27961, 6.49],
			"to": [9.51, 0.74039, 9.51],
			"rotation": {"angle": 0, "axis": "y", "origin": [8, 1.53039, 7]},
			"faces": {
				"north": {"uv": [8, 0, 8.75, 0.25], "texture": "#4"},
				"east": {"uv": [8, 0.5, 8.75, 0.75], "texture": "#4"},
				"south": {"uv": [0.75, 8, 1.5, 8.25], "texture": "#4"},
				"west": {"uv": [8, 1, 8.75, 1.25], "texture": "#4"},
				"up": {"uv": [7.75, 4.5, 7, 3.75], "texture": "#4"},
				"down": {"uv": [7.75, 4.75, 7, 5.5], "texture": "#4"}
			}
		},
		{
			"from": [6.49, -2.27961, 6.49],
			"to": [9.51, -1.25961, 9.51],
			"rotation": {"angle": 0, "axis": "y", "origin": [8, 1.53039, 7]},
			"faces": {
				"north": {"uv": [8, 1.5, 8.75, 1.75], "texture": "#4"},
				"east": {"uv": [8, 2, 8.75, 2.25], "texture": "#4"},
				"south": {"uv": [8, 2.5, 8.75, 2.75], "texture": "#4"},
				"west": {"uv": [8, 3.75, 8.75, 4], "texture": "#4"},
				"up": {"uv": [7.75, 7.25, 7, 6.5], "texture": "#4"},
				"down": {"uv": [6.75, 7.5, 6, 8.25], "texture": "#4"}
			}
		},
		{
			"from": [6.497, 2.497, 2.997],
			"to": [9.503, 4.503, 13.003],
			"rotation": {"angle": 0, "axis": "y", "origin": [8.5, 2, 8]},
			"faces": {
				"north": {"uv": [7, 7.5, 7.75, 8], "texture": "#4"},
				"east": {"uv": [5, 5.75, 7.5, 6.25], "texture": "#4"},
				"south": {"uv": [2, 7.75, 2.75, 8.25], "texture": "#4"},
				"west": {"uv": [6, 3, 8.5, 3.5], "texture": "#4"},
				"up": {"uv": [2.75, 7.5, 2, 5], "texture": "#4"},
				"down": {"uv": [5.75, 3, 5, 5.5], "texture": "#4"}
			}
		},
		{
			"from": [8, 4.4, 5.5],
			"to": [8, 23.4, 10.5],
			"rotation": {"angle": 0, "axis": "y", "origin": [6, -1, 8.5]},
			"faces": {
				"north": {"uv": [8.25, 6.5, 8.25, 11.25], "texture": "#4"},
				"east": {"uv": [0, 0, 1.25, 4.75], "texture": "#4"},
				"south": {"uv": [7, 8.25, 7, 13], "texture": "#4"},
				"west": {"uv": [1.5, 0, 2.75, 4.75], "texture": "#4"},
				"up": {"uv": [8, 5.5, 8, 4.25], "texture": "#4"},
				"down": {"uv": [8.25, 4.25, 8.25, 5.5], "texture": "#4"}
			}
		}
	],
	"gui_light": "front",
	"display": {
		"thirdperson_righthand": {
			"translation": [0, 3.75, 0.25],
			"scale": [0.63, 0.63, 0.63]
		},
		"thirdperson_lefthand": {
			"translation": [0, 3.75, 0.25],
			"scale": [0.63, 0.63, 0.63]
		},
		"firstperson_righthand": {
			"translation": [3.5, 2.5, -1.25],
			"scale": [0.77, 0.77, 0.77]
		},
		"firstperson_lefthand": {
			"translation": [3.5, 2.5, -1.25],
			"scale": [0.77, 0.77, 0.77]
		},
		"ground": {
			"rotation": [-45, 0, 0],
			"translation": [0, 5.75, 0],
			"scale": [0.5, 0.5, 0.5]
		},
		"gui": {
			"rotation": [90, -135, 90],
			"translation": [1.5, 0.75, 1.5],
			"scale": [0.48, 0.48, 0.48]
		},
		"head": {
			"rotation": [-90, -38, -90],
			"translation": [-1.25, -14, 4.25],
			"scale": [0.88, 0.88, 0.88]
		},
		"fixed": {
			"rotation": [-90, 45, 90],
			"translation": [-2, 1.25, -0.25],
			"scale": [0.58, 0.58, 0.58]
		}
	},
	"groups": [
		{
			"name": "group",
			"origin": [8, 3, 8.5],
			"color": 0,
			"children": [0, 1, 2, 3, 4, 5, 6, 7, 8]
		}
	]
}