{
	"credit": "Made with Blockbench",
	"texture_size": [64, 64],
	"textures": {
		"9": "custom/leaf_shovel"
	},
	"elements": [
		{
			"from": [6.49, -13.85531, 6.49],
			"to": [9.51, -10.83531, 9.51],
			"rotation": {"angle": 0, "axis": "y", "origin": [8, -13.04531, 8]},
			"faces": {
				"north": {"uv": [1.5, 8, 2.25, 8.75], "texture": "#9"},
				"east": {"uv": [2.5, 8, 3.25, 8.75], "texture": "#9"},
				"south": {"uv": [7.5, 8, 8.25, 8.75], "texture": "#9"},
				"west": {"uv": [8.5, 0, 9.25, 0.75], "texture": "#9"},
				"up": {"uv": [9.25, 1.75, 8.5, 1], "texture": "#9"},
				"down": {"uv": [9.25, 2, 8.5, 2.75], "texture": "#9"}
			}
		},
		{
			"from": [7.49, 6.02039, 4.49],
			"to": [8.51, 13.04039, 11.51],
			"rotation": {"angle": 0, "axis": "y", "origin": [8, 0.53039, 7]},
			"faces": {
				"north": {"uv": [5.5, 2, 5.75, 3.75], "texture": "#9"},
				"east": {"uv": [4, 5, 5.75, 6.75], "texture": "#9"},
				"south": {"uv": [3.5, 8, 3.75, 9.75], "texture": "#9"},
				"west": {"uv": [5.5, 0, 7.25, 1.75], "texture": "#9"},
				"up": {"uv": [8.75, 9.75, 8.5, 8], "texture": "#9"},
				"down": {"uv": [1.75, 9, 1.5, 10.75], "texture": "#9"}
			}
		},
		{
			"from": [7.5, 11.03039, 8.5],
			"to": [8.5, 16.03039, 13.5],
			"rotation": {"angle": 45, "axis": "x", "origin": [8, 16.53039, 8]},
			"faces": {
				"north": {"uv": [8.5, 5, 8.75, 6.25], "texture": "#9"},
				"east": {"uv": [7.5, 6.5, 8.75, 7.75], "texture": "#9"},
				"south": {"uv": [2, 9, 2.25, 10.25], "texture": "#9"},
				"west": {"uv": [0, 8, 1.25, 9.25], "texture": "#9"},
				"up": {"uv": [2.75, 10.25, 2.5, 9], "texture": "#9"},
				"down": {"uv": [3.25, 9, 3, 10.25], "texture": "#9"}
			}
		},
		{
			"from": [6.99, -11.97961, 6.99],
			"to": [9.01, 6.04039, 9.01],
			"rotation": {"angle": 0, "axis": "y", "origin": [8.5, 0.53039, 7.5]},
			"faces": {
				"north": {"uv": [6, 2, 6.5, 6.5], "texture": "#9"},
				"east": {"uv": [6.75, 2, 7.25, 6.5], "texture": "#9"},
				"south": {"uv": [6, 6.75, 6.5, 11.25], "texture": "#9"},
				"west": {"uv": [6.75, 6.75, 7.25, 11.25], "texture": "#9"},
				"up": {"uv": [9.5, 5.5, 9, 5], "texture": "#9"},
				"down": {"uv": [9.5, 5.75, 9, 6.25], "texture": "#9"}
			}
		},
		{
			"from": [6.49, -8.27961, 6.49],
			"to": [9.51, 3.74039, 9.51],
			"rotation": {"angle": 0, "axis": "y", "origin": [8, 1.53039, 7]},
			"faces": {
				"north": {"uv": [4, 7, 4.75, 10], "texture": "#9"},
				"east": {"uv": [5, 7, 5.75, 10], "texture": "#9"},
				"south": {"uv": [7.5, 0, 8.25, 3], "texture": "#9"},
				"west": {"uv": [7.5, 3.25, 8.25, 6.25], "texture": "#9"},
				"up": {"uv": [9.25, 3.75, 8.5, 3], "texture": "#9"},
				"down": {"uv": [9.25, 4, 8.5, 4.75], "texture": "#9"}
			}
		},
		{
			"from": [6.6, 0.88039, 4.8],
			"to": [6.6, 11.88039, 11.8],
			"rotation": {"angle": 0, "axis": "y", "origin": [7.525, 1.63039, 8.275]},
			"faces": {
				"north": {"uv": [9, 6.5, 9, 9.25], "texture": "#9"},
				"east": {"uv": [0, 5, 1.75, 7.75], "texture": "#9"},
				"south": {"uv": [7.5, 9, 7.5, 11.75], "texture": "#9"},
				"west": {"uv": [2, 5, 3.75, 7.75], "texture": "#9"},
				"up": {"uv": [7.75, 10.75, 7.75, 9], "texture": "#9"},
				"down": {"uv": [8, 9, 8, 10.75], "texture": "#9"}
			}
		},
		{
			"from": [8, -13, 4],
			"to": [8, 6, 14],
			"rotation": {"angle": 0, "axis": "y", "origin": [7, 7, 7]},
			"faces": {
				"north": {"uv": [8.25, 9, 8.25, 13.75], "texture": "#9"},
				"east": {"uv": [0, 0, 2.5, 4.75], "texture": "#9"},
				"south": {"uv": [9.25, 6.5, 9.25, 11.25], "texture": "#9"},
				"west": {"uv": [2.75, 0, 5.25, 4.75], "texture": "#9"},
				"up": {"uv": [0, 12, 0, 9.5], "texture": "#9"},
				"down": {"uv": [9.5, 0, 9.5, 2.5], "texture": "#9"}
			}
		},
		{
			"from": [6.49, -13.85531, 6.49],
			"to": [9.51, -10.83531, 9.51],
			"rotation": {"angle": 0, "axis": "y", "origin": [8, -13.04531, 8]},
			"faces": {
				"north": {"uv": [1.5, 8, 2.25, 8.75], "texture": "#9"},
				"east": {"uv": [2.5, 8, 3.25, 8.75], "texture": "#9"},
				"south": {"uv": [7.5, 8, 8.25, 8.75], "texture": "#9"},
				"west": {"uv": [8.5, 0, 9.25, 0.75], "texture": "#9"},
				"up": {"uv": [9.25, 1.75, 8.5, 1], "texture": "#9"},
				"down": {"uv": [9.25, 2, 8.5, 2.75], "texture": "#9"}
			}
		},
		{
			"from": [7.49, 6.02039, 4.49],
			"to": [8.51, 13.04039, 11.51],
			"rotation": {"angle": 0, "axis": "y", "origin": [8, 0.53039, 7]},
			"faces": {
				"north": {"uv": [5.5, 2, 5.75, 3.75], "texture": "#9"},
				"east": {"uv": [4, 5, 5.75, 6.75], "texture": "#9"},
				"south": {"uv": [3.5, 8, 3.75, 9.75], "texture": "#9"},
				"west": {"uv": [5.5, 0, 7.25, 1.75], "texture": "#9"},
				"up": {"uv": [8.75, 9.75, 8.5, 8], "texture": "#9"},
				"down": {"uv": [1.75, 9, 1.5, 10.75], "texture": "#9"}
			}
		},
		{
			"from": [7.5, 11.03039, 8.5],
			"to": [8.5, 16.03039, 13.5],
			"rotation": {"angle": 45, "axis": "x", "origin": [8, 16.53039, 8]},
			"faces": {
				"north": {"uv": [8.5, 5, 8.75, 6.25], "texture": "#9"},
				"east": {"uv": [7.5, 6.5, 8.75, 7.75], "texture": "#9"},
				"south": {"uv": [2, 9, 2.25, 10.25], "texture": "#9"},
				"west": {"uv": [0, 8, 1.25, 9.25], "texture": "#9"},
				"up": {"uv": [2.75, 10.25, 2.5, 9], "texture": "#9"},
				"down": {"uv": [3.25, 9, 3, 10.25], "texture": "#9"}
			}
		},
		{
			"from": [6.99, -11.97961, 6.99],
			"to": [9.01, 6.04039, 9.01],
			"rotation": {"angle": 0, "axis": "y", "origin": [8.5, 0.53039, 7.5]},
			"faces": {
				"north": {"uv": [6, 2, 6.5, 6.5], "texture": "#9"},
				"east": {"uv": [6.75, 2, 7.25, 6.5], "texture": "#9"},
				"south": {"uv": [6, 6.75, 6.5, 11.25], "texture": "#9"},
				"west": {"uv": [6.75, 6.75, 7.25, 11.25], "texture": "#9"},
				"up": {"uv": [9.5, 5.5, 9, 5], "texture": "#9"},
				"down": {"uv": [9.5, 5.75, 9, 6.25], "texture": "#9"}
			}
		},
		{
			"from": [6.49, -8.27961, 6.49],
			"to": [9.51, 3.74039, 9.51],
			"rotation": {"angle": 0, "axis": "y", "origin": [8, 1.53039, 7]},
			"faces": {
				"north": {"uv": [4, 7, 4.75, 10], "texture": "#9"},
				"east": {"uv": [5, 7, 5.75, 10], "texture": "#9"},
				"south": {"uv": [7.5, 0, 8.25, 3], "texture": "#9"},
				"west": {"uv": [7.5, 3.25, 8.25, 6.25], "texture": "#9"},
				"up": {"uv": [9.25, 3.75, 8.5, 3], "texture": "#9"},
				"down": {"uv": [9.25, 4, 8.5, 4.75], "texture": "#9"}
			}
		},
		{
			"from": [6.6, 0.88039, 4.8],
			"to": [6.6, 11.88039, 11.8],
			"rotation": {"angle": 0, "axis": "y", "origin": [7.525, 1.63039, 8.275]},
			"faces": {
				"north": {"uv": [9, 6.5, 9, 9.25], "texture": "#9"},
				"east": {"uv": [0, 5, 1.75, 7.75], "texture": "#9"},
				"south": {"uv": [7.5, 9, 7.5, 11.75], "texture": "#9"},
				"west": {"uv": [2, 5, 3.75, 7.75], "texture": "#9"},
				"up": {"uv": [7.75, 10.75, 7.75, 9], "texture": "#9"},
				"down": {"uv": [8, 9, 8, 10.75], "texture": "#9"}
			}
		}
	],
	"gui_light": "front",
	"display": {
		"thirdperson_righthand": {
			"translation": [0, 5.5, 1],
			"scale": [0.57, 0.57, 0.57]
		},
		"thirdperson_lefthand": {
			"rotation": [0, -180, 0],
			"translation": [0, 5.5, 1],
			"scale": [0.57, 0.57, 0.57]
		},
		"firstperson_righthand": {
			"rotation": [15, -6, 1],
			"translation": [3.25, 3.75, -0.75],
			"scale": [0.65, 0.65, 0.65]
		},
		"firstperson_lefthand": {
			"rotation": [15, 180, 1],
			"translation": [4.5, 4.5, -0.5],
			"scale": [0.65, 0.65, 0.65]
		},
		"ground": {
			"rotation": [-45, 0, 0],
			"translation": [0, 6.75, 0],
			"scale": [0.5, 0.5, 0.5]
		},
		"gui": {
			"rotation": [-90, 135, 90],
			"translation": [3, 2.75, 1.5],
			"scale": [0.48, 0.48, 0.48]
		},
		"head": {
			"rotation": [90, -38, -90],
			"translation": [3.75, -17, 4.25],
			"scale": [0.88, 0.88, 0.88]
		},
		"fixed": {
			"rotation": [90, -45, 90],
			"translation": [-4, 3.5, -0.25],
			"scale": [0.65, 0.65, 0.65]
		}
	},
	"groups": [
		{
			"name": "group",
			"origin": [8, 3, 8.5],
			"color": 0,
			"children": [0, 1, 2, 3, 4, 5, 6]
		},
		{
			"name": "group",
			"origin": [8, 3, 8.5],
			"color": 0,
			"children": [7, 8, 9, 10, 11, 12]
		}
	]
}