{
	"credit": "Made with Blockbench",
	"texture_size": [128, 128],
	"textures": {
		"3": "custom/old_bow"
	},
	"elements": [
		{
			"from": [8.05, -8.44405, 17.5],
			"to": [8.05, 7.55595, 18.5],
			"rotation": {"angle": 22.5, "axis": "x", "origin": [8, 5.05595, 13.5]},
			"faces": {
				"north": {"uv": [3.125, 5.25, 3.125, 7.25], "texture": "#3"},
				"east": {"uv": [1, 1.875, 1.125, 3.875], "texture": "#3"},
				"south": {"uv": [3.25, 5.25, 3.25, 7.25], "texture": "#3"},
				"west": {"uv": [1.25, 1.875, 1.375, 3.875], "texture": "#3"},
				"up": {"uv": [2.625, 0.625, 2.625, 0.5], "texture": "#3"},
				"down": {"uv": [2.625, 0.75, 2.625, 0.875], "texture": "#3"}
			}
		},
		{
			"from": [8, 2.55595, 17.5],
			"to": [8, 18.55595, 18.5],
			"rotation": {"angle": -22.5, "axis": "x", "origin": [8, 5.05595, 13.5]},
			"faces": {
				"north": {"uv": [4.75, 5.25, 4.75, 7.25], "texture": "#3"},
				"east": {"uv": [1.5, 1.875, 1.625, 3.875], "texture": "#3"},
				"south": {"uv": [4.875, 5.25, 4.875, 7.25], "texture": "#3"},
				"west": {"uv": [1.75, 1.875, 1.875, 3.875], "texture": "#3"},
				"up": {"uv": [3.625, 2.375, 3.625, 2.25], "texture": "#3"},
				"down": {"uv": [3.625, 2.5, 3.625, 2.625], "texture": "#3"}
			}
		},
		{
			"from": [8.075, 3.4, 0.9],
			"to": [8.075, 6.4, 20.9],
			"rotation": {"angle": 0, "axis": "y", "origin": [6.9, 0, 0]},
			"faces": {
				"north": {"uv": [2.875, 4.125, 2.875, 4.5], "texture": "#3"},
				"east": {"uv": [0, 0, 2.5, 0.375], "texture": "#3"},
				"south": {"uv": [5.25, 3.75, 5.25, 4.125], "texture": "#3"},
				"west": {"uv": [2.5, 0, 0, 0.375], "texture": "#3"},
				"up": {"uv": [0.625, 7.875, 0.625, 5.375], "texture": "#3"},
				"down": {"uv": [0.75, 5.375, 0.75, 7.875], "texture": "#3"}
			}
		},
		{
			"from": [6.36154, -0.44405, 5.4],
			"to": [9.36154, 2.55595, 8.4],
			"rotation": {"angle": 0, "axis": "y", "origin": [7.71154, 6.05595, 21]},
			"faces": {
				"north": {"uv": [3.375, 3.875, 3.75, 4.25], "texture": "#3"},
				"east": {"uv": [3.875, 3.75, 4.25, 4.125], "texture": "#3"},
				"south": {"uv": [4, 0, 4.375, 0.375], "texture": "#3"},
				"west": {"uv": [0.5, 4, 0.875, 4.375], "texture": "#3"},
				"up": {"uv": [4.375, 0.875, 4, 0.5], "texture": "#3"},
				"down": {"uv": [1.375, 4, 1, 4.375], "texture": "#3"}
			}
		},
		{
			"from": [6.36154, 18.76063, 4.94935],
			"to": [9.36154, 20.76063, 10.94935],
			"rotation": {"angle": 45, "axis": "x", "origin": [7.86154, 14.23563, 10.44935]},
			"faces": {
				"north": {"uv": [4, 1.5, 4.375, 1.75], "texture": "#3"},
				"east": {"uv": [2.75, 2.125, 3.5, 2.375], "texture": "#3"},
				"south": {"uv": [4.25, 4.75, 4.625, 5], "texture": "#3"},
				"west": {"uv": [2.75, 2.5, 3.5, 2.75], "texture": "#3"},
				"up": {"uv": [0.875, 1.75, 0.5, 1], "texture": "#3"},
				"down": {"uv": [1.375, 1, 1, 1.75], "texture": "#3"}
			}
		},
		{
			"from": [6.36154, 15.46774, 8.24225],
			"to": [9.36154, 19.46774, 11.24225],
			"rotation": {"angle": 45, "axis": "x", "origin": [7.86154, 14.94274, 9.74225]},
			"faces": {
				"north": {"uv": [0.5, 2.75, 0.875, 3.25], "texture": "#3"},
				"east": {"uv": [2.75, 2.875, 3.125, 3.375], "texture": "#3"},
				"south": {"uv": [3, 0, 3.375, 0.5], "texture": "#3"},
				"west": {"uv": [3, 0.625, 3.375, 1.125], "texture": "#3"},
				"up": {"uv": [4.375, 1.375, 4, 1], "texture": "#3"},
				"down": {"uv": [1.875, 4, 1.5, 4.375], "texture": "#3"}
			}
		},
		{
			"from": [6.36154, 11.77844, 9.19927],
			"to": [9.36154, 14.77844, 12.19927],
			"rotation": {"angle": -45, "axis": "x", "origin": [7.86154, 11.77844, 8.69927]},
			"faces": {
				"north": {"uv": [4.125, 2.25, 4.5, 2.625], "texture": "#3"},
				"east": {"uv": [2.375, 4.125, 2.75, 4.5], "texture": "#3"},
				"south": {"uv": [0, 4.25, 0.375, 4.625], "texture": "#3"},
				"west": {"uv": [4.25, 2.75, 4.625, 3.125], "texture": "#3"},
				"up": {"uv": [4.625, 3.625, 4.25, 3.25], "texture": "#3"},
				"down": {"uv": [4.25, 4.25, 3.875, 4.625], "texture": "#3"}
			}
		},
		{
			"from": [6.999, 9.82922, 6.05149],
			"to": [9.001, 13.83122, 9.05349],
			"rotation": {"angle": 22.5, "axis": "x", "origin": [7.5, 11.83022, 7.55249]},
			"faces": {
				"north": {"uv": [3, 4.625, 3.25, 5.125], "texture": "#3"},
				"east": {"uv": [3, 1.25, 3.375, 1.75], "texture": "#3"},
				"south": {"uv": [4.75, 2.5, 5, 3], "texture": "#3"},
				"west": {"uv": [2, 3.125, 2.375, 3.625], "texture": "#3"},
				"up": {"uv": [5, 5.125, 4.75, 4.75], "texture": "#3"},
				"down": {"uv": [3.625, 4.875, 3.375, 5.25], "texture": "#3"}
			}
		},
		{
			"from": [6.36154, 7.55595, 5.4],
			"to": [9.36154, 10.55595, 8.4],
			"rotation": {"angle": 0, "axis": "y", "origin": [7.71154, 4.05595, 21]},
			"faces": {
				"north": {"uv": [3.375, 4.375, 3.75, 4.75], "texture": "#3"},
				"east": {"uv": [4.375, 3.75, 4.75, 4.125], "texture": "#3"},
				"south": {"uv": [4.375, 4.25, 4.75, 4.625], "texture": "#3"},
				"west": {"uv": [4.5, 0, 4.875, 0.375], "texture": "#3"},
				"up": {"uv": [0.875, 4.875, 0.5, 4.5], "texture": "#3"},
				"down": {"uv": [4.875, 0.5, 4.5, 0.875], "texture": "#3"}
			}
		},
		{
			"from": [6.999, -3.71933, 6.05149],
			"to": [9.001, 0.28267, 9.05349],
			"rotation": {"angle": -22.5, "axis": "x", "origin": [7.5, -1.71833, 7.55249]},
			"faces": {
				"north": {"uv": [4.75, 3.125, 5, 3.625], "texture": "#3"},
				"east": {"uv": [3.25, 2.875, 3.625, 3.375], "texture": "#3"},
				"south": {"uv": [3.875, 4.75, 4.125, 5.25], "texture": "#3"},
				"west": {"uv": [0.5, 3.375, 0.875, 3.875], "texture": "#3"},
				"up": {"uv": [5.125, 4.125, 4.875, 3.75], "texture": "#3"},
				"down": {"uv": [5.125, 4.25, 4.875, 4.625], "texture": "#3"}
			}
		},
		{
			"from": [6.36154, -4.66655, 9.19927],
			"to": [9.36154, -1.66655, 12.19927],
			"rotation": {"angle": 45, "axis": "x", "origin": [7.86154, -1.66655, 8.69927]},
			"faces": {
				"north": {"uv": [1, 4.5, 1.375, 4.875], "texture": "#3"},
				"east": {"uv": [4.5, 1, 4.875, 1.375], "texture": "#3"},
				"south": {"uv": [1.5, 4.5, 1.875, 4.875], "texture": "#3"},
				"west": {"uv": [4.5, 1.5, 4.875, 1.875], "texture": "#3"},
				"up": {"uv": [2.375, 5, 2, 4.625], "texture": "#3"},
				"down": {"uv": [5, 2, 4.625, 2.375], "texture": "#3"}
			}
		},
		{
			"from": [6.36154, -9.35585, 8.24225],
			"to": [9.36154, -5.35585, 11.24225],
			"rotation": {"angle": -45, "axis": "x", "origin": [7.86154, -4.83085, 9.74225]},
			"faces": {
				"north": {"uv": [3.5, 0, 3.875, 0.5], "texture": "#3"},
				"east": {"uv": [3.5, 0.625, 3.875, 1.125], "texture": "#3"},
				"south": {"uv": [3.5, 1.25, 3.875, 1.75], "texture": "#3"},
				"west": {"uv": [2.5, 3.5, 2.875, 4], "texture": "#3"},
				"up": {"uv": [2.875, 5, 2.5, 4.625], "texture": "#3"},
				"down": {"uv": [0.375, 4.75, 0, 5.125], "texture": "#3"}
			}
		},
		{
			"from": [6.36154, -10.64874, 4.94935],
			"to": [9.36154, -8.64874, 10.94935],
			"rotation": {"angle": -45, "axis": "x", "origin": [7.86154, -4.12374, 10.44935]},
			"faces": {
				"north": {"uv": [5, 0, 5.375, 0.25], "texture": "#3"},
				"east": {"uv": [3, 3.5, 3.75, 3.75], "texture": "#3"},
				"south": {"uv": [5, 0.375, 5.375, 0.625], "texture": "#3"},
				"west": {"uv": [3.625, 1.875, 4.375, 2.125], "texture": "#3"},
				"up": {"uv": [1.875, 1.75, 1.5, 1], "texture": "#3"},
				"down": {"uv": [0.875, 1.875, 0.5, 2.625], "texture": "#3"}
			}
		},
		{
			"from": [7, -8.64874, 4.94935],
			"to": [9, -6.64874, 5.94935],
			"rotation": {"angle": -45, "axis": "x", "origin": [8.5, -4.12374, 10.44935]},
			"faces": {
				"north": {"uv": [0.5, 5, 0.75, 5.25], "texture": "#3"},
				"east": {"uv": [2.5, 3.125, 2.625, 3.375], "texture": "#3"},
				"south": {"uv": [5, 0.75, 5.25, 1], "texture": "#3"},
				"west": {"uv": [1.625, 5, 1.75, 5.25], "texture": "#3"},
				"up": {"uv": [3.25, 2, 3, 1.875], "texture": "#3"},
				"down": {"uv": [2.125, 5.125, 1.875, 5.25], "texture": "#3"}
			}
		},
		{
			"from": [7, 18.48997, 10.12436],
			"to": [9, 19.48997, 11.12436],
			"rotation": {"angle": 45, "axis": "x", "origin": [8.5, 20.13997, 10.44936]},
			"faces": {
				"north": {"uv": [5.125, 1.875, 5.375, 2], "texture": "#3"},
				"east": {"uv": [3.375, 1.875, 3.5, 2], "texture": "#3"},
				"south": {"uv": [5.125, 2.125, 5.375, 2.25], "texture": "#3"},
				"west": {"uv": [0, 5.25, 0.125, 5.375], "texture": "#3"},
				"up": {"uv": [2.5, 5.25, 2.25, 5.125], "texture": "#3"},
				"down": {"uv": [5.375, 2.375, 5.125, 2.5], "texture": "#3"}
			}
		},
		{
			"from": [7, 18.48997, 9.12436],
			"to": [9, 20.48997, 10.12436],
			"rotation": {"angle": 45, "axis": "x", "origin": [8.5, 20.13997, 10.44936]},
			"faces": {
				"north": {"uv": [0.875, 5, 1.125, 5.25], "texture": "#3"},
				"east": {"uv": [2.625, 5.125, 2.75, 5.375], "texture": "#3"},
				"south": {"uv": [5, 1.125, 5.25, 1.375], "texture": "#3"},
				"west": {"uv": [5.125, 2.625, 5.25, 2.875], "texture": "#3"},
				"up": {"uv": [5.375, 3.125, 5.125, 3], "texture": "#3"},
				"down": {"uv": [5.375, 3.25, 5.125, 3.375], "texture": "#3"}
			}
		},
		{
			"from": [7, -7.64874, 5.94935],
			"to": [9, -6.64874, 6.94935],
			"rotation": {"angle": -45, "axis": "x", "origin": [8.5, -4.12374, 10.44935]},
			"faces": {
				"north": {"uv": [5.125, 3.5, 5.375, 3.625], "texture": "#3"},
				"east": {"uv": [0.25, 5.25, 0.375, 5.375], "texture": "#3"},
				"south": {"uv": [4.25, 5.125, 4.5, 5.25], "texture": "#3"},
				"west": {"uv": [2.875, 5.25, 3, 5.375], "texture": "#3"},
				"up": {"uv": [5.375, 4.875, 5.125, 4.75], "texture": "#3"},
				"down": {"uv": [5.375, 5, 5.125, 5.125], "texture": "#3"}
			}
		},
		{
			"from": [6.86154, 2.55595, 6],
			"to": [8.86154, 7.55595, 8],
			"rotation": {"angle": 0, "axis": "y", "origin": [7.86154, 5.05595, 21]},
			"faces": {
				"north": {"uv": [2, 3.75, 2.25, 4.375], "texture": "#3"},
				"east": {"uv": [3.75, 2.25, 4, 2.875], "texture": "#3"},
				"south": {"uv": [3, 3.875, 3.25, 4.5], "texture": "#3"},
				"west": {"uv": [3.875, 3, 4.125, 3.625], "texture": "#3"},
				"up": {"uv": [1.5, 5.25, 1.25, 5], "texture": "#3"},
				"down": {"uv": [5.25, 1.5, 5, 1.75], "texture": "#3"}
			}
		}
	],
	"gui_light": "front",
	"display": {
		"thirdperson_righthand": {
			"scale": [0.61, 0.61, 0.61]
		},
		"thirdperson_lefthand": {
			"scale": [0.61, 0.61, 0.61]
		},
		"firstperson_righthand": {
			"rotation": [14, 18, 0],
			"translation": [1.5, 5, 3],
			"scale": [0.28, 0.28, 0.28]
		},
		"firstperson_lefthand": {
			"rotation": [18, -10, -1],
			"translation": [1.5, 5, 3.25],
			"scale": [0.28, 0.28, 0.28]
		},
		"ground": {
			"rotation": [-45, 0, 0],
			"translation": [0, 5.25, 0],
			"scale": [0.5, 0.5, 0.5]
		},
		"gui": {
			"rotation": [90, -45, -90],
			"translation": [2.5, 0.5, -0.25],
			"scale": [0.46, 0.46, 0.46]
		},
		"head": {
			"rotation": [90, -38, -90],
			"translation": [5.5, -15.5, 4.25],
			"scale": [0.87, 0.87, 0.87]
		},
		"fixed": {
			"rotation": [-90, 45, 90],
			"translation": [-3.25, -1, -0.25],
			"scale": [0.58, 0.58, 0.58]
		}
	},
	"groups": [
		{
			"name": "group",
			"origin": [6.5, -3.12374, 10.44935],
			"color": 0,
			"children": [
				0,
				1,
				2,
				{
					"name": "group",
					"origin": [8, 5.05595, 13.5],
					"color": 0,
					"children": []
				},
				3,
				4,
				5,
				6,
				7,
				8,
				9,
				10,
				11,
				12,
				13,
				14,
				15,
				16,
				17
			]
		}
	]
}