{
	"credit": "Made with Blockbench",
	"texture_size": [64, 64],
	"textures": {
		"1": "custom/pumpkin_shield",
		"particle": "custom/pumpkin_shield"
	},
	"elements": [
		{
			"from": [1.34315, 0, 7],
			"to": [16.34315, 15, 8],
			"rotation": {"angle": -45, "axis": "z", "origin": [2.34315, 9, 8]},
			"faces": {
				"north": {"uv": [0, 0, 3.75, 3.75], "texture": "#1"},
				"east": {"uv": [2.25, 8, 2.5, 11.75], "texture": "#1"},
				"south": {"uv": [0, 4, 3.75, 7.75], "texture": "#1"},
				"west": {"uv": [2.75, 8, 3, 11.75], "texture": "#1"},
				"up": {"uv": [11.75, 3.25, 8, 3], "texture": "#1"},
				"down": {"uv": [7, 8, 3.25, 8.25], "texture": "#1"}
			}
		},
		{
			"from": [5, 6.325, 6.35],
			"to": [7, 8.325, 6.35],
			"rotation": {"angle": 0, "axis": "y", "origin": [9, 8, 5]},
			"faces": {
				"north": {"uv": [8.75, 0, 9.25, 0.5], "texture": "#1"},
				"east": {"uv": [7.75, 8, 7.75, 8.5], "texture": "#1"},
				"south": {"uv": [8.75, 0.75, 9.25, 1.25], "texture": "#1"},
				"west": {"uv": [7.75, 8.75, 7.75, 9.25], "texture": "#1"},
				"up": {"uv": [9.25, 2.75, 8.75, 2.75], "texture": "#1"},
				"down": {"uv": [10, 2.75, 9.5, 2.75], "texture": "#1"}
			}
		},
		{
			"from": [4.37868, 7.84315, 8],
			"to": [7.37868, 10.84315, 9],
			"rotation": {"angle": 0, "axis": "y", "origin": [5.87868, 3.34315, 9.5]},
			"faces": {
				"north": {"uv": [4.25, 8.5, 5, 9.25], "texture": "#1"},
				"east": {"uv": [5.75, 9.5, 6, 10.25], "texture": "#1"},
				"south": {"uv": [5.25, 8.5, 6, 9.25], "texture": "#1"},
				"west": {"uv": [6.75, 10, 7, 10.75], "texture": "#1"},
				"up": {"uv": [10.75, 1, 10, 0.75], "texture": "#1"},
				"down": {"uv": [10.75, 10, 10, 10.25], "texture": "#1"}
			}
		},
		{
			"from": [5.37868, 9.84315, 9],
			"to": [6.37868, 10.84315, 11],
			"rotation": {"angle": 0, "axis": "y", "origin": [5.87868, 3.34315, 9.5]},
			"faces": {
				"north": {"uv": [0.75, 11, 1, 11.25], "texture": "#1"},
				"east": {"uv": [4.25, 10.25, 4.75, 10.5], "texture": "#1"},
				"south": {"uv": [11, 0.75, 11.25, 1], "texture": "#1"},
				"west": {"uv": [5, 10.25, 5.5, 10.5], "texture": "#1"},
				"up": {"uv": [10.5, 8.5, 10.25, 8], "texture": "#1"},
				"down": {"uv": [10.5, 8.75, 10.25, 9.25], "texture": "#1"}
			}
		},
		{
			"from": [5.37868, 6.84315, 11],
			"to": [6.37868, 10.84315, 12],
			"rotation": {"angle": 0, "axis": "y", "origin": [5.87868, 3.34315, 9.5]},
			"faces": {
				"north": {"uv": [8.75, 1.5, 9, 2.5], "texture": "#1"},
				"east": {"uv": [9, 8.5, 9.25, 9.5], "texture": "#1"},
				"south": {"uv": [9.25, 1.5, 9.5, 2.5], "texture": "#1"},
				"west": {"uv": [9.5, 0, 9.75, 1], "texture": "#1"},
				"up": {"uv": [1.5, 11.25, 1.25, 11], "texture": "#1"},
				"down": {"uv": [11.25, 1.25, 11, 1.5], "texture": "#1"}
			}
		},
		{
			"from": [1.34315, 13, 6],
			"to": [16.34315, 15, 7],
			"rotation": {"angle": -45, "axis": "z", "origin": [2.34315, 9, 8]},
			"faces": {
				"north": {"uv": [5.75, 5, 9.5, 5.5], "texture": "#1"},
				"east": {"uv": [10.5, 1.25, 10.75, 1.75], "texture": "#1"},
				"south": {"uv": [5.75, 5.75, 9.5, 6.25], "texture": "#1"},
				"west": {"uv": [10.5, 2, 10.75, 2.5], "texture": "#1"},
				"up": {"uv": [11.75, 3.75, 8, 3.5], "texture": "#1"},
				"down": {"uv": [11.75, 4, 8, 4.25], "texture": "#1"}
			}
		},
		{
			"from": [1.34315, 0, 6],
			"to": [16.34315, 2, 7],
			"rotation": {"angle": -45, "axis": "z", "origin": [2.34315, 9, 8]},
			"faces": {
				"north": {"uv": [4, 6.5, 7.75, 7], "texture": "#1"},
				"east": {"uv": [10.5, 5, 10.75, 5.5], "texture": "#1"},
				"south": {"uv": [4, 7.25, 7.75, 7.75], "texture": "#1"},
				"west": {"uv": [5.75, 10.5, 6, 11], "texture": "#1"},
				"up": {"uv": [11.75, 4.75, 8, 4.5], "texture": "#1"},
				"down": {"uv": [11.75, 6.5, 8, 6.75], "texture": "#1"}
			}
		},
		{
			"from": [12.34315, 2, 6],
			"to": [14.34315, 4, 7],
			"rotation": {"angle": -45, "axis": "z", "origin": [2.34315, 9, 9]},
			"faces": {
				"north": {"uv": [4.25, 9.5, 4.75, 10], "texture": "#1"},
				"east": {"uv": [10.5, 5.75, 10.75, 6.25], "texture": "#1"},
				"south": {"uv": [5, 9.5, 5.5, 10], "texture": "#1"},
				"west": {"uv": [6.25, 10.5, 6.5, 11], "texture": "#1"},
				"up": {"uv": [10.75, 9.75, 10.25, 9.5], "texture": "#1"},
				"down": {"uv": [10.5, 10.5, 10, 10.75], "texture": "#1"}
			}
		},
		{
			"from": [12.34315, 11, 6],
			"to": [14.34315, 13, 7],
			"rotation": {"angle": -45, "axis": "z", "origin": [2.34315, 9, 9]},
			"faces": {
				"north": {"uv": [9.5, 8.5, 10, 9], "texture": "#1"},
				"east": {"uv": [10.75, 0, 11, 0.5], "texture": "#1"},
				"south": {"uv": [9.5, 9.25, 10, 9.75], "texture": "#1"},
				"west": {"uv": [4.25, 10.75, 4.5, 11.25], "texture": "#1"},
				"up": {"uv": [5.25, 11, 4.75, 10.75], "texture": "#1"},
				"down": {"uv": [11.25, 7, 10.75, 7.25], "texture": "#1"}
			}
		},
		{
			"from": [3.34415, 11.001, 6.001],
			"to": [5.34215, 12.999, 7.999],
			"rotation": {"angle": -45, "axis": "z", "origin": [2.34315, 9, 9]},
			"faces": {
				"north": {"uv": [9.75, 1.25, 10.25, 1.75], "texture": "#1"},
				"east": {"uv": [9.75, 2, 10.25, 2.5], "texture": "#1"},
				"south": {"uv": [9.75, 5, 10.25, 5.5], "texture": "#1"},
				"west": {"uv": [9.75, 5.75, 10.25, 6.25], "texture": "#1"},
				"up": {"uv": [10.5, 0.5, 10, 0], "texture": "#1"},
				"down": {"uv": [8.25, 10, 7.75, 10.5], "texture": "#1"}
			}
		},
		{
			"from": [3.34315, 2, 6],
			"to": [5.34315, 4, 7],
			"rotation": {"angle": -45, "axis": "z", "origin": [2.34315, 9, 9]},
			"faces": {
				"north": {"uv": [8.5, 10, 9, 10.5], "texture": "#1"},
				"east": {"uv": [10.75, 7.5, 11, 8], "texture": "#1"},
				"south": {"uv": [9.25, 10, 9.75, 10.5], "texture": "#1"},
				"west": {"uv": [7.75, 10.75, 8, 11.25], "texture": "#1"},
				"up": {"uv": [8.75, 11, 8.25, 10.75], "texture": "#1"},
				"down": {"uv": [11.25, 8.25, 10.75, 8.5], "texture": "#1"}
			}
		},
		{
			"from": [1.34315, 2, 6],
			"to": [3.34315, 13, 7],
			"rotation": {"angle": -45, "axis": "z", "origin": [2.34315, 9, 8]},
			"faces": {
				"north": {"uv": [0, 8, 0.5, 10.75], "texture": "#1"},
				"east": {"uv": [8, 7, 8.25, 9.75], "texture": "#1"},
				"south": {"uv": [8, 0, 8.5, 2.75], "texture": "#1"},
				"west": {"uv": [7.25, 8, 7.5, 10.75], "texture": "#1"},
				"up": {"uv": [11.25, 9, 10.75, 8.75], "texture": "#1"},
				"down": {"uv": [9.5, 10.75, 9, 11], "texture": "#1"}
			}
		},
		{
			"from": [14.34315, 2, 6],
			"to": [16.34315, 13, 7],
			"rotation": {"angle": -45, "axis": "z", "origin": [2.34315, 9, 8]},
			"faces": {
				"north": {"uv": [0.75, 8, 1.25, 10.75], "texture": "#1"},
				"east": {"uv": [3.25, 8.5, 3.5, 11.25], "texture": "#1"},
				"south": {"uv": [1.5, 8, 2, 10.75], "texture": "#1"},
				"west": {"uv": [3.75, 8.5, 4, 11.25], "texture": "#1"},
				"up": {"uv": [11.25, 10.75, 10.75, 10.5], "texture": "#1"},
				"down": {"uv": [0.5, 11, 0, 11.25], "texture": "#1"}
			}
		},
		{
			"name": "3",
			"from": [2.85368, -0.65685, 5.95],
			"to": [8.85368, 6.34315, 5.95],
			"rotation": {"angle": 0, "axis": "y", "origin": [5.87868, 3.34315, 6.5]},
			"faces": {
				"north": {"uv": [12.375, 5.875, 13.875, 7.625], "texture": "#1"},
				"east": {"uv": [5.5, 10.75, 5.5, 12.5], "texture": "#1"},
				"south": {"uv": [12.375, 5.875, 13.875, 7.625], "texture": "#1"},
				"west": {"uv": [9.75, 10.75, 9.75, 12.5], "texture": "#1"},
				"up": {"uv": [11.75, 2.75, 10.25, 2.75], "texture": "#1"},
				"down": {"uv": [12.25, 9.25, 10.75, 9.25], "texture": "#1"}
			}
		},
		{
			"name": "2",
			"from": [2.85368, -0.65685, 5.95],
			"to": [8.85368, 6.34315, 5.95],
			"rotation": {"angle": 0, "axis": "y", "origin": [5.87868, 3.34315, 6.5]},
			"faces": {
				"north": {"uv": [12.125, 2.125, 13.625, 3.875], "texture": "#1"},
				"east": {"uv": [5.5, 10.75, 5.5, 12.5], "texture": "#1"},
				"south": {"uv": [12.125, 2.125, 13.625, 3.875], "texture": "#1"},
				"west": {"uv": [9.75, 10.75, 9.75, 12.5], "texture": "#1"},
				"up": {"uv": [11.75, 2.75, 10.25, 2.75], "texture": "#1"},
				"down": {"uv": [12.25, 9.25, 10.75, 9.25], "texture": "#1"}
			}
		},
		{
			"name": "1",
			"from": [2.85368, -0.65685, 5.95],
			"to": [8.85368, 6.34315, 5.95],
			"rotation": {"angle": 0, "axis": "y", "origin": [5.87868, 3.34315, 6.5]},
			"faces": {
				"north": {"uv": [4, 0, 5.5, 1.75], "texture": "#1"},
				"east": {"uv": [5.5, 10.75, 5.5, 12.5], "texture": "#1"},
				"south": {"uv": [4, 2, 5.5, 3.75], "texture": "#1"},
				"west": {"uv": [9.75, 10.75, 9.75, 12.5], "texture": "#1"},
				"up": {"uv": [11.75, 2.75, 10.25, 2.75], "texture": "#1"},
				"down": {"uv": [12.25, 9.25, 10.75, 9.25], "texture": "#1"}
			}
		},
		{
			"from": [2.92868, -0.65685, 6.025],
			"to": [8.92868, 6.34315, 7.025],
			"rotation": {"angle": 0, "axis": "y", "origin": [5.87868, 3.34315, 6.5]},
			"faces": {
				"north": {"uv": [4, 4, 5.5, 5.75], "texture": "#1"},
				"east": {"uv": [7.5, 0, 7.75, 1.75], "texture": "#1"},
				"south": {"uv": [5.75, 0, 7.25, 1.75], "texture": "#1"},
				"west": {"uv": [6.25, 8.5, 6.5, 10.25], "texture": "#1"},
				"up": {"uv": [5.5, 6.25, 4, 6], "texture": "#1"},
				"down": {"uv": [10, 8, 8.5, 8.25], "texture": "#1"}
			}
		},
		{
			"from": [1.85368, 0.34315, 6.1],
			"to": [9.85368, 5.34315, 7.1],
			"rotation": {"angle": 0, "axis": "y", "origin": [5.87868, 3.34315, 6.5]},
			"faces": {
				"north": {"uv": [5.75, 2, 7.75, 3.25], "texture": "#1"},
				"east": {"uv": [6.75, 8.5, 7, 9.75], "texture": "#1"},
				"south": {"uv": [5.75, 3.5, 7.75, 4.75], "texture": "#1"},
				"west": {"uv": [8.5, 8.5, 8.75, 9.75], "texture": "#1"},
				"up": {"uv": [10.5, 7.25, 8.5, 7], "texture": "#1"},
				"down": {"uv": [10.5, 7.5, 8.5, 7.75], "texture": "#1"}
			}
		}
	],
	"gui_light": "front",
	"display": {
		"thirdperson_righthand": {
			"rotation": [66, 2, 0],
			"translation": [1.25, 0.75, 4.25]
		},
		"thirdperson_lefthand": {
			"rotation": [66, 2, 0],
			"translation": [1.25, 0.75, 4.25]
		},
		"firstperson_righthand": {
			"translation": [-4, 1.5, -0.25]
		},
		"firstperson_lefthand": {
			"translation": [-4, 1.5, -0.25]
		},
		"ground": {
			"translation": [0, 4.25, 0],
			"scale": [0.5, 0.5, 0.5]
		},
		"gui": {
			"rotation": [0, 180, 0],
			"translation": [-1.5, 3, -0.25],
			"scale": [0.67, 0.67, 0.67]
		},
		"head": {
			"translation": [2.75, 5.25, -5.75]
		},
		"fixed": {
			"translation": [1.75, 4.5, 0],
			"scale": [0.91, 0.91, 0.91]
		}
	},
	"groups": [
		{
			"name": "group",
			"origin": [2.34315, 9, 8],
			"color": 0,
			"children": [0, 1, 2, 3, 4, 5, 6, 7, 8, 9, 10, 11, 12, 13, 14, 15, 16, 17]
		}
	]
}