{
	"credit": "Made with Blockbench",
	"texture_size": [64, 64],
	"textures": {
		"1": "custom/pumpkin_sword",
		"particle": "custom/pumpkin_sword"
	},
	"elements": [
		{
			"from": [6.999, -0.001, 7.499],
			"to": [9.001, 3.001, 10.501],
			"rotation": {"angle": -45, "axis": "x", "origin": [8, 0.5, 8]},
			"faces": {
				"north": {"uv": [3.25, 6, 3.75, 6.75], "texture": "#1"},
				"east": {"uv": [5.75, 1.5, 6.5, 2.25], "texture": "#1"},
				"south": {"uv": [8, 5.25, 8.5, 6], "texture": "#1"},
				"west": {"uv": [7.75, 7, 8.5, 7.75], "texture": "#1"},
				"up": {"uv": [8.25, 8.75, 7.75, 8], "texture": "#1"},
				"down": {"uv": [8.75, 0, 8.25, 0.75], "texture": "#1"}
			}
		},
		{
			"from": [6.5, 3.6, 6.5],
			"to": [9.5, 8.6, 9.5],
			"rotation": {"angle": 0, "axis": "y", "origin": [8, 0.5, 7.5]},
			"faces": {
				"north": {"uv": [7, 2.5, 7.75, 3.75], "texture": "#1"},
				"east": {"uv": [3.25, 7, 4, 8.25], "texture": "#1"},
				"south": {"uv": [4.25, 7, 5, 8.25], "texture": "#1"},
				"west": {"uv": [7, 5.5, 7.75, 6.75], "texture": "#1"},
				"up": {"uv": [1.25, 8.75, 0.5, 8], "texture": "#1"},
				"down": {"uv": [8.75, 2.5, 8, 3.25], "texture": "#1"}
			}
		},
		{
			"from": [7, 3, 7],
			"to": [9, 9, 9],
			"rotation": {"angle": 0, "axis": "y", "origin": [8.5, -1.5, 8]},
			"faces": {
				"north": {"uv": [7.5, 7, 7, 8.5], "texture": "#1"},
				"east": {"uv": [7, 7, 7.5, 8.5], "texture": "#1"},
				"south": {"uv": [7.5, 7, 7, 8.5], "texture": "#1"},
				"west": {"uv": [7, 7, 7.5, 8.5], "texture": "#1"},
				"up": {"uv": [8.5, 6.75, 8, 6.25], "texture": "#1"},
				"down": {"uv": [8.75, 1, 8.25, 1.5], "texture": "#1"}
			}
		},
		{
			"from": [6, 9, 6],
			"to": [10, 14, 10],
			"rotation": {"angle": 0, "axis": "y", "origin": [8.5, -1.5, 8]},
			"faces": {
				"north": {"uv": [0.75, 4.75, 1.75, 6], "texture": "#1"},
				"east": {"uv": [4.75, 4, 5.75, 5.25], "texture": "#1"},
				"south": {"uv": [4.75, 5.5, 5.75, 6.75], "texture": "#1"},
				"west": {"uv": [5.75, 0, 6.75, 1.25], "texture": "#1"},
				"up": {"uv": [8, 1, 7, 0], "texture": "#1"},
				"down": {"uv": [8, 1.25, 7, 2.25], "texture": "#1"}
			}
		},
		{
			"name": "4",
			"from": [10.1, 9, 6],
			"to": [10.1, 14, 10],
			"rotation": {"angle": 0, "axis": "y", "origin": [8.5, -1.5, 8]},
			"faces": {
				"north": {"uv": [6.75, 7.25, 6.75, 8.5], "texture": "#1"},
				"east": {"uv": [2, 11.125, 3, 12.375], "texture": "#1"},
				"south": {"uv": [7.5, 8.75, 7.5, 10], "texture": "#1"},
				"west": {"uv": [2, 11.125, 3, 12.375], "texture": "#1"},
				"up": {"uv": [1.75, 7.25, 1.75, 6.25], "texture": "#1"},
				"down": {"uv": [9, 1.75, 9, 2.75], "texture": "#1"}
			}
		},
		{
			"name": "3",
			"from": [10.1, 9, 6],
			"to": [10.1, 14, 10],
			"rotation": {"angle": 0, "axis": "y", "origin": [8.5, -1.5, 8]},
			"faces": {
				"north": {"uv": [6.75, 7.25, 6.75, 8.5], "texture": "#1"},
				"east": {"uv": [9.75, 7.625, 10.75, 8.875], "texture": "#1"},
				"south": {"uv": [7.5, 8.75, 7.5, 10], "texture": "#1"},
				"west": {"uv": [5.75, 9.625, 6.75, 10.875], "texture": "#1"},
				"up": {"uv": [1.75, 7.25, 1.75, 6.25], "texture": "#1"},
				"down": {"uv": [9, 1.75, 9, 2.75], "texture": "#1"}
			}
		},
		{
			"name": "2",
			"from": [10.1, 9, 6],
			"to": [10.1, 14, 10],
			"rotation": {"angle": 0, "axis": "y", "origin": [8.5, -1.5, 8]},
			"faces": {
				"north": {"uv": [6.75, 7.25, 6.75, 8.5], "texture": "#1"},
				"east": {"uv": [7.875, 9.875, 8.875, 11.125], "texture": "#1"},
				"south": {"uv": [7.5, 8.75, 7.5, 10], "texture": "#1"},
				"west": {"uv": [2, 11.125, 3, 12.375], "texture": "#1"},
				"up": {"uv": [1.75, 7.25, 1.75, 6.25], "texture": "#1"},
				"down": {"uv": [9, 1.75, 9, 2.75], "texture": "#1"}
			}
		},
		{
			"name": "1",
			"from": [10.1, 9, 6],
			"to": [10.1, 14, 10],
			"rotation": {"angle": 0, "axis": "y", "origin": [8.5, -1.5, 8]},
			"faces": {
				"north": {"uv": [6.75, 7.25, 6.75, 8.5], "texture": "#1"},
				"east": {"uv": [2, 6, 3, 7.25], "texture": "#1"},
				"south": {"uv": [7.5, 8.75, 7.5, 10], "texture": "#1"},
				"west": {"uv": [6, 4, 7, 5.25], "texture": "#1"},
				"up": {"uv": [1.75, 7.25, 1.75, 6.25], "texture": "#1"},
				"down": {"uv": [9, 1.75, 9, 2.75], "texture": "#1"}
			}
		},
		{
			"from": [9, 14, 7],
			"to": [9, 16, 9],
			"rotation": {"angle": 0, "axis": "y", "origin": [8.5, -1.5, 8]},
			"faces": {
				"north": {"uv": [6.75, 1.5, 6.75, 2], "texture": "#1"},
				"east": {"uv": [8.25, 1.75, 8.75, 2.25], "texture": "#1"},
				"south": {"uv": [3, 7.5, 3, 8], "texture": "#1"},
				"west": {"uv": [8.25, 3.5, 8.75, 4], "texture": "#1"},
				"up": {"uv": [1.5, 8.5, 1.5, 8], "texture": "#1"},
				"down": {"uv": [9, 3, 9, 3.5], "texture": "#1"}
			}
		},
		{
			"from": [8, 13.3, 5.5],
			"to": [8, 31.3, 10.5],
			"rotation": {"angle": 0, "axis": "y", "origin": [9.5, -1.5, 6.5]},
			"faces": {
				"north": {"uv": [6, 9, 6, 13.5], "texture": "#1"},
				"east": {"uv": [0, 0, 1.25, 4.5], "texture": "#1"},
				"south": {"uv": [6.25, 9, 6.25, 13.5], "texture": "#1"},
				"west": {"uv": [1.5, 0, 2.75, 4.5], "texture": "#1"},
				"up": {"uv": [6.5, 10.25, 6.5, 9], "texture": "#1"},
				"down": {"uv": [7.75, 9, 7.75, 10.25], "texture": "#1"}
			}
		},
		{
			"from": [7.5, 14, 6.5],
			"to": [8.5, 25, 9.5],
			"rotation": {"angle": 0, "axis": "y", "origin": [9, -1.5, 6.5]},
			"faces": {
				"north": {"uv": [2.5, 7.5, 2.75, 10.25], "texture": "#1"},
				"east": {"uv": [3, 0, 3.75, 2.75], "texture": "#1"},
				"south": {"uv": [0, 7.75, 0.25, 10.5], "texture": "#1"},
				"west": {"uv": [3, 3, 3.75, 5.75], "texture": "#1"},
				"up": {"uv": [9.25, 1.5, 9, 0.75], "texture": "#1"},
				"down": {"uv": [1.5, 9, 1.25, 9.75], "texture": "#1"}
			}
		},
		{
			"from": [6.5, 9.3, 5],
			"to": [9.5, 13.3, 11],
			"rotation": {"angle": 0, "axis": "y", "origin": [8, -1.5, 8]},
			"faces": {
				"north": {"uv": [2, 4.75, 2.75, 5.75], "texture": "#1"},
				"east": {"uv": [4, 0, 5.5, 1], "texture": "#1"},
				"south": {"uv": [7.25, 4, 8, 5], "texture": "#1"},
				"west": {"uv": [4, 1.25, 5.5, 2.25], "texture": "#1"},
				"up": {"uv": [6.75, 7, 6, 5.5], "texture": "#1"},
				"down": {"uv": [1.5, 6.25, 0.75, 7.75], "texture": "#1"}
			}
		},
		{
			"from": [7, 10, 2.5],
			"to": [9, 12, 13.5],
			"rotation": {"angle": 0, "axis": "y", "origin": [8.5, -1.5, 8.5]},
			"faces": {
				"north": {"uv": [8.25, 4.25, 8.75, 4.75], "texture": "#1"},
				"east": {"uv": [4, 2.5, 6.75, 3], "texture": "#1"},
				"south": {"uv": [3, 8.5, 3.5, 9], "texture": "#1"},
				"west": {"uv": [4, 2.5, 6.75, 3], "texture": "#1"},
				"up": {"uv": [4.5, 6.75, 4, 4], "texture": "#1"},
				"down": {"uv": [0.5, 4.75, 0, 7.5], "texture": "#1"}
			}
		},
		{
			"from": [6.999, 10.299, 0.899],
			"to": [9.001, 12.301, 2.901],
			"rotation": {"angle": 45, "axis": "x", "origin": [8, 11, 1.5]},
			"faces": {
				"north": {"uv": [3.75, 8.5, 4.25, 9], "texture": "#1"},
				"east": {"uv": [4.5, 8.5, 5, 9], "texture": "#1"},
				"south": {"uv": [8.5, 8, 9, 8.5], "texture": "#1"},
				"west": {"uv": [8.75, 5, 9.25, 5.5], "texture": "#1"},
				"up": {"uv": [5.75, 9.25, 5.25, 8.75], "texture": "#1"},
				"down": {"uv": [9.25, 5.75, 8.75, 6.25], "texture": "#1"}
			}
		},
		{
			"from": [6.999, 18.799, 9.299],
			"to": [9.001, 20.801, 11.301],
			"rotation": {"angle": 45, "axis": "x", "origin": [8, 11, 1.5]},
			"faces": {
				"north": {"uv": [8.75, 6.5, 9.25, 7], "texture": "#1"},
				"east": {"uv": [6.75, 8.75, 7.25, 9.25], "texture": "#1"},
				"south": {"uv": [8.75, 7.25, 9.25, 7.75], "texture": "#1"},
				"west": {"uv": [8.5, 8.75, 9, 9.25], "texture": "#1"},
				"up": {"uv": [9.5, 0.5, 9, 0], "texture": "#1"},
				"down": {"uv": [1, 9, 0.5, 9.5], "texture": "#1"}
			}
		}
	],
	"gui_light": "front",
	"display": {
		"thirdperson_righthand": {
			"rotation": [0, -180, 0],
			"translation": [0, -0.25, 0],
			"scale": [0.6, 0.6, 0.6]
		},
		"thirdperson_lefthand": {
			"scale": [0.6, 0.6, 0.6]
		},
		"firstperson_righthand": {
			"rotation": [0, -180, 0],
			"translation": [3, -1.25, 0],
			"scale": [0.72, 0.72, 0.72]
		},
		"firstperson_lefthand": {
			"translation": [3, -1.25, 0],
			"scale": [0.72, 0.72, 0.72]
		},
		"ground": {
			"rotation": [-45, 0, 0],
			"translation": [0, 4.25, 0],
			"scale": [0.5, 0.5, 0.5]
		},
		"gui": {
			"rotation": [90, -135, 90],
			"translation": [-3.5, -3.75, -0.25],
			"scale": [0.67, 0.67, 0.67]
		},
		"head": {
			"rotation": [90, -38, -90],
			"translation": [-2.25, -12.5, 4.25]
		},
		"fixed": {
			"rotation": [-90, 45, 90],
			"translation": [4.25, -4.25, -0.25],
			"scale": [0.8, 0.8, 0.8]
		}
	},
	"groups": [
		{
			"name": "group",
			"origin": [8, 11, 14.5],
			"color": 0,
			"children": [0, 1, 2, 3, 4, 5, 6, 7, 8, 9, 10, 11, 12, 13, 14]
		}
	]
}