{
	"credit": "Made with Blockbench",
	"texture_size": [32, 32],
	"textures": {
		"1": "custom/rocks_cake"
	},
	"elements": [
		{
			"from": [8, 10, 5.5],
			"to": [8, 13, 10.5],
			"rotation": {"angle": 0, "axis": "y", "origin": [10.5, 8.5, 8]},
			"faces": {
				"north": {"uv": [0, 0, 0, 1.5], "texture": "#1"},
				"east": {"uv": [11, 7.5, 13.5, 9], "texture": "#1"},
				"south": {"uv": [0, 0, 0, 1.5], "texture": "#1"},
				"west": {"uv": [3.5, 11.5, 6, 13], "texture": "#1"},
				"up": {"uv": [0, 2.5, 0, 0], "texture": "#1"},
				"down": {"uv": [0, 0, 0, 2.5], "texture": "#1"}
			}
		},
		{
			"from": [4.35355, 4, 4.14645],
			"to": [11.35355, 7, 11.14645],
			"rotation": {"angle": 45, "axis": "y", "origin": [8.35355, 6, 7.64645]},
			"faces": {
				"north": {"uv": [10.5, 9, 14, 10.5], "texture": "#1"},
				"east": {"uv": [10.5, 10.5, 14, 12], "texture": "#1"},
				"south": {"uv": [0, 11, 3.5, 12.5], "texture": "#1"},
				"west": {"uv": [11, 6, 14.5, 7.5], "texture": "#1"},
				"up": {"uv": [9, 3.5, 5.5, 0], "texture": "#1"},
				"down": {"uv": [9, 3.5, 5.5, 7], "texture": "#1"}
			}
		},
		{
			"from": [5.5, 7, 5.5],
			"to": [10.5, 10, 10.5],
			"rotation": {"angle": 0, "axis": "y", "origin": [8, 8.5, 8]},
			"faces": {
				"north": {"uv": [6, 11.5, 8.5, 13], "texture": "#1"},
				"east": {"uv": [8.5, 12, 11, 13.5], "texture": "#1"},
				"south": {"uv": [11, 12, 13.5, 13.5], "texture": "#1"},
				"west": {"uv": [0, 12.5, 2.5, 14], "texture": "#1"},
				"up": {"uv": [8, 11.5, 5.5, 9], "texture": "#1"},
				"down": {"uv": [10.5, 9, 8, 11.5], "texture": "#1"}
			}
		},
		{
			"from": [2.5, 0, 2.5],
			"to": [13.5, 4, 13.5],
			"rotation": {"angle": 0, "axis": "y", "origin": [7.5, 0, 7.5]},
			"faces": {
				"north": {"uv": [5.5, 7, 11, 9], "texture": "#1"},
				"east": {"uv": [9, 0, 14.5, 2], "texture": "#1"},
				"south": {"uv": [9, 2, 14.5, 4], "texture": "#1"},
				"west": {"uv": [9, 4, 14.5, 6], "texture": "#1"},
				"up": {"uv": [5.5, 5.5, 0, 0], "texture": "#1"},
				"down": {"uv": [5.5, 5.5, 0, 11], "texture": "#1"}
			}
		}
	],
	"gui_light": "front",
	"display": {
		"thirdperson_righthand": {
			"rotation": [63, 99, 0],
			"translation": [0, 2.5, 2],
			"scale": [0.53, 0.53, 0.53]
		},
		"firstperson_righthand": {
			"translation": [2, 3.25, 0],
			"scale": [0.63, 0.63, 0.63]
		},
		"firstperson_lefthand": {
			"translation": [2, 3.25, 0],
			"scale": [0.63, 0.63, 0.63]
		},
		"ground": {
			"translation": [0, 11.75, 0]
		},
		"gui": {
			"rotation": [0, -90, 0],
			"translation": [0, 1.25, 0]
		},
		"head": {
			"translation": [-0.25, 14.75, 0]
		},
		"fixed": {
			"rotation": [0, 90, 0],
			"translation": [0, 1.25, -0.75]
		}
	},
	"groups": [
		{
			"name": "group",
			"origin": [7.5, 0, 7.5],
			"color": 0,
			"children": [0, 1, 2, 3]
		}
	]
}