{
	"credit": "Made with Blockbench",
	"texture_size": [64, 64],
	"textures": {
		"2": "custom/scythe_hoe"
	},
	"elements": [
		{
			"from": [6.999, -10.001, 7.499],
			"to": [9.001, -6.999, 10.501],
			"rotation": {"angle": -45, "axis": "x", "origin": [8, -9.5, 8]},
			"faces": {
				"north": {"uv": [8.25, 0, 8.75, 0.75], "texture": "#2"},
				"east": {"uv": [7.25, 0, 8, 0.75], "texture": "#2"},
				"south": {"uv": [8.25, 1, 8.75, 1.75], "texture": "#2"},
				"west": {"uv": [7.25, 1, 8, 1.75], "texture": "#2"},
				"up": {"uv": [8.75, 2.75, 8.25, 2], "texture": "#2"},
				"down": {"uv": [8.75, 3, 8.25, 3.75], "texture": "#2"}
			}
		},
		{
			"from": [6.5, -2.4, 6.5],
			"to": [9.5, 8.6, 9.5],
			"rotation": {"angle": 0, "axis": "y", "origin": [8, -9.5, 7.5]},
			"faces": {
				"north": {"uv": [0.75, 6.5, 1.5, 9.25], "texture": "#2"},
				"east": {"uv": [1.75, 6.5, 2.5, 9.25], "texture": "#2"},
				"south": {"uv": [2.75, 6.5, 3.5, 9.25], "texture": "#2"},
				"west": {"uv": [3.75, 6.5, 4.5, 9.25], "texture": "#2"},
				"up": {"uv": [8, 2.75, 7.25, 2], "texture": "#2"},
				"down": {"uv": [8, 3, 7.25, 3.75], "texture": "#2"}
			}
		},
		{
			"from": [6.5, 17.6, 6.5],
			"to": [9.5, 18.6, 9.5],
			"rotation": {"angle": 0, "axis": "y", "origin": [8, -9.5, 7.5]},
			"faces": {
				"north": {"uv": [8.25, 5.5, 9, 5.75], "texture": "#2"},
				"east": {"uv": [8.25, 6, 9, 6.25], "texture": "#2"},
				"south": {"uv": [8.25, 6.5, 9, 6.75], "texture": "#2"},
				"west": {"uv": [8.25, 7, 9, 7.25], "texture": "#2"},
				"up": {"uv": [8, 4.75, 7.25, 4], "texture": "#2"},
				"down": {"uv": [8, 5, 7.25, 5.75], "texture": "#2"}
			}
		},
		{
			"from": [6.5, 19.6, 6.5],
			"to": [9.5, 22.6, 9.5],
			"rotation": {"angle": 45, "axis": "x", "origin": [8, 21.1, 8]},
			"faces": {
				"north": {"uv": [7.25, 6, 8, 6.75], "texture": "#2"},
				"east": {"uv": [7.25, 7, 8, 7.75], "texture": "#2"},
				"south": {"uv": [4.75, 7.5, 5.5, 8.25], "texture": "#2"},
				"west": {"uv": [5.75, 7.5, 6.5, 8.25], "texture": "#2"},
				"up": {"uv": [7.5, 8.75, 6.75, 8], "texture": "#2"},
				"down": {"uv": [8.5, 8, 7.75, 8.75], "texture": "#2"}
			}
		},
		{
			"from": [8, 12.97868, 6.48528],
			"to": [8, 24.97868, 25.48528],
			"rotation": {"angle": 0, "axis": "y", "origin": [9.5, 18.97868, 16.48528]},
			"faces": {
				"north": {"uv": [4.75, 8.5, 4.75, 11.5], "texture": "#2"},
				"east": {"uv": [0, 0, 4.75, 3], "texture": "#2"},
				"south": {"uv": [5, 8.5, 5, 11.5], "texture": "#2"},
				"west": {"uv": [0, 3.25, 4.75, 6.25], "texture": "#2"},
				"up": {"uv": [5.25, 13.25, 5.25, 8.5], "texture": "#2"},
				"down": {"uv": [5.5, 8.5, 5.5, 13.25], "texture": "#2"}
			}
		},
		{
			"from": [7, -7, 7],
			"to": [9, 22, 9],
			"rotation": {"angle": 0, "axis": "y", "origin": [8.5, -11.5, 8]},
			"faces": {
				"north": {"uv": [5, 0, 5.5, 7.25], "texture": "#2"},
				"east": {"uv": [5.75, 0, 6.25, 7.25], "texture": "#2"},
				"south": {"uv": [0, 6.5, 0.5, 13.75], "texture": "#2"},
				"west": {"uv": [6.5, 0, 7, 7.25], "texture": "#2"},
				"up": {"uv": [8.75, 4.5, 8.25, 4], "texture": "#2"},
				"down": {"uv": [8.75, 4.75, 8.25, 5.25], "texture": "#2"}
			}
		}
	],
	"gui_light": "front",
	"display": {
		"thirdperson_righthand": {
			"rotation": [68, 180, 0],
			"translation": [0, 0.75, 5]
		},
		"thirdperson_lefthand": {
			"rotation": [68, 180, 0],
			"translation": [0, 0.75, 5]
		},
		"firstperson_righthand": {
			"rotation": [0, -180, 0],
			"translation": [1, -2.75, 0]
		},
		"firstperson_lefthand": {
			"rotation": [0, -180, 0],
			"translation": [1, -2.75, 0]
		},
		"ground": {
			"rotation": [-45, -180, 0],
			"translation": [0, 4.25, 0],
			"scale": [0.5, 0.5, 0.5]
		},
		"gui": {
			"rotation": [-90, 135, 90],
			"translation": [-1.5, 0, -0.25],
			"scale": [0.46, 0.46, 0.46]
		},
		"head": {
			"rotation": [90, -38, -90],
			"translation": [1.75, -14.5, 4.25]
		},
		"fixed": {
			"rotation": [-90, -135, -90],
			"translation": [1.75, 0.25, -1.5],
			"scale": [0.54, 0.54, 0.54]
		}
	},
	"groups": [
		{
			"name": "group",
			"origin": [8.5, -11.5, 8],
			"color": 0,
			"children": [0, 1, 2, 3, 4, 5]
		}
	]
}