{
	"credit": "Made with Blockbench",
	"texture_size": [64, 64],
	"textures": {
		"3": "custom/skull_axe"
	},
	"elements": [
		{
			"from": [6.999, -0.001, 7.499],
			"to": [9.001, 3.001, 10.501],
			"rotation": {"angle": -45, "axis": "x", "origin": [8, 0.5, 8]},
			"faces": {
				"north": {"uv": [0, 7.25, 0.5, 8], "texture": "#3"},
				"east": {"uv": [5.25, 6.5, 6, 7.25], "texture": "#3"},
				"south": {"uv": [0.75, 7.25, 1.25, 8], "texture": "#3"},
				"west": {"uv": [6.25, 6.75, 7, 7.5], "texture": "#3"},
				"up": {"uv": [7.75, 1.75, 7.25, 1], "texture": "#3"},
				"down": {"uv": [2, 7.25, 1.5, 8], "texture": "#3"}
			}
		},
		{
			"from": [6.5, 3.6, 6.5],
			"to": [9.5, 8.6, 9.5],
			"rotation": {"angle": 0, "axis": "y", "origin": [8, 0.5, 7.5]},
			"faces": {
				"north": {"uv": [5.25, 5, 6, 6.25], "texture": "#3"},
				"east": {"uv": [1.5, 5.75, 2.25, 7], "texture": "#3"},
				"south": {"uv": [2.5, 5.75, 3.25, 7], "texture": "#3"},
				"west": {"uv": [3.5, 6, 4.25, 7.25], "texture": "#3"},
				"up": {"uv": [7.75, 5.25, 7, 4.5], "texture": "#3"},
				"down": {"uv": [7.75, 5.5, 7, 6.25], "texture": "#3"}
			}
		},
		{
			"from": [7, 3, 7],
			"to": [9, 9, 9],
			"rotation": {"angle": 0, "axis": "y", "origin": [8.5, -1.5, 8]},
			"faces": {
				"north": {"uv": [4.5, 6, 5, 7.5], "texture": "#3"},
				"east": {"uv": [6.25, 5, 6.75, 6.5], "texture": "#3"},
				"south": {"uv": [6.5, 1, 7, 2.5], "texture": "#3"},
				"west": {"uv": [6.5, 2.75, 7, 4.25], "texture": "#3"},
				"up": {"uv": [8, 0.5, 7.5, 0], "texture": "#3"},
				"down": {"uv": [5.75, 7.5, 5.25, 8], "texture": "#3"}
			}
		},
		{
			"from": [6.999, 8.77064, 5.85095],
			"to": [9.001, 16.77264, 7.85295],
			"rotation": {"angle": -22.5, "axis": "x", "origin": [8, 11.77164, 7.85195]},
			"faces": {
				"north": {"uv": [3.25, 0, 3.75, 2], "texture": "#3"},
				"east": {"uv": [3.25, 2.25, 3.75, 4.25], "texture": "#3"},
				"south": {"uv": [2, 3.5, 2.5, 5.5], "texture": "#3"},
				"west": {"uv": [0, 4, 0.5, 6], "texture": "#3"},
				"up": {"uv": [7.75, 8, 7.25, 7.5], "texture": "#3"},
				"down": {"uv": [5, 7.75, 4.5, 8.25], "texture": "#3"}
			}
		},
		{
			"from": [7.999, 8.77064, 3.85095],
			"to": [8.001, 16.77264, 5.85295],
			"rotation": {"angle": -22.5, "axis": "x", "origin": [9, 11.77164, 7.85195]},
			"faces": {
				"north": {"uv": [7.75, 8.25, 7.75, 10.25], "texture": "#3"},
				"east": {"uv": [4, 0, 4.5, 2], "texture": "#3"},
				"south": {"uv": [5, 8.5, 5, 10.5], "texture": "#3"},
				"west": {"uv": [0.75, 4, 1.25, 6], "texture": "#3"},
				"up": {"uv": [6.25, 9, 6.25, 8.5], "texture": "#3"},
				"down": {"uv": [6.5, 8.5, 6.5, 9], "texture": "#3"}
			}
		},
		{
			"from": [7.025, 15, 5],
			"to": [9.025, 18, 7],
			"rotation": {"angle": 22.5, "axis": "x", "origin": [8, 16, 6]},
			"faces": {
				"north": {"uv": [7.25, 2, 7.75, 2.75], "texture": "#3"},
				"east": {"uv": [2.25, 7.25, 2.75, 8], "texture": "#3"},
				"south": {"uv": [7.25, 3, 7.75, 3.75], "texture": "#3"},
				"west": {"uv": [7.25, 6.5, 7.75, 7.25], "texture": "#3"},
				"up": {"uv": [6.5, 8.25, 6, 7.75], "texture": "#3"},
				"down": {"uv": [8.5, 0.75, 8, 1.25], "texture": "#3"}
			}
		},
		{
			"from": [9.15, 16.6, 5],
			"to": [10.15, 17.6, 7],
			"rotation": {"angle": 0, "axis": "y", "origin": [7.25, 16, 6]},
			"faces": {
				"north": {"uv": [6.5, 4.5, 6.75, 4.75], "texture": "#3"},
				"east": {"uv": [7.25, 4, 7.75, 4.25], "texture": "#3"},
				"south": {"uv": [8.5, 2.25, 8.75, 2.5], "texture": "#3"},
				"west": {"uv": [8.25, 0, 8.75, 0.25], "texture": "#3"},
				"up": {"uv": [1.25, 8.75, 1, 8.25], "texture": "#3"},
				"down": {"uv": [1.75, 8.25, 1.5, 8.75], "texture": "#3"}
			}
		},
		{
			"from": [6.15, 17, 4],
			"to": [10.15, 21, 8],
			"rotation": {"angle": 0, "axis": "y", "origin": [7.25, 16, 6]},
			"faces": {
				"north": {"uv": [4, 2.25, 5, 3.25], "texture": "#3"},
				"east": {"uv": [4, 3.5, 5, 4.5], "texture": "#3"},
				"south": {"uv": [2.75, 4.5, 3.75, 5.5], "texture": "#3"},
				"west": {"uv": [4.75, 0, 5.75, 1], "texture": "#3"},
				"up": {"uv": [5, 5.75, 4, 4.75], "texture": "#3"},
				"down": {"uv": [6.25, 1.25, 5.25, 2.25], "texture": "#3"}
			}
		},
		{
			"from": [10.15, 17, 4],
			"to": [10.15, 21, 8],
			"rotation": {"angle": 0, "axis": "y", "origin": [7.25, 16, 6]},
			"faces": {
				"north": {"uv": [8.5, 6.5, 8.5, 7.5], "texture": "#3"},
				"east": {"uv": [5.25, 2.5, 6.25, 3.5], "texture": "#3"},
				"south": {"uv": [8.5, 7.75, 8.5, 8.75], "texture": "#3"},
				"west": {"uv": [5.25, 3.75, 6.25, 4.75], "texture": "#3"},
				"up": {"uv": [8.75, 3.75, 8.75, 2.75], "texture": "#3"},
				"down": {"uv": [8.75, 4, 8.75, 5], "texture": "#3"}
			}
		},
		{
			"from": [7.499, 16.199, 4.999],
			"to": [8.501, 19.201, 10.001],
			"rotation": {"angle": 0, "axis": "y", "origin": [9.5, 16, 6]},
			"faces": {
				"north": {"uv": [2.75, 3.5, 3, 4.25], "texture": "#3"},
				"east": {"uv": [6, 0, 7.25, 0.75], "texture": "#3"},
				"south": {"uv": [4.75, 1.25, 5, 2], "texture": "#3"},
				"west": {"uv": [0, 6.25, 1.25, 7], "texture": "#3"},
				"up": {"uv": [3.75, 8.75, 3.5, 7.5], "texture": "#3"},
				"down": {"uv": [4.25, 7.5, 4, 8.75], "texture": "#3"}
			}
		},
		{
			"from": [7.499, 14.699, 9.999],
			"to": [8.501, 20.701, 14.001],
			"rotation": {"angle": 0, "axis": "y", "origin": [9.5, 14, 5]},
			"faces": {
				"north": {"uv": [1.5, 4, 1.75, 5.5], "texture": "#3"},
				"east": {"uv": [2, 0, 3, 1.5], "texture": "#3"},
				"south": {"uv": [3, 7.25, 3.25, 8.75], "texture": "#3"},
				"west": {"uv": [2, 1.75, 3, 3.25], "texture": "#3"},
				"up": {"uv": [7, 8.75, 6.75, 7.75], "texture": "#3"},
				"down": {"uv": [8.25, 1.5, 8, 2.5], "texture": "#3"}
			}
		},
		{
			"from": [8.524, 13.899, 9.399],
			"to": [8.526, 20.901, 16.401],
			"rotation": {"angle": 45, "axis": "x", "origin": [8.55, 17.7, 13]},
			"faces": {
				"north": {"uv": [8, 5.75, 8.125, 7.5], "texture": "#3"},
				"east": {"uv": [0, 0, 1.75, 1.75], "texture": "#3"},
				"south": {"uv": [8, 7.75, 8.125, 9.5], "texture": "#3"},
				"west": {"uv": [0, 2, 1.75, 3.75], "texture": "#3"},
				"up": {"uv": [0.125, 10, 0, 8.25], "texture": "#3"},
				"down": {"uv": [0.625, 8.25, 0.5, 10], "texture": "#3"}
			}
		},
		{
			"from": [7.598, 17.998, 9.473],
			"to": [8.602, 20.002, 11.477],
			"rotation": {"angle": 45, "axis": "x", "origin": [8.5, 20, 11]},
			"faces": {
				"north": {"uv": [2, 8.25, 2.25, 8.75], "texture": "#3"},
				"east": {"uv": [8, 2.75, 8.5, 3.25], "texture": "#3"},
				"south": {"uv": [2.5, 8.25, 2.75, 8.75], "texture": "#3"},
				"west": {"uv": [8, 3.5, 8.5, 4], "texture": "#3"},
				"up": {"uv": [5.5, 8.75, 5.25, 8.25], "texture": "#3"},
				"down": {"uv": [7.5, 8.25, 7.25, 8.75], "texture": "#3"}
			}
		},
		{
			"from": [7.598, 15.198, 12.398],
			"to": [8.602, 17.202, 14.402],
			"rotation": {"angle": 45, "axis": "x", "origin": [8.5, 20, 11]},
			"faces": {
				"north": {"uv": [8.5, 1.5, 8.75, 2], "texture": "#3"},
				"east": {"uv": [8, 4.25, 8.5, 4.75], "texture": "#3"},
				"south": {"uv": [4.5, 8.5, 4.75, 9], "texture": "#3"},
				"west": {"uv": [8, 5, 8.5, 5.5], "texture": "#3"},
				"up": {"uv": [6, 9, 5.75, 8.5], "texture": "#3"},
				"down": {"uv": [8.75, 5.75, 8.5, 6.25], "texture": "#3"}
			}
		}
	],
	"gui_light": "front",
	"display": {
		"thirdperson_righthand": {
			"rotation": [0, -180, 0],
			"translation": [0, 0.5, 0.75],
			"scale": [0.63, 0.63, 0.63]
		},
		"thirdperson_lefthand": {
			"rotation": [0, -180, 0],
			"translation": [0, 0.5, 0.75],
			"scale": [0.63, 0.63, 0.63]
		},
		"firstperson_righthand": {
			"rotation": [0, -162, 0],
			"scale": [0.74, 0.74, 0.74]
		},
		"firstperson_lefthand": {
			"rotation": [0, -162, 0],
			"translation": [1.25, 0, 0],
			"scale": [0.74, 0.74, 0.74]
		},
		"ground": {
			"rotation": [-45, -180, 0],
			"translation": [0, 4.25, 0],
			"scale": [0.5, 0.5, 0.5]
		},
		"gui": {
			"rotation": [90, -135, 90],
			"translation": [-1, -2.5, -0.25],
			"scale": [0.67, 0.67, 0.67]
		},
		"head": {
			"rotation": [90, -38, -90],
			"translation": [-2.25, -12.5, 4.25]
		},
		"fixed": {
			"rotation": [-87, 45, 90],
			"translation": [1, -3.75, -0.25],
			"scale": [0.8, 0.8, 0.8]
		}
	},
	"groups": [
		{
			"name": "group",
			"origin": [8.5, 20, 11],
			"color": 0,
			"children": [0, 1, 2, 3, 4, 5, 6, 7, 8, 9, 10, 11, 12, 13]
		}
	]
}