{
	"credit": "Made with Blockbench",
	"texture_size": [64, 64],
	"textures": {
		"3": "custom/turkey_leg"
	},
	"elements": [
		{
			"from": [7, -5, 7],
			"to": [9, 2, 9],
			"rotation": {"angle": 0, "axis": "y", "origin": [9, 7, 7]},
			"faces": {
				"north": {"uv": [1.5, 7.5, 2, 9.25], "texture": "#3"},
				"east": {"uv": [7.75, 6.5, 8.25, 8.25], "texture": "#3"},
				"south": {"uv": [8, 2, 8.5, 3.75], "texture": "#3"},
				"west": {"uv": [8, 4, 8.5, 5.75], "texture": "#3"},
				"up": {"uv": [8.75, 0.5, 8.25, 0], "texture": "#3"},
				"down": {"uv": [8.75, 0.75, 8.25, 1.25], "texture": "#3"}
			}
		},
		{
			"from": [7, -6.63973, 5.39155],
			"to": [9, -4.63973, 7.39155],
			"rotation": {"angle": 22.5, "axis": "x", "origin": [8, -5.63973, 6.39155]},
			"faces": {
				"north": {"uv": [6.25, 8.25, 6.75, 8.75], "texture": "#3"},
				"east": {"uv": [7, 8.25, 7.5, 8.75], "texture": "#3"},
				"south": {"uv": [2.25, 8.5, 2.75, 9], "texture": "#3"},
				"west": {"uv": [3, 8.5, 3.5, 9], "texture": "#3"},
				"up": {"uv": [4.25, 9, 3.75, 8.5], "texture": "#3"},
				"down": {"uv": [5, 8.5, 4.5, 9], "texture": "#3"}
			}
		},
		{
			"from": [5.5, 1, 5],
			"to": [10.5, 13, 11],
			"rotation": {"angle": 0, "axis": "y", "origin": [10.5, 7, 6]},
			"faces": {
				"north": {"uv": [4.5, 0, 5.75, 3], "texture": "#3"},
				"east": {"uv": [2.75, 0, 4.25, 3], "texture": "#3"},
				"south": {"uv": [4.5, 3.25, 5.75, 6.25], "texture": "#3"},
				"west": {"uv": [2.75, 3.25, 4.25, 6.25], "texture": "#3"},
				"up": {"uv": [7.5, 8, 6.25, 6.5], "texture": "#3"},
				"down": {"uv": [1.25, 7.5, 0, 9], "texture": "#3"}
			}
		},
		{
			"from": [4.5, 5, 4],
			"to": [11.5, 12, 12],
			"rotation": {"angle": 0, "axis": "y", "origin": [10.5, 7, 6]},
			"faces": {
				"north": {"uv": [2.25, 6.5, 4, 8.25], "texture": "#3"},
				"east": {"uv": [0, 5.5, 2, 7.25], "texture": "#3"},
				"south": {"uv": [4.25, 6.5, 6, 8.25], "texture": "#3"},
				"west": {"uv": [6, 0, 8, 1.75], "texture": "#3"},
				"up": {"uv": [7.75, 4, 6, 2], "texture": "#3"},
				"down": {"uv": [7.75, 4.25, 6, 6.25], "texture": "#3"}
			}
		},
		{
			"from": [7, -6.9, 8.7],
			"to": [9, -4.9, 10.7],
			"rotation": {"angle": -22.5, "axis": "x", "origin": [8, -6, 9]},
			"faces": {
				"north": {"uv": [5.25, 8.5, 5.75, 9], "texture": "#3"},
				"east": {"uv": [8.5, 6, 9, 6.5], "texture": "#3"},
				"south": {"uv": [8.5, 6.75, 9, 7.25], "texture": "#3"},
				"west": {"uv": [8.5, 7.5, 9, 8], "texture": "#3"},
				"up": {"uv": [8.25, 9, 7.75, 8.5], "texture": "#3"},
				"down": {"uv": [9, 8.25, 8.5, 8.75], "texture": "#3"}
			}
		},
		{
			"from": [8, 12, 3],
			"to": [8, 22, 13],
			"rotation": {"angle": 0, "axis": "y", "origin": [8, 0, 7]},
			"faces": {
				"north": {"uv": [6, 8.5, 6, 11], "texture": "#3"},
				"east": {"uv": [0, 0, 2.5, 2.5], "texture": "#3"},
				"south": {"uv": [8.75, 1.5, 8.75, 4], "texture": "#3"},
				"west": {"uv": [2.5, 0, 0, 2.5], "texture": "#3"},
				"up": {"uv": [9, 2.5, 9, 0], "texture": "#3"},
				"down": {"uv": [9, 2.75, 9, 5.25], "texture": "#3"}
			}
		}
	],
	"gui_light": "front",
	"display": {
		"thirdperson_righthand": {
			"translation": [0, 4.75, 0.75],
			"scale": [0.63, 0.63, 0.63]
		},
		"thirdperson_lefthand": {
			"translation": [0, 4.75, 0.75],
			"scale": [0.63, 0.63, 0.63]
		},
		"firstperson_righthand": {
			"translation": [8.75, 3.25, -8.25],
			"scale": [0.9, 0.9, 0.9]
		},
		"firstperson_lefthand": {
			"rotation": [18, 0, 0],
			"translation": [24, 0.75, -8],
			"scale": [0.9, 0.9, 0.9]
		},
		"ground": {
			"rotation": [-45, 0, 0],
			"translation": [0, 4.25, 0],
			"scale": [0.5, 0.5, 0.5]
		},
		"gui": {
			"rotation": [-90, 135, 90],
			"translation": [1, 0.25, -0.75],
			"scale": [0.61, 0.61, 0.61]
		},
		"head": {
			"rotation": [-90, -38, -90],
			"translation": [4.5, -11.5, 5],
			"scale": [0.88, 0.88, 0.88]
		},
		"fixed": {
			"rotation": [-90, -135, -90],
			"translation": [-1.25, 0.5, -0.75],
			"scale": [0.69, 0.69, 0.69]
		}
	},
	"groups": [
		{
			"name": "group",
			"origin": [9, 7, 7],
			"color": 0,
			"children": [0, 1, 2, 3, 4, 5]
		}
	]
}