{
	"credit": "Made with Blockbench",
	"texture_size": [64, 64],
	"textures": {
		"0": "emerald_texture/emerald_sword",
		"particle": "emerald_texture/emerald_sword"
	},
	"elements": [
		{
			"from": [7, -5.5, 7],
			"to": [9, 3.5, 9],
			"rotation": {"angle": 0, "axis": "y", "origin": [8, 11.09776, 8]},
			"faces": {
				"north": {"uv": [4.758, 2.508, 5.242, 4.742], "texture": "#0"},
				"east": {"uv": [4.008, 0.008, 4.492, 2.242], "texture": "#0"},
				"south": {"uv": [4.008, 2.508, 4.492, 4.742], "texture": "#0"},
				"west": {"uv": [4.758, 0.008, 5.242, 2.242], "texture": "#0"},
				"up": {"uv": [2.992, 7.742, 2.508, 7.258], "rotation": 90, "texture": "#0"},
				"down": {"uv": [1.492, 7.508, 1.008, 7.992], "rotation": 270, "texture": "#0"}
			}
		},
		{
			"from": [6.5, -7.5, 6.5],
			"to": [9.5, -5.5, 9.5],
			"rotation": {"angle": 0, "axis": "y", "origin": [8, 11.09776, 8]},
			"faces": {
				"north": {"uv": [0.008, 6.758, 0.742, 7.242], "texture": "#0"},
				"east": {"uv": [4.008, 6.508, 4.742, 6.992], "texture": "#0"},
				"south": {"uv": [5.008, 6.508, 5.742, 6.992], "texture": "#0"},
				"west": {"uv": [6.008, 6.508, 6.742, 6.992], "texture": "#0"},
				"up": {"uv": [2.992, 5.992, 2.258, 5.258], "rotation": 90, "texture": "#0"},
				"down": {"uv": [6.242, 1.508, 5.508, 2.242], "rotation": 270, "texture": "#0"}
			}
		},
		{
			"from": [7.0125, 3.25, 4],
			"to": [8.9875, 5.25, 12],
			"rotation": {"angle": 0, "axis": "y", "origin": [7.9875, 11.09776, 8]},
			"faces": {
				"north": {"uv": [1.758, 7.508, 2.242, 7.992], "texture": "#0"},
				"east": {"uv": [4.008, 5.008, 5.992, 5.492], "texture": "#0"},
				"south": {"uv": [7.508, 1.508, 7.992, 1.992], "texture": "#0"},
				"west": {"uv": [0.008, 5.258, 1.992, 5.742], "texture": "#0"},
				"up": {"uv": [7.492, 0.492, 5.508, 0.008], "rotation": 90, "texture": "#0"},
				"down": {"uv": [7.492, 0.758, 5.508, 1.242], "rotation": 270, "texture": "#0"}
			}
		},
		{
			"from": [6.5, 4.54856, 12.5492],
			"to": [9.5, 6.54856, 14.5492],
			"rotation": {"angle": 45, "axis": "x", "origin": [8, 11.09776, 8]},
			"faces": {
				"north": {"uv": [6.508, 1.508, 7.242, 1.992], "texture": "#0"},
				"east": {"uv": [7.758, 0.758, 8.242, 1.242], "texture": "#0"},
				"south": {"uv": [6.258, 4.758, 6.992, 5.242], "texture": "#0"},
				"west": {"uv": [6.008, 8.008, 6.492, 8.492], "texture": "#0"},
				"up": {"uv": [2.992, 6.992, 2.508, 6.258], "rotation": 90, "texture": "#0"},
				"down": {"uv": [3.742, 6.508, 3.258, 7.242], "rotation": 270, "texture": "#0"}
			}
		},
		{
			"from": [7.25, 2.47574, 7.34882],
			"to": [8.75, 3.97574, 10.34882],
			"rotation": {"angle": 45, "axis": "x", "origin": [8, 11.09776, 8]},
			"faces": {
				"north": {"uv": [0.758, 8.258, 1.125, 8.625], "texture": "#0"},
				"east": {"uv": [7.008, 5.508, 7.742, 5.875], "texture": "#0"},
				"south": {"uv": [0.008, 8.258, 0.375, 8.625], "texture": "#0"},
				"west": {"uv": [7.008, 6.258, 7.742, 6.625], "texture": "#0"},
				"up": {"uv": [7.742, 7.375, 7.008, 7.008], "rotation": 90, "texture": "#0"},
				"down": {"uv": [4.742, 7.258, 4.008, 7.625], "rotation": 270, "texture": "#0"}
			}
		},
		{
			"from": [7.25, 2.47574, 5.65118],
			"to": [8.75, 3.97574, 8.65118],
			"rotation": {"angle": -45, "axis": "x", "origin": [8, 11.09776, 8]},
			"faces": {
				"north": {"uv": [8.258, 1.508, 8.625, 1.875], "texture": "#0"},
				"east": {"uv": [7.258, 4.758, 7.992, 5.125], "texture": "#0"},
				"south": {"uv": [1.508, 8.258, 1.875, 8.625], "texture": "#0"},
				"west": {"uv": [5.008, 7.258, 5.742, 7.625], "texture": "#0"},
				"up": {"uv": [6.742, 7.625, 6.008, 7.258], "rotation": 90, "texture": "#0"},
				"down": {"uv": [0.742, 7.508, 0.008, 7.875], "rotation": 270, "texture": "#0"}
			}
		},
		{
			"from": [7, 2.00222, 6.77485],
			"to": [9, 4.00222, 10.77485],
			"rotation": {"angle": 22.5, "axis": "x", "origin": [8, 11.09776, 8]},
			"faces": {
				"north": {"uv": [7.508, 3.008, 7.992, 3.492], "texture": "#0"},
				"east": {"uv": [5.508, 2.508, 6.492, 2.992], "texture": "#0"},
				"south": {"uv": [7.508, 2.258, 7.992, 2.742], "texture": "#0"},
				"west": {"uv": [5.508, 3.258, 6.492, 3.742], "texture": "#0"},
				"up": {"uv": [6.492, 4.492, 5.508, 4.008], "rotation": 90, "texture": "#0"},
				"down": {"uv": [4.242, 5.758, 3.258, 6.242], "rotation": 270, "texture": "#0"}
			}
		},
		{
			"from": [7, 2.00222, 5.22515],
			"to": [9, 4.00222, 9.22515],
			"rotation": {"angle": -22.5, "axis": "x", "origin": [8, 11.09776, 8]},
			"faces": {
				"north": {"uv": [7.758, 0.008, 8.242, 0.492], "texture": "#0"},
				"east": {"uv": [4.508, 5.758, 5.492, 6.242], "texture": "#0"},
				"south": {"uv": [3.258, 7.508, 3.742, 7.992], "texture": "#0"},
				"west": {"uv": [5.758, 5.758, 6.742, 6.242], "texture": "#0"},
				"up": {"uv": [0.992, 6.492, 0.008, 6.008], "rotation": 90, "texture": "#0"},
				"down": {"uv": [2.242, 6.258, 1.258, 6.742], "rotation": 270, "texture": "#0"}
			}
		},
		{
			"from": [7.5, 5, 5.875],
			"to": [8.5, 25, 10.125],
			"rotation": {"angle": 0, "axis": "y", "origin": [8, 11.09776, 8]},
			"faces": {
				"north": {"uv": [3.508, 0.008, 3.742, 4.992], "texture": "#0"},
				"east": {"uv": [2.625, 0.008, 1.508, 4.992], "texture": "#0"},
				"south": {"uv": [3.008, 0.008, 3.242, 4.992], "texture": "#0"},
				"west": {"uv": [1.508, 0.008, 2.625, 4.992], "texture": "#0"},
				"up": {"uv": [7.875, 4.492, 6.758, 4.258], "rotation": 90, "texture": "#0"},
				"down": {"uv": [2.125, 7.008, 1.008, 7.242], "rotation": 270, "texture": "#0"}
			}
		},
		{
			"from": [7.525, 25, 7],
			"to": [8.475, 27.5, 9],
			"rotation": {"angle": 0, "axis": "y", "origin": [7.975, 11.09776, 8]},
			"faces": {
				"north": {"uv": [8.008, 7.758, 8.242, 8.375], "texture": "#0"},
				"east": {"uv": [6.758, 2.258, 7.242, 2.875], "texture": "#0"},
				"south": {"uv": [8.008, 6.758, 8.242, 7.375], "texture": "#0"},
				"west": {"uv": [6.758, 3.258, 7.242, 3.875], "texture": "#0"},
				"up": {"uv": [3.742, 5.492, 3.258, 5.258], "rotation": 90, "texture": "#0"},
				"down": {"uv": [7.992, 3.758, 7.508, 3.992], "rotation": 270, "texture": "#0"}
			}
		},
		{
			"from": [7.5125, 23.15302, 0.77567],
			"to": [8.4875, 27.15302, 1.77567],
			"rotation": {"angle": 22.5, "axis": "x", "origin": [7.9875, 11.09776, 8]},
			"faces": {
				"north": {"uv": [4.008, 8.008, 4.242, 8.992], "texture": "#0"},
				"east": {"uv": [7.008, 7.758, 7.242, 8.742], "texture": "#0"},
				"south": {"uv": [7.508, 7.758, 7.742, 8.742], "texture": "#0"},
				"west": {"uv": [2.508, 8.008, 2.742, 8.992], "texture": "#0"},
				"up": {"uv": [8.492, 2.492, 8.258, 2.258], "rotation": 90, "texture": "#0"},
				"down": {"uv": [8.492, 2.758, 8.258, 2.992], "rotation": 270, "texture": "#0"}
			}
		},
		{
			"from": [7.515, 23.15302, 14.22433],
			"to": [8.485, 27.15302, 15.22433],
			"rotation": {"angle": -22.5, "axis": "x", "origin": [7.99, 11.09776, 8]},
			"faces": {
				"north": {"uv": [8.008, 5.508, 8.242, 6.492], "texture": "#0"},
				"east": {"uv": [4.508, 8.008, 4.742, 8.992], "texture": "#0"},
				"south": {"uv": [5.008, 8.008, 5.242, 8.992], "texture": "#0"},
				"west": {"uv": [5.508, 8.008, 5.742, 8.992], "texture": "#0"},
				"up": {"uv": [3.242, 8.492, 3.008, 8.258], "rotation": 90, "texture": "#0"},
				"down": {"uv": [8.492, 3.258, 8.258, 3.492], "rotation": 270, "texture": "#0"}
			}
		},
		{
			"from": [7.5, 23.16625, 20.06849],
			"to": [8.5, 23.91625, 20.81849],
			"rotation": {"angle": -45, "axis": "x", "origin": [8, 11.09776, 8]},
			"faces": {
				"north": {"uv": [8.258, 4.758, 8.492, 4.992], "texture": "#0"},
				"east": {"uv": [3.508, 8.258, 3.742, 8.492], "texture": "#0"},
				"south": {"uv": [8.258, 3.758, 8.492, 3.992], "texture": "#0"},
				"west": {"uv": [8.258, 4.258, 8.492, 4.492], "texture": "#0"},
				"up": {"uv": [8.742, 0.242, 8.508, 0.008], "rotation": 90, "texture": "#0"},
				"down": {"uv": [8.742, 0.508, 8.508, 0.742], "rotation": 270, "texture": "#0"}
			}
		}
	],
	"gui_light": "front",
	"display": {
		"thirdperson_righthand": {
			"translation": [0, 7, 1.25]
		},
		"thirdperson_lefthand": {
			"translation": [0, 7, 1.25]
		},
		"firstperson_righthand": {
			"translation": [0, 7, 1.25]
		},
		"firstperson_lefthand": {
			"translation": [0, 7, 1.25]
		},
		"ground": {
			"rotation": [0, 0, 90]
		},
		"gui": {
			"rotation": [90, -135, 90],
			"translation": [-1, -1, -0.25],
			"scale": [0.55, 0.55, 0.55]
		},
		"fixed": {
			"rotation": [90, -45, 90],
			"translation": [1, -1.25, -0.25],
			"scale": [0.7, 0.7, 0.7]
		}
	}
}