{"textures":{"0":"modelengine:entity/turkeybot_dinner"},"elements":[{"from":[6.285714,6.928571,14.142858],"to":[8.571428,9.214286,16.428572],"rotation":{"angle":0.0,"axis":"y","origin":[13.142858,3.5,6.714286]},"faces":{"east":{"uv":[2.375,9.5,2.875,10.0],"rotation":0,"texture":"#0","tintindex":0},"south":{"uv":[2.875,9.5,3.375,10.0],"rotation":0,"texture":"#0","tintindex":0},"north":{"uv":[1.875,9.5,2.375,10.0],"rotation":0,"texture":"#0","tintindex":0},"west":{"uv":[5.375,9.5,5.875,10.0],"rotation":0,"texture":"#0","tintindex":0},"up":{"uv":[6.375,10.0,5.875,9.5],"rotation":0,"texture":"#0","tintindex":0},"down":{"uv":[6.875,9.5,6.375,10.0],"rotation":0,"texture":"#0","tintindex":0}}},{"from":[5.428571,6.0714283,16.428572],"to":[9.428572,10.071428,19.285715],"rotation":{"angle":0.0,"axis":"y","origin":[13.142858,3.5,6.714286]},"faces":{"east":{"uv":[0.0,9.125,0.625,10.0],"rotation":0,"texture":"#0","tintindex":0},"south":{"uv":[5.5,8.625,6.375,9.5],"rotation":0,"texture":"#0","tintindex":0},"north":{"uv":[8.5,2.0,9.375,2.875],"rotation":0,"texture":"#0","tintindex":0},"west":{"uv":[0.625,9.125,1.25,10.0],"rotation":0,"texture":"#0","tintindex":0},"up":{"uv":[10.125,6.25,9.25,5.625],"rotation":0,"texture":"#0","tintindex":0},"down":{"uv":[10.125,6.25,9.25,6.875],"rotation":0,"texture":"#0","tintindex":0}}},{"from":[5.714286,5.785714,11.857143],"to":[9.142858,9.785714,14.142858],"rotation":{"angle":0.0,"axis":"y","origin":[13.142858,3.5,6.714286]},"faces":{"east":{"uv":[7.5,9.375,8.0,10.25],"rotation":0,"texture":"#0","tintindex":0},"south":{"uv":[8.875,4.75,9.625,5.625],"rotation":0,"texture":"#0","tintindex":0},"north":{"uv":[6.375,8.625,7.125,9.5],"rotation":0,"texture":"#0","tintindex":0},"west":{"uv":[8.0,9.375,8.5,10.25],"rotation":0,"texture":"#0","tintindex":0},"up":{"uv":[10.25,0.875,9.5,0.375],"rotation":0,"texture":"#0","tintindex":0},"down":{"uv":[10.25,0.875,9.5,1.375],"rotation":0,"texture":"#0","tintindex":0}}},{"from":[5.142857,5.214286,5.5714283],"to":[9.714286,10.928572,11.857143],"rotation":{"angle":0.0,"axis":"y","origin":[13.142858,3.5,6.714286]},"faces":{"east":{"uv":[7.5,4.5,8.875,5.75],"rotation":0,"texture":"#0","tintindex":0},"south":{"uv":[2.5,8.25,3.5,9.5],"rotation":0,"texture":"#0","tintindex":0},"north":{"uv":[1.5,8.25,2.5,9.5],"rotation":0,"texture":"#0","tintindex":0},"west":{"uv":[7.25,7.75,8.625,9.0],"rotation":0,"texture":"#0","tintindex":0},"up":{"uv":[4.5,9.375,3.5,8.0],"rotation":0,"texture":"#0","tintindex":0},"down":{"uv":[5.5,8.0,4.5,9.375],"rotation":0,"texture":"#0","tintindex":0}}}],"display":{"head":{"translation":[0.0,-6.4,0.0],"scale":[4.0,4.0,4.0]}}}