{"textures":{"0":"modelengine:entity/turkeybot_dinner"},"elements":[{"from":[5.142857,6.285714,6.142857],"to":[7.428571,10.857143,10.714286],"rotation":{"angle":0.0,"axis":"y","origin":[13.142858,4.5714283,14.142858]},"faces":{"east":{"uv":[8.5,0.0,9.5,1.0],"rotation":0,"texture":"#0","tintindex":0},"south":{"uv":[3.5,9.375,4.0,10.375],"rotation":0,"texture":"#0","tintindex":0},"north":{"uv":[9.375,2.0,9.875,3.0],"rotation":0,"texture":"#0","tintindex":0},"west":{"uv":[8.5,1.0,9.5,2.0],"rotation":0,"texture":"#0","tintindex":0},"up":{"uv":[4.5,10.375,4.0,9.375],"rotation":0,"texture":"#0","tintindex":0},"down":{"uv":[5.0,9.375,4.5,10.375],"rotation":0,"texture":"#0","tintindex":0}}},{"from":[5.142857,6.285714,10.714286],"to":[6.857143,8.571428,13.571428],"rotation":{"angle":0.0,"axis":"y","origin":[13.142858,4.5714283,14.142858]},"faces":{"east":{"uv":[1.25,9.5,1.875,10.0],"rotation":0,"texture":"#0","tintindex":0},"south":{"uv":[9.875,2.375,10.25,2.875],"rotation":0,"texture":"#0","tintindex":0},"north":{"uv":[9.875,1.875,10.25,2.375],"rotation":0,"texture":"#0","tintindex":0},"west":{"uv":[9.5,1.375,10.125,1.875],"rotation":0,"texture":"#0","tintindex":0},"up":{"uv":[10.0,5.375,9.625,4.75],"rotation":0,"texture":"#0","tintindex":0},"down":{"uv":[10.125,9.5,9.75,10.125],"rotation":0,"texture":"#0","tintindex":0}}}],"display":{"head":{"translation":[0.0,-6.4,0.0],"scale":[4.0,4.0,4.0]}}}