{"textures":{"0":"modelengine:entity/turkeybot_dinner"},"elements":[{"from":[9.142858,6.285714,10.714286],"to":[10.857143,8.571428,13.571428],"rotation":{"angle":0.0,"axis":"y","origin":[2.8571424,4.5714283,14.142858]},"faces":{"east":{"uv":[10.125,1.375,9.5,1.875],"rotation":0,"texture":"#0","tintindex":0},"south":{"uv":[10.25,2.375,9.875,2.875],"rotation":0,"texture":"#0","tintindex":0},"north":{"uv":[10.25,1.875,9.875,2.375],"rotation":0,"texture":"#0","tintindex":0},"west":{"uv":[1.875,9.5,1.25,10.0],"rotation":0,"texture":"#0","tintindex":0},"up":{"uv":[9.625,5.375,10.0,4.75],"rotation":0,"texture":"#0","tintindex":0},"down":{"uv":[9.75,9.5,10.125,10.125],"rotation":0,"texture":"#0","tintindex":0}}},{"from":[8.571428,6.285714,6.142857],"to":[10.857143,10.857143,10.714286],"rotation":{"angle":0.0,"axis":"y","origin":[2.8571424,4.5714283,14.142858]},"faces":{"east":{"uv":[9.5,1.0,8.5,2.0],"rotation":0,"texture":"#0","tintindex":0},"south":{"uv":[4.0,9.375,3.5,10.375],"rotation":0,"texture":"#0","tintindex":0},"north":{"uv":[9.875,2.0,9.375,3.0],"rotation":0,"texture":"#0","tintindex":0},"west":{"uv":[9.5,0.0,8.5,1.0],"rotation":0,"texture":"#0","tintindex":0},"up":{"uv":[4.0,10.375,4.5,9.375],"rotation":0,"texture":"#0","tintindex":0},"down":{"uv":[4.5,9.375,5.0,10.375],"rotation":0,"texture":"#0","tintindex":0}}}],"display":{"head":{"translation":[0.0,-6.4,0.0],"scale":[4.0,4.0,4.0]}}}