{"textures":{"0":"modelengine:entity/turkeybot_dinner"},"elements":[{"from":[6.5714283,6.0714283,16.428572],"to":[10.571428,10.071428,19.285715],"rotation":{"angle":0.0,"axis":"y","origin":[2.8571424,3.5,6.714286]},"faces":{"east":{"uv":[1.25,9.125,0.625,10.0],"rotation":0,"texture":"#0","tintindex":0},"south":{"uv":[6.375,8.625,5.5,9.5],"rotation":0,"texture":"#0","tintindex":0},"north":{"uv":[9.375,2.0,8.5,2.875],"rotation":0,"texture":"#0","tintindex":0},"west":{"uv":[0.625,9.125,0.0,10.0],"rotation":0,"texture":"#0","tintindex":0},"up":{"uv":[9.25,6.25,10.125,5.625],"rotation":0,"texture":"#0","tintindex":0},"down":{"uv":[9.25,6.25,10.125,6.875],"rotation":0,"texture":"#0","tintindex":0}}},{"from":[6.857143,5.785714,11.857143],"to":[10.285714,9.785714,14.142858],"rotation":{"angle":0.0,"axis":"y","origin":[2.8571424,3.5,6.714286]},"faces":{"east":{"uv":[8.5,9.375,8.0,10.25],"rotation":0,"texture":"#0","tintindex":0},"south":{"uv":[9.625,4.75,8.875,5.625],"rotation":0,"texture":"#0","tintindex":0},"north":{"uv":[7.125,8.625,6.375,9.5],"rotation":0,"texture":"#0","tintindex":0},"west":{"uv":[8.0,9.375,7.5,10.25],"rotation":0,"texture":"#0","tintindex":0},"up":{"uv":[9.5,0.875,10.25,0.375],"rotation":0,"texture":"#0","tintindex":0},"down":{"uv":[9.5,0.875,10.25,1.375],"rotation":0,"texture":"#0","tintindex":0}}},{"from":[6.285714,5.214286,5.5714283],"to":[10.857143,10.928572,11.857143],"rotation":{"angle":0.0,"axis":"y","origin":[2.8571424,3.5,6.714286]},"faces":{"east":{"uv":[8.625,7.75,7.25,9.0],"rotation":0,"texture":"#0","tintindex":0},"south":{"uv":[3.5,8.25,2.5,9.5],"rotation":0,"texture":"#0","tintindex":0},"north":{"uv":[2.5,8.25,1.5,9.5],"rotation":0,"texture":"#0","tintindex":0},"west":{"uv":[8.875,4.5,7.5,5.75],"rotation":0,"texture":"#0","tintindex":0},"up":{"uv":[3.5,9.375,4.5,8.0],"rotation":0,"texture":"#0","tintindex":0},"down":{"uv":[4.5,8.0,5.5,9.375],"rotation":0,"texture":"#0","tintindex":0}}},{"from":[7.428571,6.928571,14.142858],"to":[9.714286,9.214286,16.428572],"rotation":{"angle":0.0,"axis":"y","origin":[2.8571424,3.5,6.714286]},"faces":{"east":{"uv":[5.875,9.5,5.375,10.0],"rotation":0,"texture":"#0","tintindex":0},"south":{"uv":[3.375,9.5,2.875,10.0],"rotation":0,"texture":"#0","tintindex":0},"north":{"uv":[2.375,9.5,1.875,10.0],"rotation":0,"texture":"#0","tintindex":0},"west":{"uv":[2.875,9.5,2.375,10.0],"rotation":0,"texture":"#0","tintindex":0},"up":{"uv":[5.875,10.0,6.375,9.5],"rotation":0,"texture":"#0","tintindex":0},"down":{"uv":[6.375,9.5,6.875,10.0],"rotation":0,"texture":"#0","tintindex":0}}}],"display":{"head":{"translation":[0.0,-6.4,0.0],"scale":[4.0,4.0,4.0]}}}