{"textures":{"0":"modelengine:entity/turkeybot_dinner"},"elements":[{"from":[-0.57142925,7.714286,1.3571424],"to":[15.428572,8.285714,17.357143],"rotation":{"angle":0.0,"axis":"y","origin":[7.428571,6.5714283,9.357143]},"faces":{"east":{"uv":[9.5,0.0,13.0,0.125],"rotation":0,"texture":"#0","tintindex":0},"south":{"uv":[9.5,0.125,13.0,0.25],"rotation":0,"texture":"#0","tintindex":0},"north":{"uv":[9.25,7.625,12.75,7.75],"rotation":0,"texture":"#0","tintindex":0},"west":{"uv":[9.5,0.25,13.0,0.375],"rotation":0,"texture":"#0","tintindex":0},"up":{"uv":[3.5,3.5,0.0,0.0],"rotation":0,"texture":"#0","tintindex":0},"down":{"uv":[3.5,3.5,0.0,7.0],"rotation":0,"texture":"#0","tintindex":0}}},{"from":[4.0,8.285714,13.928572],"to":[12.0,10.0,16.785715],"rotation":{"angle":0.0,"axis":"y","origin":[7.428571,6.5714283,9.357143]},"faces":{"east":{"uv":[8.5,9.5,9.125,9.875],"rotation":0,"texture":"#0","tintindex":0},"south":{"uv":[8.875,4.375,10.625,4.75],"rotation":0,"texture":"#0","tintindex":0},"north":{"uv":[8.625,8.5,10.375,8.875],"rotation":0,"texture":"#0","tintindex":0},"west":{"uv":[9.125,9.5,9.75,9.875],"rotation":0,"texture":"#0","tintindex":0},"up":{"uv":[9.25,6.375,7.5,5.75],"rotation":0,"texture":"#0","tintindex":0},"down":{"uv":[10.0,3.0,8.25,3.625],"rotation":0,"texture":"#0","tintindex":0}}},{"from":[2.8571424,6.5714283,4.785714],"to":[12.0,7.714286,13.928572],"rotation":{"angle":0.0,"axis":"y","origin":[7.428571,6.5714283,9.357143]},"faces":{"east":{"uv":[9.25,7.125,11.25,7.375],"rotation":0,"texture":"#0","tintindex":0},"south":{"uv":[9.25,7.375,11.25,7.625],"rotation":0,"texture":"#0","tintindex":0},"north":{"uv":[9.25,6.875,11.25,7.125],"rotation":0,"texture":"#0","tintindex":0},"west":{"uv":[8.625,9.25,10.625,9.5],"rotation":0,"texture":"#0","tintindex":0},"up":{"uv":[5.5,6.5,3.5,4.5],"rotation":0,"texture":"#0","tintindex":0},"down":{"uv":[7.5,4.5,5.5,6.5],"rotation":0,"texture":"#0","tintindex":0}}},{"from":[2.2857141,8.285714,3.642857],"to":[13.714286,15.142858,13.928572],"rotation":{"angle":0.0,"axis":"y","origin":[7.428571,6.5714283,9.357143]},"faces":{"east":{"uv":[6.0,3.0,8.25,4.5],"rotation":0,"texture":"#0","tintindex":0},"south":{"uv":[6.0,1.5,8.5,3.0],"rotation":0,"texture":"#0","tintindex":0},"north":{"uv":[6.0,0.0,8.5,1.5],"rotation":0,"texture":"#0","tintindex":0},"west":{"uv":[3.5,6.5,5.75,8.0],"rotation":0,"texture":"#0","tintindex":0},"up":{"uv":[6.0,2.25,3.5,0.0],"rotation":0,"texture":"#0","tintindex":0},"down":{"uv":[6.0,2.25,3.5,4.5],"rotation":0,"texture":"#0","tintindex":0}}},{"from":[4.5714283,15.142858,4.785714],"to":[11.428572,16.857143,14.5],"rotation":{"angle":0.0,"axis":"y","origin":[7.428571,6.5714283,9.357143]},"faces":{"east":{"uv":[8.25,3.625,10.375,4.0],"rotation":0,"texture":"#0","tintindex":0},"south":{"uv":[7.125,9.0,8.625,9.375],"rotation":0,"texture":"#0","tintindex":0},"north":{"uv":[8.625,8.875,10.125,9.25],"rotation":0,"texture":"#0","tintindex":0},"west":{"uv":[8.25,4.0,10.375,4.375],"rotation":0,"texture":"#0","tintindex":0},"up":{"uv":[7.25,8.625,5.75,6.5],"rotation":0,"texture":"#0","tintindex":0},"down":{"uv":[1.5,7.0,0.0,9.125],"rotation":0,"texture":"#0","tintindex":0}}},{"from":[3.4285712,8.285714,1.9285712],"to":[12.571428,14.0,3.642857],"rotation":{"angle":0.0,"axis":"y","origin":[7.428571,6.5714283,9.357143]},"faces":{"east":{"uv":[5.0,9.375,5.375,10.625],"rotation":0,"texture":"#0","tintindex":0},"south":{"uv":[7.25,6.5,9.25,7.75],"rotation":0,"texture":"#0","tintindex":0},"north":{"uv":[1.5,7.0,3.5,8.25],"rotation":0,"texture":"#0","tintindex":0},"west":{"uv":[7.125,9.375,7.5,10.625],"rotation":0,"texture":"#0","tintindex":0},"up":{"uv":[10.625,8.125,8.625,7.75],"rotation":0,"texture":"#0","tintindex":0},"down":{"uv":[10.625,8.125,8.625,8.5],"rotation":0,"texture":"#0","tintindex":0}}}],"display":{"head":{"translation":[0.0,-6.4,0.0],"scale":[4.0,4.0,4.0]}}}