{"textures":{"0":"modelengine:entity/turkeybot_baby"},"elements":[{"from":[7.428571,6.285714,7.142857],"to":[8.0,8.0,10.0],"rotation":{"angle":0.0,"axis":"y","origin":[6.857143,4.0,8.857143]},"faces":{"east":{"uv":[10.5,4.0,13.0,5.5],"rotation":0,"texture":"#0","tintindex":0},"south":{"uv":[8.0,13.5,8.5,15.0],"rotation":0,"texture":"#0","tintindex":0},"north":{"uv":[7.5,13.5,8.0,15.0],"rotation":0,"texture":"#0","tintindex":0},"west":{"uv":[10.5,5.5,13.0,7.0],"rotation":0,"texture":"#0","tintindex":0},"up":{"uv":[0.5,15.5,0.0,13.0],"rotation":0,"texture":"#0","tintindex":0},"down":{"uv":[1.0,13.0,0.5,15.5],"rotation":0,"texture":"#0","tintindex":0}}}],"display":{"head":{"translation":[0.0,-6.4,0.0],"scale":[4.0,4.0,4.0]}}}