{"textures":{"0":"modelengine:entity/turkeybot_baby"},"elements":[{"from":[8.0,6.285714,7.142857],"to":[8.571428,8.0,10.0],"rotation":{"angle":0.0,"axis":"y","origin":[9.142858,4.0,8.857143]},"faces":{"east":{"uv":[13.0,5.5,10.5,7.0],"rotation":0,"texture":"#0","tintindex":0},"south":{"uv":[8.5,13.5,8.0,15.0],"rotation":0,"texture":"#0","tintindex":0},"north":{"uv":[8.0,13.5,7.5,15.0],"rotation":0,"texture":"#0","tintindex":0},"west":{"uv":[13.0,4.0,10.5,5.5],"rotation":0,"texture":"#0","tintindex":0},"up":{"uv":[0.0,15.5,0.5,13.0],"rotation":0,"texture":"#0","tintindex":0},"down":{"uv":[0.5,13.0,1.0,15.5],"rotation":0,"texture":"#0","tintindex":0}}}],"display":{"head":{"translation":[0.0,-6.4,0.0],"scale":[4.0,4.0,4.0]}}}