{"textures":{"0":"modelengine:entity/turkeybot_baby"},"elements":[{"from":[7.714286,5.2561274,7.6969543],"to":[8.285714,6.398985,8.268383],"rotation":{"angle":45.0,"axis":"x","origin":[8.0,5.827556,7.9826684]},"faces":{"east":{"uv":[10.0,13.5,9.5,14.5],"rotation":0,"texture":"#0","tintindex":0},"south":{"uv":[9.5,13.5,9.0,14.5],"rotation":0,"texture":"#0","tintindex":0},"north":{"uv":[5.0,10.5,4.5,11.5],"rotation":0,"texture":"#0","tintindex":0},"west":{"uv":[9.0,13.5,8.5,14.5],"rotation":0,"texture":"#0","tintindex":0},"up":{"uv":[10.5,14.0,11.0,13.5],"rotation":0,"texture":"#0","tintindex":0},"down":{"uv":[11.0,13.5,11.5,14.0],"rotation":0,"texture":"#0","tintindex":0}}},{"from":[7.714286,6.029587,8.017331],"to":[8.285714,6.601015,8.58876],"rotation":{"angle":0.0,"axis":"y","origin":[6.285714,5.172444,7.445903]},"faces":{"east":{"uv":[14.5,0.0,14.0,0.5],"rotation":0,"texture":"#0","tintindex":0},"south":{"uv":[14.0,13.5,13.5,14.0],"rotation":0,"texture":"#0","tintindex":0},"north":{"uv":[12.0,13.5,11.5,14.0],"rotation":0,"texture":"#0","tintindex":0},"west":{"uv":[14.0,13.0,13.5,13.5],"rotation":0,"texture":"#0","tintindex":0},"up":{"uv":[14.0,1.0,14.5,0.5],"rotation":0,"texture":"#0","tintindex":0},"down":{"uv":[1.0,14.0,1.5,14.5],"rotation":0,"texture":"#0","tintindex":0}}},{"from":[7.428571,6.601015,7.445903],"to":[8.571428,8.315301,9.160189],"rotation":{"angle":0.0,"axis":"y","origin":[6.285714,5.172444,7.445903]},"faces":{"east":{"uv":[1.5,11.5,0.0,13.0],"rotation":0,"texture":"#0","tintindex":0},"south":{"uv":[13.0,10.0,12.0,11.5],"rotation":0,"texture":"#0","tintindex":0},"north":{"uv":[11.0,12.0,10.0,13.5],"rotation":0,"texture":"#0","tintindex":0},"west":{"uv":[12.5,0.0,11.0,1.5],"rotation":0,"texture":"#0","tintindex":0},"up":{"uv":[11.0,13.5,12.0,12.0],"rotation":0,"texture":"#0","tintindex":0},"down":{"uv":[12.0,11.5,13.0,13.0],"rotation":0,"texture":"#0","tintindex":0}}},{"from":[7.714286,5.2561274,6.554097],"to":[8.285714,5.827556,8.268383],"rotation":{"angle":0.0,"axis":"y","origin":[8.0,5.827556,7.9826684]},"faces":{"east":{"uv":[15.0,3.0,13.5,3.5],"rotation":0,"texture":"#0","tintindex":0},"south":{"uv":[10.5,13.5,10.0,14.0],"rotation":0,"texture":"#0","tintindex":0},"north":{"uv":[14.0,3.5,13.5,4.0],"rotation":0,"texture":"#0","tintindex":0},"west":{"uv":[12.5,1.5,11.0,2.0],"rotation":0,"texture":"#0","tintindex":0},"up":{"uv":[4.0,15.0,4.5,13.5],"rotation":0,"texture":"#0","tintindex":0},"down":{"uv":[7.0,13.5,7.5,15.0],"rotation":0,"texture":"#0","tintindex":0}}}],"display":{"head":{"translation":[0.0,-6.4,0.0],"scale":[4.0,4.0,4.0]}}}