{"textures":{"0":"modelengine:entity/turkeybot_baby"},"elements":[{"from":[6.5714283,6.857143,5.714286],"to":[9.428572,9.142858,8.0],"rotation":{"angle":0.0,"axis":"y","origin":[8.285714,5.142857,7.428571]},"faces":{"east":{"uv":[10.0,10.0,12.0,12.0],"rotation":0,"texture":"#0","tintindex":0},"south":{"uv":[8.0,4.0,10.5,6.0],"rotation":0,"texture":"#0","tintindex":0},"north":{"uv":[8.0,2.0,10.5,4.0],"rotation":0,"texture":"#0","tintindex":0},"west":{"uv":[10.5,2.0,12.5,4.0],"rotation":0,"texture":"#0","tintindex":0},"up":{"uv":[10.5,8.0,8.0,6.0],"rotation":0,"texture":"#0","tintindex":0},"down":{"uv":[10.5,8.0,8.0,10.0],"rotation":0,"texture":"#0","tintindex":0}}},{"from":[6.285714,6.857143,5.142857],"to":[9.714286,9.142858,6.857143],"rotation":{"angle":-22.5,"axis":"x","origin":[8.0,8.0,6.857143]},"faces":{"east":{"uv":[3.0,10.5,4.5,12.5],"rotation":0,"texture":"#0","tintindex":0},"south":{"uv":[8.0,0.0,11.0,2.0],"rotation":0,"texture":"#0","tintindex":0},"north":{"uv":[0.0,8.0,3.0,10.0],"rotation":0,"texture":"#0","tintindex":0},"west":{"uv":[10.5,7.0,12.0,9.0],"rotation":0,"texture":"#0","tintindex":0},"up":{"uv":[3.0,11.5,0.0,10.0],"rotation":0,"texture":"#0","tintindex":0},"down":{"uv":[10.0,10.0,7.0,11.5],"rotation":0,"texture":"#0","tintindex":0}}},{"from":[7.428571,10.110536,4.880683],"to":[8.571428,11.253393,6.0235405],"rotation":{"angle":22.5,"axis":"x","origin":[8.0,9.539107,5.4521117]},"faces":{"east":{"uv":[2.0,13.0,3.0,14.0],"rotation":0,"texture":"#0","tintindex":0},"south":{"uv":[13.0,4.0,14.0,5.0],"rotation":0,"texture":"#0","tintindex":0},"north":{"uv":[1.0,13.0,2.0,14.0],"rotation":0,"texture":"#0","tintindex":0},"west":{"uv":[4.5,13.0,5.5,14.0],"rotation":0,"texture":"#0","tintindex":0},"up":{"uv":[14.0,6.0,13.0,5.0],"rotation":0,"texture":"#0","tintindex":0},"down":{"uv":[14.0,6.0,13.0,7.0],"rotation":0,"texture":"#0","tintindex":0}}},{"from":[6.285714,6.857143,8.0],"to":[9.714286,9.714286,10.285714],"rotation":{"angle":0.0,"axis":"y","origin":[8.285714,5.142857,7.428571]},"faces":{"east":{"uv":[3.0,8.0,5.0,10.5],"rotation":0,"texture":"#0","tintindex":0},"south":{"uv":[5.0,2.5,8.0,5.0],"rotation":0,"texture":"#0","tintindex":0},"north":{"uv":[5.0,0.0,8.0,2.5],"rotation":0,"texture":"#0","tintindex":0},"west":{"uv":[5.0,9.0,7.0,11.5],"rotation":0,"texture":"#0","tintindex":0},"up":{"uv":[8.0,7.0,5.0,5.0],"rotation":0,"texture":"#0","tintindex":0},"down":{"uv":[8.0,7.0,5.0,9.0],"rotation":0,"texture":"#0","tintindex":0}}},{"from":[7.428571,8.0,5.142857],"to":[8.571428,10.285714,6.285714],"rotation":{"angle":0.0,"axis":"y","origin":[8.0,5.142857,7.428571]},"faces":{"east":{"uv":[8.0,11.5,9.0,13.5],"rotation":0,"texture":"#0","tintindex":0},"south":{"uv":[9.0,11.5,10.0,13.5],"rotation":0,"texture":"#0","tintindex":0},"north":{"uv":[7.0,11.5,8.0,13.5],"rotation":0,"texture":"#0","tintindex":0},"west":{"uv":[12.0,7.0,13.0,9.0],"rotation":0,"texture":"#0","tintindex":0},"up":{"uv":[8.0,10.0,7.0,9.0],"rotation":0,"texture":"#0","tintindex":0},"down":{"uv":[13.5,3.0,12.5,4.0],"rotation":0,"texture":"#0","tintindex":0}}},{"from":[5.142857,6.857143,10.0],"to":[10.857143,11.428572,10.571428],"rotation":{"angle":22.5,"axis":"x","origin":[8.0,9.142858,10.285714]},"faces":{"east":{"uv":[6.0,11.5,6.5,15.5],"rotation":0,"texture":"#0","tintindex":0},"south":{"uv":[0.0,4.0,5.0,8.0],"rotation":0,"texture":"#0","tintindex":0},"north":{"uv":[0.0,0.0,5.0,4.0],"rotation":0,"texture":"#0","tintindex":0},"west":{"uv":[6.5,11.5,7.0,15.5],"rotation":0,"texture":"#0","tintindex":0},"up":{"uv":[15.5,9.5,10.5,9.0],"rotation":0,"texture":"#0","tintindex":0},"down":{"uv":[15.5,9.5,10.5,10.0],"rotation":0,"texture":"#0","tintindex":0}}}],"display":{"head":{"translation":[0.0,-6.4,0.0],"scale":[4.0,4.0,4.0]}}}