{"textures":{"0":"modelengine:entity/wither"},"elements":[{"from":[-4.0005713,-13.714857,1.7137136],"to":[7.429143,16.000572,13.143429],"rotation":{"angle":0.0,"axis":"y","origin":[13.714286,15.428572,13.714286]},"faces":{"east":{"uv":[10.0,2.1666667,10.833333,4.3333335],"rotation":0,"texture":"#0","tintindex":0},"south":{"uv":[10.0,4.3333335,10.833333,6.5],"rotation":0,"texture":"#0","tintindex":0},"north":{"uv":[10.0,0.0,10.833333,2.1666667],"rotation":0,"texture":"#0","tintindex":0},"west":{"uv":[8.333333,10.375,9.166667,12.541667],"rotation":0,"texture":"#0","tintindex":0},"up":{"uv":[14.166667,13.541667,13.333333,12.708333],"rotation":0,"texture":"#0","tintindex":0},"down":{"uv":[10.833333,13.5,10.0,14.333333],"rotation":0,"texture":"#0","tintindex":0}}}],"display":{"head":{"translation":[0.0,-6.4,0.0],"scale":[4.0,4.0,4.0]}}}