{"textures":{"0":"modelengine:entity/wither"},"elements":[{"from":[5.9996,-16.0,5.5996],"to":[10.000401,31.6008,9.6004],"rotation":{"angle":0.0,"axis":"y","origin":[8.0,8.8004,2.0]},"faces":{"east":{"uv":[4.5833335,8.666667,5.0,13.625],"rotation":0,"texture":"#0","tintindex":0},"south":{"uv":[2.4166667,9.458333,2.8333333,14.416667],"rotation":0,"texture":"#0","tintindex":0},"north":{"uv":[4.1666665,8.666667,4.5833335,13.625],"rotation":0,"texture":"#0","tintindex":0},"west":{"uv":[2.8333333,9.458333,3.25,14.416667],"rotation":0,"texture":"#0","tintindex":0},"up":{"uv":[11.25,14.833333,10.833333,14.416667],"rotation":0,"texture":"#0","tintindex":0},"down":{"uv":[11.666667,14.416667,11.25,14.833333],"rotation":0,"texture":"#0","tintindex":0}}},{"from":[5.9996,10.0,-3.6004],"to":[10.000401,31.6008,0.40039968],"rotation":{"angle":0.0,"axis":"y","origin":[8.0,8.8004,2.0]},"faces":{"east":{"uv":[14.166667,0.0,14.583333,1.625],"rotation":0,"texture":"#0","tintindex":0},"south":{"uv":[14.166667,1.625,14.583333,3.25],"rotation":0,"texture":"#0","tintindex":0},"north":{"uv":[1.6666666,13.708333,2.0833333,15.333333],"rotation":0,"texture":"#0","tintindex":0},"west":{"uv":[14.166667,3.25,14.583333,4.875],"rotation":0,"texture":"#0","tintindex":0},"up":{"uv":[3.3333333,14.875,2.9166667,14.458333],"rotation":0,"texture":"#0","tintindex":0},"down":{"uv":[3.75,14.458333,3.3333333,14.875],"rotation":0,"texture":"#0","tintindex":0}}},{"from":[-5.6004,27.2,-3.6004],"to":[6.4004,29.2008,-1.5996008],"rotation":{"angle":22.5,"axis":"y","origin":[6.4,27.6004,-2.4000006]},"faces":{"east":{"uv":[14.583333,3.25,14.166667,4.875],"rotation":0,"texture":"#0","tintindex":0},"south":{"uv":[14.583333,1.625,14.166667,3.25],"rotation":0,"texture":"#0","tintindex":0},"north":{"uv":[2.0833333,13.708333,1.6666666,15.333333],"rotation":0,"texture":"#0","tintindex":0},"west":{"uv":[14.583333,0.0,14.166667,1.625],"rotation":0,"texture":"#0","tintindex":0},"up":{"uv":[2.9166667,14.875,3.3333333,14.458333],"rotation":0,"texture":"#0","tintindex":0},"down":{"uv":[3.3333333,14.458333,3.75,14.875],"rotation":0,"texture":"#0","tintindex":0}}},{"from":[9.5996,27.2,-3.6004],"to":[21.600399,29.2008,-1.5996008],"rotation":{"angle":-22.5,"axis":"y","origin":[9.6,27.6004,-2.4000006]},"faces":{"east":{"uv":[14.166667,0.0,14.583333,1.625],"rotation":0,"texture":"#0","tintindex":0},"south":{"uv":[14.166667,1.625,14.583333,3.25],"rotation":0,"texture":"#0","tintindex":0},"north":{"uv":[1.6666666,13.708333,2.0833333,15.333333],"rotation":0,"texture":"#0","tintindex":0},"west":{"uv":[14.166667,3.25,14.583333,4.875],"rotation":0,"texture":"#0","tintindex":0},"up":{"uv":[3.3333333,14.875,2.9166667,14.458333],"rotation":0,"texture":"#0","tintindex":0},"down":{"uv":[3.75,14.458333,3.3333333,14.875],"rotation":0,"texture":"#0","tintindex":0}}}],"display":{"head":{"translation":[0.0,-9.601599,0.0],"scale":[4.0,4.0,4.0]}}}