{"textures":{"0":"modelengine:entity/wither"},"elements":[{"from":[2.2851424,-13.714857,2.2851424],"to":[13.714857,7.429143,13.714857],"rotation":{"angle":0.0,"axis":"y","origin":[0.0,0.5714283,14.285715]},"faces":{"east":{"uv":[11.666667,5.0416665,12.5,6.5833335],"rotation":0,"texture":"#0","tintindex":0},"south":{"uv":[11.666667,6.5833335,12.5,8.125],"rotation":0,"texture":"#0","tintindex":0},"north":{"uv":[11.666667,3.5,12.5,5.0416665],"rotation":0,"texture":"#0","tintindex":0},"west":{"uv":[11.666667,9.125,12.5,10.666667],"rotation":0,"texture":"#0","tintindex":0},"up":{"uv":[14.166667,14.375,13.333333,13.541667],"rotation":0,"texture":"#0","tintindex":0},"down":{"uv":[11.666667,13.583333,10.833333,14.416667],"rotation":0,"texture":"#0","tintindex":0}}}],"display":{"head":{"translation":[0.0,-6.4,0.0],"scale":[4.0,4.0,4.0]}}}