{"textures":{"0":"modelengine:entity/wither"},"elements":[{"from":[1.7137136,-10.286285,2.2851424],"to":[13.143429,6.857714,13.714857],"rotation":{"angle":0.0,"axis":"y","origin":[11.428572,8.0,14.285715]},"faces":{"east":{"uv":[6.6666665,12.375,7.5,13.625],"rotation":0,"texture":"#0","tintindex":0},"south":{"uv":[7.5,12.375,8.333333,13.625],"rotation":0,"texture":"#0","tintindex":0},"north":{"uv":[10.833333,7.0,11.666667,8.25],"rotation":0,"texture":"#0","tintindex":0},"west":{"uv":[12.5,0.0,13.333333,1.25],"rotation":0,"texture":"#0","tintindex":0},"up":{"uv":[14.166667,10.208333,13.333333,9.375],"rotation":0,"texture":"#0","tintindex":0},"down":{"uv":[14.166667,10.208333,13.333333,11.041667],"rotation":0,"texture":"#0","tintindex":0}}}],"display":{"head":{"translation":[0.0,-6.4,0.0],"scale":[4.0,4.0,4.0]}}}