{"textures":{"0":"modelengine:entity/wither"},"elements":[{"from":[8.570857,-13.714857,1.7137136],"to":[20.000572,16.000572,13.143429],"rotation":{"angle":0.0,"axis":"y","origin":[2.2857141,15.428572,13.714286]},"faces":{"east":{"uv":[10.0,10.375,10.833333,12.541667],"rotation":0,"texture":"#0","tintindex":0},"south":{"uv":[0.0,10.708333,0.8333333,12.875],"rotation":0,"texture":"#0","tintindex":0},"north":{"uv":[9.166667,10.375,10.0,12.541667],"rotation":0,"texture":"#0","tintindex":0},"west":{"uv":[0.8333333,10.708333,1.6666666,12.875],"rotation":0,"texture":"#0","tintindex":0},"up":{"uv":[5.75,14.75,4.9166665,13.916667],"rotation":0,"texture":"#0","tintindex":0},"down":{"uv":[6.5833335,13.916667,5.75,14.75],"rotation":0,"texture":"#0","tintindex":0}}}],"display":{"head":{"translation":[0.0,-6.4,0.0],"scale":[4.0,4.0,4.0]}}}