{"textures":{"0":"modelengine:entity/wither"},"elements":[{"from":[3.4279995,-0.5720005,-1.7148571],"to":[12.000572,16.000572,6.857714],"rotation":{"angle":0.0,"axis":"y","origin":[1.1428566,13.714286,-5.714287]},"faces":{"east":{"uv":[13.333333,5.75,13.958333,6.9583335],"rotation":0,"texture":"#0","tintindex":0},"south":{"uv":[13.333333,6.9583335,13.958333,8.166667],"rotation":0,"texture":"#0","tintindex":0},"north":{"uv":[1.6666666,10.708333,2.2916667,11.916667],"rotation":0,"texture":"#0","tintindex":0},"west":{"uv":[13.333333,8.166667,13.958333,9.375],"rotation":0,"texture":"#0","tintindex":0},"up":{"uv":[2.2916667,12.541667,1.6666666,11.916667],"rotation":0,"texture":"#0","tintindex":0},"down":{"uv":[14.791667,11.166667,14.166667,11.791667],"rotation":0,"texture":"#0","tintindex":0}}}],"display":{"head":{"translation":[0.0,-6.4,0.0],"scale":[4.0,4.0,4.0]}}}