{"textures":{"0":"modelengine:entity/wither"},"elements":[{"from":[2.8565712,-10.286285,2.2851424],"to":[14.286286,6.857714,13.714857],"rotation":{"angle":0.0,"axis":"y","origin":[4.5714283,8.0,14.285715]},"faces":{"east":{"uv":[12.5,7.5,13.333333,8.75],"rotation":0,"texture":"#0","tintindex":0},"south":{"uv":[12.5,8.75,13.333333,10.0],"rotation":0,"texture":"#0","tintindex":0},"north":{"uv":[12.5,6.25,13.333333,7.5],"rotation":0,"texture":"#0","tintindex":0},"west":{"uv":[12.5,10.0,13.333333,11.25],"rotation":0,"texture":"#0","tintindex":0},"up":{"uv":[0.8333333,14.541667,0.0,13.708333],"rotation":0,"texture":"#0","tintindex":0},"down":{"uv":[1.6666666,13.708333,0.8333333,14.541667],"rotation":0,"texture":"#0","tintindex":0}}}],"display":{"head":{"translation":[0.0,-6.4,0.0],"scale":[4.0,4.0,4.0]}}}