{"textures":{"0":"modelengine:entity/wither"},"elements":[{"from":[2.2851424,-13.714857,2.2851424],"to":[13.714857,7.429143,13.714857],"rotation":{"angle":0.0,"axis":"y","origin":[16.0,0.5714283,14.285715]},"faces":{"east":{"uv":[11.666667,12.208333,12.5,13.75],"rotation":0,"texture":"#0","tintindex":0},"south":{"uv":[5.0,12.375,5.8333335,13.916667],"rotation":0,"texture":"#0","tintindex":0},"north":{"uv":[11.666667,10.666667,12.5,12.208333],"rotation":0,"texture":"#0","tintindex":0},"west":{"uv":[5.8333335,12.375,6.6666665,13.916667],"rotation":0,"texture":"#0","tintindex":0},"up":{"uv":[14.791667,8.25,13.958333,7.4166665],"rotation":0,"texture":"#0","tintindex":0},"down":{"uv":[14.791667,8.25,13.958333,9.083333],"rotation":0,"texture":"#0","tintindex":0}}}],"display":{"head":{"translation":[0.0,-6.4,0.0],"scale":[4.0,4.0,4.0]}}}