{"textures":{"0":"modelengine:entity/wither"},"elements":[{"from":[-4.0003996,-16.0,-0.40040016],"to":[20.0004,31.6008,15.6004],"rotation":{"angle":0.0,"axis":"y","origin":[8.0,8.8004,8.0]},"faces":{"east":{"uv":[5.0,7.4166665,6.6666665,12.375],"rotation":0,"texture":"#0","tintindex":0},"south":{"uv":[2.5,0.0,5.0,4.9583335],"rotation":0,"texture":"#0","tintindex":0},"north":{"uv":[0.0,0.0,2.5,4.9583335],"rotation":0,"texture":"#0","tintindex":0},"west":{"uv":[6.6666665,7.4166665,8.333333,12.375],"rotation":0,"texture":"#0","tintindex":0},"up":{"uv":[10.0,6.6666665,7.5,5.0],"rotation":0,"texture":"#0","tintindex":0},"down":{"uv":[10.833333,6.6666665,8.333333,8.333333],"rotation":0,"texture":"#0","tintindex":0}}}],"display":{"head":{"translation":[0.0,-9.601599,0.0],"scale":[4.0,4.0,4.0]}}}