{"textures":{"0":"modelengine:entity/wither"},"elements":[{"from":[5.1434283,0.572,4.5719995],"to":[11.999429,15.4279995,11.428],"rotation":{"angle":0.0,"axis":"y","origin":[8.571428,0.5714283,14.285715]},"faces":{"east":{"uv":[12.5,12.5,13.333333,13.75],"rotation":0,"texture":"#0","tintindex":0},"south":{"uv":[8.333333,12.541667,9.166667,13.791667],"rotation":0,"texture":"#0","tintindex":0},"north":{"uv":[12.5,11.25,13.333333,12.5],"rotation":0,"texture":"#0","tintindex":0},"west":{"uv":[9.166667,12.541667,10.0,13.791667],"rotation":0,"texture":"#0","tintindex":0},"up":{"uv":[12.5,14.583333,11.666667,13.75],"rotation":0,"texture":"#0","tintindex":0},"down":{"uv":[13.333333,13.75,12.5,14.583333],"rotation":0,"texture":"#0","tintindex":0}}}],"display":{"head":{"translation":[0.0,-6.4,0.0],"scale":[4.0,4.0,4.0]}}}