{"textures":{"0":"modelengine:entity/wither"},"elements":[{"from":[5.5996,3.9996,-16.0],"to":[10.000401,11.6004,24.000803],"rotation":{"angle":0.0,"axis":"y","origin":[3.1999998,12.0,21.200401]},"faces":{"east":{"uv":[8.333333,8.333333,12.5,9.125],"rotation":0,"texture":"#0","tintindex":0},"south":{"uv":[14.166667,12.583333,14.625,13.375],"rotation":0,"texture":"#0","tintindex":0},"north":{"uv":[14.166667,11.791667,14.625,12.583333],"rotation":0,"texture":"#0","tintindex":0},"west":{"uv":[0.0,8.666667,4.1666665,9.458333],"rotation":0,"texture":"#0","tintindex":0},"up":{"uv":[3.7083333,13.625,3.25,9.458333],"rotation":0,"texture":"#0","tintindex":0},"down":{"uv":[4.1666665,9.458333,3.7083333,13.625],"rotation":0,"texture":"#0","tintindex":0}}}],"display":{"head":{"translation":[0.0,-6.4,-65.60161],"scale":[4.0,4.0,4.0]}}}