{"textures":{"0":"modelengine:entity/wither"},"elements":[{"from":[-9.143429,4.570857,-5.722046E-4],"to":[25.143429,11.429143,18.286285],"rotation":{"angle":0.0,"axis":"y","origin":[8.0,40.57143,8.0]},"faces":{"east":{"uv":[14.166667,10.333333,15.416667,10.75],"rotation":0,"texture":"#0","tintindex":0},"south":{"uv":[0.0,13.291667,2.4166667,13.708333],"rotation":0,"texture":"#0","tintindex":0},"north":{"uv":[0.0,12.875,2.4166667,13.291667],"rotation":0,"texture":"#0","tintindex":0},"west":{"uv":[14.166667,10.75,15.416667,11.166667],"rotation":0,"texture":"#0","tintindex":0},"up":{"uv":[10.75,10.375,8.333333,9.125],"rotation":0,"texture":"#0","tintindex":0},"down":{"uv":[2.4166667,9.458333,0.0,10.708333],"rotation":0,"texture":"#0","tintindex":0}}}],"display":{"head":{"translation":[0.0,-6.4,0.0],"scale":[4.0,4.0,4.0]}}}