{"textures":{"0":"modelengine:entity/wither"},"elements":[{"from":[4.0005713,0.572,4.5719995],"to":[10.856571,15.4279995,11.428],"rotation":{"angle":0.0,"axis":"y","origin":[7.428571,0.5714283,14.285715]},"faces":{"east":{"uv":[12.5,2.5,13.333333,3.75],"rotation":0,"texture":"#0","tintindex":0},"south":{"uv":[12.5,3.75,13.333333,5.0],"rotation":0,"texture":"#0","tintindex":0},"north":{"uv":[12.5,1.25,13.333333,2.5],"rotation":0,"texture":"#0","tintindex":0},"west":{"uv":[12.5,5.0,13.333333,6.25],"rotation":0,"texture":"#0","tintindex":0},"up":{"uv":[7.5,14.458333,6.6666665,13.625],"rotation":0,"texture":"#0","tintindex":0},"down":{"uv":[8.333333,13.625,7.5,14.458333],"rotation":0,"texture":"#0","tintindex":0}}}],"display":{"head":{"translation":[0.0,-6.4,0.0],"scale":[4.0,4.0,4.0]}}}