{"textures":{"0":"modelengine:entity/wither"},"elements":[{"from":[6.285143,6.285143,-6.2862864],"to":[9.143429,9.143429,8.5720005],"rotation":{"angle":0.0,"axis":"y","origin":[5.714286,16.0,12.571428]},"faces":{"east":{"uv":[7.8333335,14.458333,7.2083335,14.666667],"rotation":0,"texture":"#0","tintindex":0},"south":{"uv":[8.041667,14.458333,7.8333335,14.666667],"rotation":0,"texture":"#0","tintindex":0},"north":{"uv":[4.7916665,14.458333,4.5833335,14.666667],"rotation":0,"texture":"#0","tintindex":0},"west":{"uv":[7.2083335,14.458333,6.5833335,14.666667],"rotation":0,"texture":"#0","tintindex":0},"up":{"uv":[2.0833333,14.333333,2.2916667,13.708333],"rotation":0,"texture":"#0","tintindex":0},"down":{"uv":[4.375,14.458333,4.5833335,15.083333],"rotation":0,"texture":"#0","tintindex":0}}}],"display":{"head":{"translation":[0.0,-6.4,0.0],"scale":[4.0,4.0,4.0]}}}