{"textures":{"0":"modelengine:entity/wither"},"elements":[{"from":[4.5719995,-1.7137146,4.5719995],"to":[11.428,17.713715,11.428],"rotation":{"angle":0.0,"axis":"y","origin":[0.0,-11.428572,14.285715]},"faces":{"east":{"uv":[10.833333,1.75,11.666667,3.5],"rotation":0,"texture":"#0","tintindex":0},"south":{"uv":[10.833333,3.5,11.666667,5.25],"rotation":0,"texture":"#0","tintindex":0},"north":{"uv":[10.833333,0.0,11.666667,1.75],"rotation":0,"texture":"#0","tintindex":0},"west":{"uv":[10.833333,5.25,11.666667,7.0],"rotation":0,"texture":"#0","tintindex":0},"up":{"uv":[4.0833335,14.458333,3.25,13.625],"rotation":0,"texture":"#0","tintindex":0},"down":{"uv":[4.9166665,13.625,4.0833335,14.458333],"rotation":0,"texture":"#0","tintindex":0}}}],"display":{"head":{"translation":[0.0,-6.4,0.0],"scale":[4.0,4.0,4.0]}}}