{"textures":{"0":"modelengine:entity/wither"},"elements":[{"from":[4.5719995,-1.7137146,4.5719995],"to":[11.428,17.713715,11.428],"rotation":{"angle":0.0,"axis":"y","origin":[16.0,-11.428572,14.285715]},"faces":{"east":{"uv":[10.833333,10.875,11.666667,12.625],"rotation":0,"texture":"#0","tintindex":0},"south":{"uv":[11.666667,0.0,12.5,1.75],"rotation":0,"texture":"#0","tintindex":0},"north":{"uv":[10.833333,9.125,11.666667,10.875],"rotation":0,"texture":"#0","tintindex":0},"west":{"uv":[11.666667,1.75,12.5,3.5],"rotation":0,"texture":"#0","tintindex":0},"up":{"uv":[14.791667,6.5833335,13.958333,5.75],"rotation":0,"texture":"#0","tintindex":0},"down":{"uv":[14.791667,6.5833335,13.958333,7.4166665],"rotation":0,"texture":"#0","tintindex":0}}}],"display":{"head":{"translation":[0.0,-6.4,0.0],"scale":[4.0,4.0,4.0]}}}