{"textures":{"0":"modelengine:entity/wither"},"elements":[{"from":[7.9994287,6.285143,6.285143],"to":[14.286286,9.143429,9.143429],"rotation":{"angle":22.5,"axis":"y","origin":[8.0,13.714286,8.0]},"faces":{"east":{"uv":[12.291667,8.125,12.5,8.333333],"rotation":0,"texture":"#0","tintindex":0},"south":{"uv":[1.6666666,12.541667,2.2916667,12.75],"rotation":0,"texture":"#0","tintindex":0},"north":{"uv":[11.666667,8.125,12.291667,8.333333],"rotation":0,"texture":"#0","tintindex":0},"west":{"uv":[13.958333,9.083333,14.166667,9.291667],"rotation":0,"texture":"#0","tintindex":0},"up":{"uv":[14.791667,5.7083335,14.166667,5.5],"rotation":0,"texture":"#0","tintindex":0},"down":{"uv":[4.375,14.458333,3.75,14.666667],"rotation":0,"texture":"#0","tintindex":0}}}],"display":{"head":{"translation":[0.0,-6.4,0.0],"scale":[4.0,4.0,4.0]}}}