{"textures":{"0":"modelengine:entity/wither"},"elements":[{"from":[2.2851424,-6.2862864,2.2851424],"to":[13.714857,6.857714,13.714857],"rotation":{"angle":0.0,"axis":"y","origin":[-5.714287,-32.0,14.285715]},"faces":{"east":{"uv":[13.333333,2.875,14.166667,3.8333333],"rotation":0,"texture":"#0","tintindex":0},"south":{"uv":[13.333333,3.8333333,14.166667,4.7916665],"rotation":0,"texture":"#0","tintindex":0},"north":{"uv":[13.333333,1.9166666,14.166667,2.875],"rotation":0,"texture":"#0","tintindex":0},"west":{"uv":[13.333333,4.7916665,14.166667,5.75],"rotation":0,"texture":"#0","tintindex":0},"up":{"uv":[9.166667,14.625,8.333333,13.791667],"rotation":0,"texture":"#0","tintindex":0},"down":{"uv":[10.0,13.791667,9.166667,14.625],"rotation":0,"texture":"#0","tintindex":0}}},{"from":[2.2851424,-6.2862864,-3.429143],"to":[13.714857,2.2862859,2.2862859],"rotation":{"angle":0.0,"axis":"y","origin":[-5.714287,-32.0,14.285715]},"faces":{"east":{"uv":[2.0833333,14.416667,2.5,15.041667],"rotation":0,"texture":"#0","tintindex":0},"south":{"uv":[14.166667,9.708333,15.0,10.333333],"rotation":0,"texture":"#0","tintindex":0},"north":{"uv":[14.166667,9.083333,15.0,9.708333],"rotation":0,"texture":"#0","tintindex":0},"west":{"uv":[2.5,14.416667,2.9166667,15.041667],"rotation":0,"texture":"#0","tintindex":0},"up":{"uv":[15.0,14.625,14.166667,14.208333],"rotation":0,"texture":"#0","tintindex":0},"down":{"uv":[10.833333,14.333333,10.0,14.75],"rotation":0,"texture":"#0","tintindex":0}}}],"display":{"head":{"translation":[0.0,-6.4,0.0],"scale":[4.0,4.0,4.0]}}}