{
    "providers": [
        {
            "type": "bitmap",
            "file": "minecraft:custom/yungwilder/galaxy_pack/bb_8.png",
            "ascent": 8,
            "height": 10,
            "chars": ["\uE000"]
        },
		{
            "type": "bitmap",
            "file": "minecraft:custom/yungwilder/galaxy_pack/bounty_hunter.png",
            "ascent": 8,
            "height": 10,
            "chars": ["\uE001"]
        },
		{
            "type": "bitmap",
            "file": "minecraft:custom/yungwilder/galaxy_pack/first_order.png",
            "ascent": 8,
            "height": 10,
            "chars": ["\uE002"]
        },
		{
            "type": "bitmap",
            "file": "minecraft:custom/yungwilder/galaxy_pack/galactic_empire.png",
            "ascent": 8,
            "height": 10,
            "chars": ["\uE003"]
        },
		{
            "type": "bitmap",
            "file": "minecraft:custom/yungwilder/galaxy_pack/jedi_order.png",
            "ascent": 8,
            "height": 10,
            "chars": ["\uE004"]
        },
		{
            "type": "bitmap",
            "file": "minecraft:custom/yungwilder/galaxy_pack/r2_d2.png",
            "ascent": 8,
            "height": 10,
            "chars": ["\uE005"]
        },
		{
            "type": "bitmap",
            "file": "minecraft:custom/yungwilder/galaxy_pack/rebel_alliance.png",
            "ascent": 8,
            "height": 10,
            "chars": ["\uE006"]
        }
    ]
}
