{
	"credit": "Made with Blockbench",
	"texture_size": [128, 128],
	"textures": {
		"0": "flamos_texture/flamos_scythe_shiny_a",
		"particle": "flamos_texture/flamos_scythe_shiny_a"
	},
	"elements": [
		{
			"from": [7.208, -9.94816, 3.89288],
			"to": [8.792, 4.30784, 5.47688],
			"rotation": {"angle": -22.5, "axis": "x", "origin": [8, 8.97829, 6.61839]},
			"faces": {
				"north": {"uv": [4.5, 4.375, 4.75, 6.625], "texture": "#0"},
				"east": {"uv": [4.875, 4.375, 5.125, 6.625], "texture": "#0"},
				"south": {"uv": [1.375, 5.25, 1.625, 7.5], "texture": "#0"},
				"west": {"uv": [1.75, 5.25, 2, 7.5], "texture": "#0"},
				"up": {"uv": [7.625, 3.375, 7.375, 3.125], "texture": "#0"},
				"down": {"uv": [7.625, 3.5, 7.375, 3.75], "texture": "#0"}
			}
		},
		{
			"from": [6.812, -13.14711, 10.19997],
			"to": [9.188, -8.39511, 13.36797],
			"rotation": {"angle": 0, "axis": "x", "origin": [8, 8.97829, 6.61839]},
			"faces": {
				"north": {"uv": [6.5, 4.375, 6.875, 5.125], "texture": "#0"},
				"east": {"uv": [5.75, 5.375, 6.25, 6.125], "texture": "#0"},
				"south": {"uv": [5.25, 6.5, 5.625, 7.25], "texture": "#0"},
				"west": {"uv": [6, 0.875, 6.5, 1.625], "texture": "#0"},
				"up": {"uv": [7.25, 0.5, 6.875, 0], "texture": "#0"},
				"down": {"uv": [0.875, 6.875, 0.5, 7.375], "texture": "#0"}
			}
		},
		{
			"from": [7.1981, -7.29099, 18.15653],
			"to": [8.8019, -2.53899, 20.53253],
			"rotation": {"angle": 22.5, "axis": "x", "origin": [8, 8.97829, 6.61839]},
			"faces": {
				"north": {"uv": [6.875, 2.375, 7.125, 3.125], "texture": "#0"},
				"east": {"uv": [6.625, 0.625, 7, 1.375], "texture": "#0"},
				"south": {"uv": [3, 6.875, 3.25, 7.625], "texture": "#0"},
				"west": {"uv": [6.625, 1.5, 7, 2.25], "texture": "#0"},
				"up": {"uv": [7.375, 2.25, 7.125, 1.875], "texture": "#0"},
				"down": {"uv": [7, 7.125, 6.75, 7.5], "texture": "#0"}
			}
		},
		{
			"from": [7.604, 2.35551, 22.08419],
			"to": [8.396, 6.31551, 23.66819],
			"rotation": {"angle": 45, "axis": "x", "origin": [8, 8.97829, 6.61839]},
			"faces": {
				"north": {"uv": [7.25, 2.375, 7.375, 3], "texture": "#0"},
				"east": {"uv": [1, 7, 1.25, 7.625], "texture": "#0"},
				"south": {"uv": [7.25, 5, 7.375, 5.625], "texture": "#0"},
				"west": {"uv": [7, 3.25, 7.25, 3.875], "texture": "#0"},
				"up": {"uv": [7.625, 2.125, 7.5, 1.875], "texture": "#0"},
				"down": {"uv": [7.625, 2.25, 7.5, 2.5], "texture": "#0"}
			}
		},
		{
			"from": [7.208, -6.41119, 24.03515],
			"to": [8.792, -1.65919, 26.41115],
			"rotation": {"angle": 45, "axis": "x", "origin": [8, 8.97829, 6.61839]},
			"faces": {
				"north": {"uv": [3.375, 6.875, 3.625, 7.625], "texture": "#0"},
				"east": {"uv": [4.5, 6.75, 4.875, 7.5], "texture": "#0"},
				"south": {"uv": [3.75, 6.875, 4, 7.625], "texture": "#0"},
				"west": {"uv": [6.75, 6.25, 7.125, 7], "texture": "#0"},
				"up": {"uv": [7.375, 7.5, 7.125, 7.125], "texture": "#0"},
				"down": {"uv": [2.375, 7.25, 2.125, 7.625], "texture": "#0"}
			}
		},
		{
			"from": [7.604, -14.79866, -3.58761],
			"to": [8.396, -13.21466, 0.37239],
			"rotation": {"angle": -22.5, "axis": "x", "origin": [8, 8.97829, 6.61839]},
			"faces": {
				"north": {"uv": [7.5, 2.625, 7.625, 2.875], "texture": "#0"},
				"east": {"uv": [4.375, 2.5, 5, 2.75], "texture": "#0"},
				"south": {"uv": [7.5, 3.875, 7.625, 4.125], "texture": "#0"},
				"west": {"uv": [5.625, 3.625, 6.25, 3.875], "texture": "#0"},
				"up": {"uv": [7.375, 6.375, 7.25, 5.75], "texture": "#0"},
				"down": {"uv": [2.625, 7.375, 2.5, 8], "texture": "#0"}
			}
		},
		{
			"from": [7.2179, 3.62035, 5.88764],
			"to": [8.7821, 18.66835, 7.47164],
			"rotation": {"angle": 0, "axis": "x", "origin": [8, 8.97829, 6.61839]},
			"faces": {
				"north": {"uv": [3, 4.375, 3.25, 6.75], "texture": "#0"},
				"east": {"uv": [3.375, 4.375, 3.625, 6.75], "texture": "#0"},
				"south": {"uv": [3.75, 4.375, 4, 6.75], "texture": "#0"},
				"west": {"uv": [4.125, 4.375, 4.375, 6.75], "texture": "#0"},
				"up": {"uv": [7.5, 6.75, 7.25, 6.5], "texture": "#0"},
				"down": {"uv": [7.625, 0, 7.375, 0.25], "texture": "#0"}
			}
		},
		{
			"from": [6.812, 12.33235, 5.49164],
			"to": [9.188, 18.66835, 7.86764],
			"rotation": {"angle": 0, "axis": "x", "origin": [8, 8.97829, 6.61839]},
			"faces": {
				"north": {"uv": [5.25, 5.375, 5.625, 6.375], "texture": "#0"},
				"east": {"uv": [5.625, 2.5, 6, 3.5], "texture": "#0"},
				"south": {"uv": [0, 5.75, 0.375, 6.75], "texture": "#0"},
				"west": {"uv": [0.5, 5.75, 0.875, 6.75], "texture": "#0"},
				"up": {"uv": [7.375, 4.375, 7, 4], "texture": "#0"},
				"down": {"uv": [7.375, 4.5, 7, 4.875], "texture": "#0"}
			}
		},
		{
			"from": [8, 6.78835, 7.47164],
			"to": [8, 14.70835, 15.39164],
			"rotation": {"angle": 0, "axis": "x", "origin": [8, 8.97829, 6.61839]},
			"faces": {
				"north": {"uv": [5.625, 7.375, 5.625, 8.625], "texture": "#0"},
				"east": {"uv": [3.75, 3, 5, 4.25], "texture": "#0"},
				"south": {"uv": [0.875, 7.5, 0.875, 8.75], "texture": "#0"},
				"west": {"uv": [5, 3, 3.75, 4.25], "texture": "#0"},
				"up": {"uv": [7.5, 8.125, 7.5, 6.875], "texture": "#0"},
				"down": {"uv": [0, 7.625, 0, 8.875], "texture": "#0"}
			}
		},
		{
			"from": [6.7922, 17.51543, 1.66126],
			"to": [9.2078, 22.26743, 11.16526],
			"rotation": {"angle": -22.5, "axis": "x", "origin": [8, 8.97829, 6.61839]},
			"faces": {
				"north": {"uv": [5.75, 6.25, 6.125, 7], "texture": "#0"},
				"east": {"uv": [1.375, 4.375, 2.875, 5.125], "texture": "#0"},
				"south": {"uv": [6.25, 6.25, 6.625, 7], "texture": "#0"},
				"west": {"uv": [4.375, 1.625, 5.875, 2.375], "texture": "#0"},
				"up": {"uv": [5.25, 1.5, 4.875, 0], "texture": "#0"},
				"down": {"uv": [5.5, 2.5, 5.125, 4], "texture": "#0"}
			}
		},
		{
			"from": [8, 19.33506, -3.11774],
			"to": [8, 27.25506, 6.38626],
			"rotation": {"angle": 0, "axis": "x", "origin": [8, 8.97829, 6.61839]},
			"faces": {
				"north": {"uv": [0.125, 7.625, 0.125, 8.875], "texture": "#0"},
				"east": {"uv": [2.75, 1.625, 4.25, 2.875], "texture": "#0"},
				"south": {"uv": [0.25, 7.625, 0.25, 8.875], "texture": "#0"},
				"west": {"uv": [4.25, 1.625, 2.75, 2.875], "texture": "#0"},
				"up": {"uv": [0.375, 9.125, 0.375, 7.625], "texture": "#0"},
				"down": {"uv": [1.375, 7.625, 1.375, 9.125], "texture": "#0"}
			}
		},
		{
			"from": [8, 12.69795, -7.25503],
			"to": [8, 20.61795, 9.37697],
			"rotation": {"angle": -45, "axis": "x", "origin": [8, 8.97829, 6.61839]},
			"faces": {
				"north": {"uv": [2, 7.625, 2, 8.875], "texture": "#0"},
				"east": {"uv": [2.625, 1.375, 0, 2.625], "texture": "#0"},
				"south": {"uv": [4.125, 7.625, 4.125, 8.875], "texture": "#0"},
				"west": {"uv": [0, 1.375, 2.625, 2.625], "texture": "#0"},
				"up": {"uv": [4.25, 10.25, 4.25, 7.625], "texture": "#0"},
				"down": {"uv": [4.375, 7.625, 4.375, 10.25], "texture": "#0"}
			}
		},
		{
			"from": [8, 17.4734, 1.53792],
			"to": [8, 26.9774, 14.20992],
			"rotation": {"angle": 22.5, "axis": "x", "origin": [8, 8.97829, 6.61839]},
			"faces": {
				"north": {"uv": [1.5, 7.625, 1.5, 9.125], "texture": "#0"},
				"east": {"uv": [0, 2.75, 2, 4.25], "texture": "#0"},
				"south": {"uv": [1.625, 7.625, 1.625, 9.125], "texture": "#0"},
				"west": {"uv": [2, 2.75, 0, 4.25], "texture": "#0"},
				"up": {"uv": [1.75, 9.625, 1.75, 7.625], "texture": "#0"},
				"down": {"uv": [1.875, 7.625, 1.875, 9.625], "texture": "#0"}
			}
		},
		{
			"from": [6.8021, 18.27695, 5.64844],
			"to": [9.1979, 23.02895, 9.60844],
			"rotation": {"angle": 0, "axis": "x", "origin": [8, 8.97829, 6.61839]},
			"faces": {
				"north": {"uv": [6.375, 5.375, 6.75, 6.125], "texture": "#0"},
				"east": {"uv": [2.125, 5.25, 2.75, 6], "texture": "#0"},
				"south": {"uv": [6.5, 3.5, 6.875, 4.25], "texture": "#0"},
				"west": {"uv": [5.375, 0, 6, 0.75], "texture": "#0"},
				"up": {"uv": [5.75, 1.5, 5.375, 0.875], "texture": "#0"},
				"down": {"uv": [0.375, 6.875, 0, 7.5], "texture": "#0"}
			}
		},
		{
			"from": [7.208, 23.02895, 6.07984],
			"to": [8.792, 24.61295, 7.66384],
			"rotation": {"angle": 0, "axis": "x", "origin": [8, 8.97829, 6.61839]},
			"faces": {
				"north": {"uv": [5.25, 7.375, 5.5, 7.625], "texture": "#0"},
				"east": {"uv": [7.5, 0.375, 7.75, 0.625], "texture": "#0"},
				"south": {"uv": [0.5, 7.5, 0.75, 7.75], "texture": "#0"},
				"west": {"uv": [7.5, 0.75, 7.75, 1], "texture": "#0"},
				"up": {"uv": [7.75, 1.375, 7.5, 1.125], "texture": "#0"},
				"down": {"uv": [7.75, 1.5, 7.5, 1.75], "texture": "#0"}
			}
		},
		{
			"from": [7.604, 24.61295, 6.43624],
			"to": [8.396, 26.19695, 7.22824],
			"rotation": {"angle": 0, "axis": "x", "origin": [8, 8.97829, 6.61839]},
			"faces": {
				"north": {"uv": [7.5, 4.25, 7.625, 4.5], "texture": "#0"},
				"east": {"uv": [7.5, 4.625, 7.625, 4.875], "texture": "#0"},
				"south": {"uv": [7.5, 5, 7.625, 5.25], "texture": "#0"},
				"west": {"uv": [7.5, 5.375, 7.625, 5.625], "texture": "#0"},
				"up": {"uv": [2.25, 2.875, 2.125, 2.75], "texture": "#0"},
				"down": {"uv": [2.5, 2.75, 2.375, 2.875], "texture": "#0"}
			}
		},
		{
			"from": [7.208, 19.1608, 4.07385],
			"to": [8.792, 22.3288, 8.03385],
			"rotation": {"angle": 22.5, "axis": "x", "origin": [8, 8.97829, 6.61839]},
			"faces": {
				"north": {"uv": [6, 7.125, 6.25, 7.625], "texture": "#0"},
				"east": {"uv": [6.125, 0, 6.75, 0.5], "texture": "#0"},
				"south": {"uv": [6.375, 7.125, 6.625, 7.625], "texture": "#0"},
				"west": {"uv": [6.125, 2.875, 6.75, 3.375], "texture": "#0"},
				"up": {"uv": [4.375, 7.5, 4.125, 6.875], "texture": "#0"},
				"down": {"uv": [7.125, 5.25, 6.875, 5.875], "texture": "#0"}
			}
		},
		{
			"from": [7.208, 19.74983, 0.01475],
			"to": [8.792, 22.91783, 7.14275],
			"rotation": {"angle": -45, "axis": "x", "origin": [8, 8.97829, 6.61839]},
			"faces": {
				"north": {"uv": [7.125, 0.625, 7.375, 1.125], "texture": "#0"},
				"east": {"uv": [5.25, 4.125, 6.375, 4.625], "texture": "#0"},
				"south": {"uv": [7.125, 1.25, 7.375, 1.75], "texture": "#0"},
				"west": {"uv": [5.25, 4.75, 6.375, 5.25], "texture": "#0"},
				"up": {"uv": [1.25, 6.875, 1, 5.75], "texture": "#0"},
				"down": {"uv": [2.875, 6.125, 2.625, 7.25], "texture": "#0"}
			}
		},
		{
			"from": [7.604, 1.98498, -8.72606],
			"to": [8.396, 8.32098, -6.74606],
			"rotation": {"angle": 22.5, "axis": "x", "origin": [8, 8.97829, 6.61839]},
			"faces": {
				"north": {"uv": [5, 6.75, 5.125, 7.75], "texture": "#0"},
				"east": {"uv": [6.125, 1.75, 6.4375, 2.75], "texture": "#0"},
				"south": {"uv": [5.75, 7.125, 5.875, 8.125], "texture": "#0"},
				"west": {"uv": [2.125, 6.125, 2.4375, 7.125], "texture": "#0"},
				"up": {"uv": [6.75, 2.6875, 6.625, 2.375], "texture": "#0"},
				"down": {"uv": [2.875, 7.375, 2.75, 7.6875], "texture": "#0"}
			}
		}
	],
	"gui_light": "front",
	"display": {
		"thirdperson_righthand": {
			"rotation": [9, 0, 0],
			"translation": [0, 1.75, 3.25],
			"scale": [1.15, 1.15, 1.15]
		},
		"thirdperson_lefthand": {
			"rotation": [9, 0, 0],
			"translation": [0, 1.75, 3.25],
			"scale": [1.15, 1.15, 1.15]
		},
		"firstperson_righthand": {
			"rotation": [9, 0, 0],
			"translation": [7, 2.5, -2.5],
			"scale": [1.15, 1.15, 1.15]
		},
		"firstperson_lefthand": {
			"rotation": [9, 0, 0],
			"translation": [7, 2.5, -2.5],
			"scale": [1.15, 1.15, 1.15]
		},
		"ground": {
			"rotation": [0, 0, 90],
			"scale": [1.15, 1.15, 1.15]
		},
		"gui": {
			"rotation": [-90, -53, -90],
			"translation": [-0.25, 0.5, -1],
			"scale": [0.45, 0.45, 0.45]
		},
		"fixed": {
			"rotation": [-90, 52, 90],
			"translation": [-0.5, 1, -1.25],
			"scale": [0.8, 0.8, 0.8]
		}
	}
}