{
	"credit": "Made by Jeqo",
	"texture_size": [64, 64],
	"textures": {
		"0": "item/jeqo/gem_set/blue_gem_sword",
		"particle": "item/jeqo/gem_set/blue_gem_sword"
	},
	"elements": [
		{
			"from": [10.46562, 3.48855, 6.999],
			"to": [14.46762, 5.49055, 9.001],
			"rotation": {"angle": 22.5, "axis": "z", "origin": [12.46662, 4.48955, 7.5]},
			"faces": {
				"north": {"uv": [6, 2.5, 7, 3], "texture": "#0"},
				"east": {"uv": [2.5, 7, 3, 7.5], "texture": "#0"},
				"south": {"uv": [6, 3.5, 7, 4], "texture": "#0"},
				"west": {"uv": [3.5, 7, 4, 7.5], "texture": "#0"},
				"up": {"uv": [7.25, 3.5, 6.25, 3], "texture": "#0"},
				"down": {"uv": [6, 6.25, 5, 6.75], "texture": "#0"}
			}
		},
		{
			"from": [7, -8.2, 7],
			"to": [9, 0.8, 9],
			"rotation": {"angle": 0, "axis": "y", "origin": [0, 21.8, 0]},
			"faces": {
				"north": {"uv": [3, 2, 3.5, 4.25], "texture": "#0"},
				"east": {"uv": [0, 3.5, 0.5, 5.75], "texture": "#0"},
				"south": {"uv": [0.5, 3.5, 1, 5.75], "texture": "#0"},
				"west": {"uv": [1, 3.5, 1.5, 5.75], "texture": "#0"},
				"up": {"uv": [7.25, 6.75, 6.75, 6.25], "texture": "#0"},
				"down": {"uv": [1, 7, 0.5, 7.5], "texture": "#0"}
			}
		},
		{
			"from": [7, -11.2, 7],
			"to": [9, -10.2, 9],
			"rotation": {"angle": 0, "axis": "y", "origin": [0, 19.8, 0]},
			"faces": {
				"north": {"uv": [6, 4, 6.5, 4.25], "texture": "#0"},
				"east": {"uv": [4.5, 7, 5, 7.25], "texture": "#0"},
				"south": {"uv": [7.25, 4, 7.75, 4.25], "texture": "#0"},
				"west": {"uv": [7.25, 4.25, 7.75, 4.5], "texture": "#0"},
				"up": {"uv": [7.5, 1.25, 7, 0.75], "texture": "#0"},
				"down": {"uv": [1.5, 7, 1, 7.5], "texture": "#0"}
			}
		},
		{
			"from": [6.501, -8.199, 6.501],
			"to": [9.499, -6.201, 9.499],
			"rotation": {"angle": 0, "axis": "y", "origin": [0, 19.8, 0]},
			"faces": {
				"north": {"uv": [6, 6.25, 6.75, 6.75], "texture": "#0"},
				"east": {"uv": [0, 6.5, 0.75, 7], "texture": "#0"},
				"south": {"uv": [0.75, 6.5, 1.5, 7], "texture": "#0"},
				"west": {"uv": [2, 6.5, 2.75, 7], "texture": "#0"},
				"up": {"uv": [4.25, 5.75, 3.5, 5], "texture": "#0"},
				"down": {"uv": [6, 0, 5.25, 0.75], "texture": "#0"}
			}
		},
		{
			"from": [6.501, -10.199, 6.501],
			"to": [9.499, -9.201, 9.499],
			"rotation": {"angle": 0, "axis": "y", "origin": [0, 19.8, 0]},
			"faces": {
				"north": {"uv": [5, 6, 5.75, 6.25], "texture": "#0"},
				"east": {"uv": [7, 2.75, 7.75, 3], "texture": "#0"},
				"south": {"uv": [7, 6.75, 7.75, 7], "texture": "#0"},
				"west": {"uv": [7, 7, 7.75, 7.25], "texture": "#0"},
				"up": {"uv": [6, 1.5, 5.25, 0.75], "texture": "#0"},
				"down": {"uv": [6, 1.5, 5.25, 2.25], "texture": "#0"}
			}
		},
		{
			"from": [7.001, -9.199, 7.001],
			"to": [8.999, -8.201, 8.999],
			"rotation": {"angle": 0, "axis": "y", "origin": [0, 20.8, 0]},
			"faces": {
				"north": {"uv": [4.5, 7.25, 5, 7.5], "texture": "#0"},
				"east": {"uv": [7.25, 4.5, 7.75, 4.75], "texture": "#0"},
				"south": {"uv": [7.25, 4.75, 7.75, 5], "texture": "#0"},
				"west": {"uv": [5, 7.25, 5.5, 7.5], "texture": "#0"},
				"up": {"uv": [7.5, 1.75, 7, 1.25], "texture": "#0"},
				"down": {"uv": [7.5, 1.75, 7, 2.25], "texture": "#0"}
			}
		},
		{
			"from": [6.501, 0.801, 6.501],
			"to": [9.499, 2.799, 9.499],
			"rotation": {"angle": 0, "axis": "y", "origin": [0, 20.8, 0]},
			"faces": {
				"north": {"uv": [3.5, 6.5, 4.25, 7], "texture": "#0"},
				"east": {"uv": [6.5, 4, 7.25, 4.5], "texture": "#0"},
				"south": {"uv": [6.5, 4.5, 7.25, 5], "texture": "#0"},
				"west": {"uv": [5, 6.75, 5.75, 7.25], "texture": "#0"},
				"up": {"uv": [6, 3, 5.25, 2.25], "texture": "#0"},
				"down": {"uv": [5.75, 5.25, 5, 6], "texture": "#0"}
			}
		},
		{
			"from": [5.999, 4.799, 6.999],
			"to": [10.001, 7.801, 9.001],
			"rotation": {"angle": 0, "axis": "y", "origin": [8, 6.85, 8.5]},
			"faces": {
				"north": {"uv": [2, 5, 3, 5.75], "texture": "#0"},
				"east": {"uv": [6.75, 5, 7.25, 5.75], "texture": "#0"},
				"south": {"uv": [5, 3.5, 6, 4.25], "texture": "#0"},
				"west": {"uv": [5.75, 6.75, 6.25, 7.5], "texture": "#0"},
				"up": {"uv": [6.25, 3.5, 5.25, 3], "texture": "#0"},
				"down": {"uv": [6.75, 5.25, 5.75, 5.75], "texture": "#0"}
			}
		},
		{
			"from": [4.999, 2.799, 5.999],
			"to": [11.001, 4.801, 10.001],
			"rotation": {"angle": 0, "axis": "y", "origin": [8, 7.85, 8.5]},
			"faces": {
				"north": {"uv": [5, 4.25, 6.5, 4.75], "texture": "#0"},
				"east": {"uv": [5.75, 5.75, 6.75, 6.25], "texture": "#0"},
				"south": {"uv": [5, 4.75, 6.5, 5.25], "texture": "#0"},
				"west": {"uv": [6, 0, 7, 0.5], "texture": "#0"},
				"up": {"uv": [4.5, 1, 3, 0], "texture": "#0"},
				"down": {"uv": [4.5, 1, 3, 2], "texture": "#0"}
			}
		},
		{
			"from": [1.53238, 3.48855, 6.999],
			"to": [5.53438, 5.49055, 9.001],
			"rotation": {"angle": -22.5, "axis": "z", "origin": [3.53338, 4.48955, 7.5]},
			"faces": {
				"north": {"uv": [6, 0.5, 7, 1], "texture": "#0"},
				"east": {"uv": [2, 7, 2.5, 7.5], "texture": "#0"},
				"south": {"uv": [6, 1, 7, 1.5], "texture": "#0"},
				"west": {"uv": [7, 2.25, 7.5, 2.75], "texture": "#0"},
				"up": {"uv": [7, 2, 6, 1.5], "texture": "#0"},
				"down": {"uv": [7, 2, 6, 2.5], "texture": "#0"}
			}
		},
		{
			"from": [6.999, 5.299, 6.499],
			"to": [9.001, 7.301, 9.501],
			"rotation": {"angle": 45, "axis": "z", "origin": [8, 6.3, 8]},
			"faces": {
				"north": {"uv": [7, 3.5, 7.5, 4], "texture": "#0"},
				"east": {"uv": [6.75, 5.75, 7.5, 6.25], "texture": "#0"},
				"south": {"uv": [4, 7, 4.5, 7.5], "texture": "#0"},
				"west": {"uv": [6.25, 6.75, 7, 7.25], "texture": "#0"},
				"up": {"uv": [0.5, 7.75, 0, 7], "texture": "#0"},
				"down": {"uv": [7.5, 0, 7, 0.75], "texture": "#0"}
			}
		},
		{
			"from": [6.75, -5.2, 6.75],
			"to": [9.25, 0.8, 9.25],
			"rotation": {"angle": 0, "axis": "y", "origin": [0, 21.8, 0]},
			"faces": {
				"north": {"uv": [1.5, 3.5, 2.25, 5], "texture": "#0"},
				"east": {"uv": [3.5, 2, 4.25, 3.5], "texture": "#0"},
				"south": {"uv": [2.25, 3.5, 3, 5], "texture": "#0"},
				"west": {"uv": [3.5, 3.5, 4.25, 5], "texture": "#0"},
				"up": {"uv": [0.75, 6.5, 0, 5.75], "texture": "#0"},
				"down": {"uv": [1.5, 5.75, 0.75, 6.5], "texture": "#0"}
			}
		},
		{
			"from": [6, 7.8, 7.5],
			"to": [7, 22.15, 8.5],
			"rotation": {"angle": 0, "axis": "y", "origin": [8, 6.85, 9]},
			"faces": {
				"north": {"uv": [4.25, 2, 4.5, 5.5], "texture": "#0"},
				"east": {"uv": [3, 4.25, 3.25, 7.75], "texture": "#0"},
				"south": {"uv": [3.25, 4.25, 3.5, 7.75], "texture": "#0"},
				"west": {"uv": [4.5, 0, 4.75, 3.5], "texture": "#0"},
				"up": {"uv": [4.5, 6.5, 4.25, 6.25], "texture": "#0"},
				"down": {"uv": [3, 6.5, 2.75, 6.75], "texture": "#0"}
			}
		},
		{
			"from": [7, 7.8, 7.5],
			"to": [9, 21.8, 8.5],
			"rotation": {"angle": 0, "axis": "y", "origin": [9, 6.85, 9]},
			"faces": {
				"north": {"uv": [0, 0, 0.5, 3.5], "texture": "#0"},
				"east": {"uv": [4.5, 3.5, 4.75, 7], "texture": "#0"},
				"south": {"uv": [0.5, 0, 1, 3.5], "texture": "#0"},
				"west": {"uv": [4.75, 0, 5, 3.5], "texture": "#0"},
				"up": {"uv": [7.75, 5.25, 7.25, 5], "texture": "#0"},
				"down": {"uv": [7.75, 5.25, 7.25, 5.5], "texture": "#0"}
			}
		},
		{
			"from": [9, 7.8, 7.5],
			"to": [10, 22.15, 8.5],
			"rotation": {"angle": 0, "axis": "y", "origin": [11, 6.85, 9]},
			"faces": {
				"north": {"uv": [4.75, 3.5, 5, 7], "texture": "#0"},
				"east": {"uv": [5, 0, 5.25, 3.5], "texture": "#0"},
				"south": {"uv": [1.5, 5, 1.75, 8.5], "texture": "#0"},
				"west": {"uv": [1.75, 5, 2, 8.5], "texture": "#0"},
				"up": {"uv": [4.5, 6.75, 4.25, 6.5], "texture": "#0"},
				"down": {"uv": [6.75, 5, 6.5, 5.25], "texture": "#0"}
			}
		},
		{
			"from": [6.77032, 20.85899, 7.525],
			"to": [9.52032, 23.60899, 8.475],
			"rotation": {"angle": 45, "axis": "z", "origin": [8.17132, 22.00999, 8.476]},
			"faces": {
				"north": {"uv": [2, 5.75, 2.75, 6.5], "texture": "#0"},
				"east": {"uv": [4.25, 5.5, 4.5, 6.25], "texture": "#0"},
				"south": {"uv": [3.5, 5.75, 4.25, 6.5], "texture": "#0"},
				"west": {"uv": [2.75, 5.75, 3, 6.5], "texture": "#0"},
				"up": {"uv": [8, 3.25, 7.25, 3], "texture": "#0"},
				"down": {"uv": [8, 3.25, 7.25, 3.5], "texture": "#0"}
			}
		},
		{
			"from": [2.749, 4.049, 7.999],
			"to": [6.751, 11.051, 8.001],
			"rotation": {"angle": 22.5, "axis": "z", "origin": [4, 6.3, 8]},
			"faces": {
				"north": {"uv": [1, 0, 2, 1.75], "texture": "#0"},
				"east": {"uv": [0, 0, 0, 1.75], "texture": "#0"},
				"south": {"uv": [1, 1.75, 2, 3.5], "texture": "#0"},
				"west": {"uv": [0, 0, 0, 1.75], "texture": "#0"},
				"up": {"uv": [1, 0, 0, 0], "texture": "#0"},
				"down": {"uv": [1, 0, 0, 0], "texture": "#0"}
			}
		},
		{
			"from": [9.249, 4.049, 7.999],
			"to": [13.251, 11.051, 8.001],
			"rotation": {"angle": -22.5, "axis": "z", "origin": [12, 6.3, 8]},
			"faces": {
				"north": {"uv": [2, 0, 3, 1.75], "texture": "#0"},
				"east": {"uv": [0, 0, 0, 1.75], "texture": "#0"},
				"south": {"uv": [2, 1.75, 3, 3.5], "texture": "#0"},
				"west": {"uv": [0, 0, 0, 1.75], "texture": "#0"},
				"up": {"uv": [1, 0, 0, 0], "texture": "#0"},
				"down": {"uv": [1, 0, 0, 0], "texture": "#0"}
			}
		}
	],
	"gui_light": "front",
	"display": {
		"thirdperson_righthand": {
			"rotation": [0, -90, 0],
			"translation": [0, 5.5, 2],
			"scale": [0.7, 0.7, 0.7]
		},
		"thirdperson_lefthand": {
			"rotation": [0, -90, 0],
			"translation": [0, 5.5, 2],
			"scale": [0.7, 0.7, 0.7]
		},
		"firstperson_righthand": {
			"rotation": [8, 85, 0],
			"translation": [3.25, 3.75, 0.25],
			"scale": [0.4, 0.4, 0.4]
		},
		"firstperson_lefthand": {
			"rotation": [8, -85, 0],
			"translation": [3.25, 3.75, 0.25],
			"scale": [0.4, 0.4, 0.4]
		},
		"ground": {
			"rotation": [0, 0, 45],
			"translation": [0, 7, 0],
			"scale": [0.5, 0.5, 0.5]
		},
		"gui": {
			"rotation": [0, 0, -45],
			"translation": [1, 1, 0],
			"scale": [0.6, 0.6, 0.6]
		},
		"head": {
			"translation": [0.25, 8.5, 0.75],
			"scale": [0.6, 0.6, 0.6]
		},
		"fixed": {
			"rotation": [0, 0, 45],
			"translation": [-1, 1.25, 0],
			"scale": [0.7, 0.7, 0.7]
		}
	},
	"groups": [
		{
			"name": "sword",
			"origin": [12, 6.3, 8],
			"color": 0,
			"children": [0, 1, 2, 3, 4, 5, 6, 7, 8, 9, 10, 11, 12, 13, 14, 15, 16, 17]
		}
	]
}