{
	"credit": "Made by Jeqo",
	"texture_size": [64, 64],
	"textures": {
		"4": "item/jeqo/gem_set/gray_gem_bows"
	},
	"elements": [
		{
			"from": [7.75, 3.5, 4.5],
			"to": [7.75, 6.5, 23.5],
			"rotation": {"angle": 0, "axis": "y", "origin": [7.75, 5, 15]},
			"faces": {
				"north": {"uv": [0, 0, 0, 0.75], "texture": "#4"},
				"east": {"uv": [0, 1.5, 4.75, 2.25], "texture": "#4"},
				"south": {"uv": [0, 0, 0, 0.75], "texture": "#4"},
				"west": {"uv": [0, 2.25, 4.75, 3], "texture": "#4"},
				"up": {"uv": [0, 4.75, 0, 0], "texture": "#4"},
				"down": {"uv": [0, 0, 0, 4.75], "texture": "#4"}
			}
		},
		{
			"from": [7.725, 3.5, 3],
			"to": [7.725, 6.5, 6],
			"rotation": {"angle": -45, "axis": "x", "origin": [7.725, 5, 4.5]},
			"faces": {
				"north": {"uv": [0, 0, 0, 0.75], "texture": "#4"},
				"east": {"uv": [7.75, 7.5, 8.5, 8.25], "texture": "#4"},
				"south": {"uv": [0, 0, 0, 0.75], "texture": "#4"},
				"west": {"uv": [2.25, 8, 3, 8.75], "texture": "#4"},
				"up": {"uv": [0, 0.75, 0, 0], "texture": "#4"},
				"down": {"uv": [0, 0, 0, 0.75], "texture": "#4"}
			}
		},
		{
			"from": [7.75, 2.5, 23.5],
			"to": [7.75, 7.5, 26.5],
			"rotation": {"angle": 0, "axis": "y", "origin": [7.75, 5, 25]},
			"faces": {
				"north": {"uv": [0, 0, 0, 1.25], "texture": "#4"},
				"east": {"uv": [1.5, 4.75, 2.25, 6], "texture": "#4"},
				"south": {"uv": [0, 0, 0, 1.25], "texture": "#4"},
				"west": {"uv": [4.75, 1.5, 5.5, 2.75], "texture": "#4"},
				"up": {"uv": [0, 0.75, 0, 0], "texture": "#4"},
				"down": {"uv": [0, 0, 0, 0.75], "texture": "#4"}
			}
		},
		{
			"from": [6.999, 10.499, 4.499],
			"to": [9.001, 16.501, 6.501],
			"rotation": {"angle": 22.5, "axis": "x", "origin": [8, 10.5, 4.5]},
			"faces": {
				"north": {"uv": [2.5, 6.5, 3, 8], "texture": "#4"},
				"east": {"uv": [1, 7, 1.5, 8.5], "texture": "#4"},
				"south": {"uv": [5.75, 7, 6.25, 8.5], "texture": "#4"},
				"west": {"uv": [6.25, 7, 6.75, 8.5], "texture": "#4"},
				"up": {"uv": [9, 7.75, 8.5, 7.25], "texture": "#4"},
				"down": {"uv": [9, 7.75, 8.5, 8.25], "texture": "#4"}
			}
		},
		{
			"from": [6.498, 8.498, 3.498],
			"to": [9.502, 10.502, 7.502],
			"rotation": {"angle": 0, "axis": "y", "origin": [7.5, 10.5, 5.5]},
			"faces": {
				"north": {"uv": [8.5, 4.5, 9.25, 5], "texture": "#4"},
				"east": {"uv": [7.75, 8.25, 8.75, 8.75], "texture": "#4"},
				"south": {"uv": [8.5, 5, 9.25, 5.5], "texture": "#4"},
				"west": {"uv": [0, 8.5, 1, 9], "texture": "#4"},
				"up": {"uv": [1.75, 7, 1, 6], "texture": "#4"},
				"down": {"uv": [7, 2.75, 6.25, 3.75], "texture": "#4"}
			}
		},
		{
			"from": [6.75, 1.5, 4.25],
			"to": [9.25, 8.5, 6.75],
			"rotation": {"angle": 0, "axis": "y", "origin": [8.01, 2.49, 11.51]},
			"faces": {
				"north": {"uv": [0, 9.5, 0.75, 11.25], "texture": "#4"},
				"east": {"uv": [0.75, 9.5, 1.5, 11.25], "texture": "#4"},
				"south": {"uv": [1.5, 9.5, 2.25, 11.25], "texture": "#4"},
				"west": {"uv": [2.25, 9.5, 3, 11.25], "texture": "#4"},
				"up": {"uv": [8.5, 5, 7.75, 4.25], "texture": "#4"},
				"down": {"uv": [8.5, 6.75, 7.75, 7.5], "texture": "#4"}
			}
		},
		{
			"from": [6.498, -0.502, 3.498],
			"to": [9.502, 1.502, 7.502],
			"rotation": {"angle": 0, "axis": "y", "origin": [7.5, -0.5, 5.5]},
			"faces": {
				"north": {"uv": [8.5, 5.5, 9.25, 6], "texture": "#4"},
				"east": {"uv": [8.5, 0.5, 9.5, 1], "texture": "#4"},
				"south": {"uv": [5.75, 8.5, 6.5, 9], "texture": "#4"},
				"west": {"uv": [1, 8.5, 2, 9], "texture": "#4"},
				"up": {"uv": [4.25, 7.75, 3.5, 6.75], "texture": "#4"},
				"down": {"uv": [7.5, 6.25, 6.75, 7.25], "texture": "#4"}
			}
		},
		{
			"from": [7, 1.5, 4.5],
			"to": [9, 8.5, 6.5],
			"rotation": {"angle": 0, "axis": "y", "origin": [8.01, 2.49, 11.51]},
			"faces": {
				"north": {"uv": [2.25, 4.75, 2.75, 6.5], "texture": "#4"},
				"east": {"uv": [5.25, 2.75, 5.75, 4.5], "texture": "#4"},
				"south": {"uv": [5.25, 4.5, 5.75, 6.25], "texture": "#4"},
				"west": {"uv": [5.5, 0, 6, 1.75], "texture": "#4"},
				"up": {"uv": [2.25, 6.5, 1.75, 6], "texture": "#4"},
				"down": {"uv": [9, 6.75, 8.5, 7.25], "texture": "#4"}
			}
		},
		{
			"from": [6.999, -6.501, 4.499],
			"to": [9.001, -0.499, 6.501],
			"rotation": {"angle": -22.5, "axis": "x", "origin": [8, -0.5, 4.5]},
			"faces": {
				"north": {"uv": [7.25, 0.75, 7.75, 2.25], "texture": "#4"},
				"east": {"uv": [7.25, 2.25, 7.75, 3.75], "texture": "#4"},
				"south": {"uv": [7.25, 3.75, 7.75, 5.25], "texture": "#4"},
				"west": {"uv": [4.25, 7.25, 4.75, 8.75], "texture": "#4"},
				"up": {"uv": [5.5, 9.25, 5, 8.75], "texture": "#4"},
				"down": {"uv": [7, 8.75, 6.5, 9.25], "texture": "#4"}
			}
		},
		{
			"from": [6.497, -6.22521, 4.98776],
			"to": [9.501, -3.22121, 8.99176],
			"rotation": {"angle": -45, "axis": "x", "origin": [7.9996, -3.85436, 7.19445]},
			"faces": {
				"north": {"uv": [7.75, 0.5, 8.5, 1.25], "texture": "#4"},
				"east": {"uv": [5.75, 6.25, 6.75, 7], "texture": "#4"},
				"south": {"uv": [7.75, 1.25, 8.5, 2], "texture": "#4"},
				"west": {"uv": [6.5, 0, 7.5, 0.75], "texture": "#4"},
				"up": {"uv": [7.25, 1.75, 6.5, 0.75], "texture": "#4"},
				"down": {"uv": [2.5, 6.5, 1.75, 7.5], "texture": "#4"}
			}
		},
		{
			"from": [7, -5.68514, 8.46111],
			"to": [9, -3.68514, 15.46111],
			"rotation": {"angle": 22.5, "axis": "x", "origin": [7.9996, -3.85436, 7.19445]},
			"faces": {
				"north": {"uv": [2, 8.75, 2.5, 9.25], "texture": "#4"},
				"east": {"uv": [5.5, 1.75, 7.25, 2.25], "texture": "#4"},
				"south": {"uv": [2.5, 8.75, 3, 9.25], "texture": "#4"},
				"west": {"uv": [5.5, 2.25, 7.25, 2.75], "texture": "#4"},
				"up": {"uv": [5, 7.25, 4.5, 5.5], "texture": "#4"},
				"down": {"uv": [6.25, 2.75, 5.75, 4.5], "texture": "#4"}
			}
		},
		{
			"from": [7, -5.68514, 16.46111],
			"to": [9, -3.68514, 17.46111],
			"rotation": {"angle": 22.5, "axis": "x", "origin": [7.9996, -3.85436, 7.19445]},
			"faces": {
				"north": {"uv": [4, 8.75, 4.5, 9.25], "texture": "#4"},
				"east": {"uv": [5, 5.5, 5.25, 6], "texture": "#4"},
				"south": {"uv": [4.5, 8.75, 5, 9.25], "texture": "#4"},
				"west": {"uv": [4.25, 6.75, 4.5, 7.25], "texture": "#4"},
				"up": {"uv": [5.25, 3, 4.75, 2.75], "texture": "#4"},
				"down": {"uv": [3.5, 8.25, 3, 8.5], "texture": "#4"}
			}
		},
		{
			"from": [6.5, -6.18514, 15.46111],
			"to": [9.5, -3.18514, 16.46111],
			"rotation": {"angle": 22.5, "axis": "x", "origin": [7.9996, -3.85436, 7.19445]},
			"faces": {
				"north": {"uv": [7.75, 2, 8.5, 2.75], "texture": "#4"},
				"east": {"uv": [2.75, 4.75, 3, 5.5], "texture": "#4"},
				"south": {"uv": [7.75, 2.75, 8.5, 3.5], "texture": "#4"},
				"west": {"uv": [5.25, 0, 5.5, 0.75], "texture": "#4"},
				"up": {"uv": [8.5, 5.25, 7.75, 5], "texture": "#4"},
				"down": {"uv": [2.25, 8.25, 1.5, 8.5], "texture": "#4"}
			}
		},
		{
			"from": [5.997, -5.61546, 6.66208],
			"to": [10.001, -3.61146, 8.66608],
			"rotation": {"angle": 0, "axis": "x", "origin": [7.9996, -3.85436, 7.19445]},
			"faces": {
				"north": {"uv": [8.5, 1, 9.5, 1.5], "texture": "#4"},
				"east": {"uv": [8.5, 8.75, 9, 9.25], "texture": "#4"},
				"south": {"uv": [8.5, 1.5, 9.5, 2], "texture": "#4"},
				"west": {"uv": [0, 9, 0.5, 9.5], "texture": "#4"},
				"up": {"uv": [9.5, 2.5, 8.5, 2], "texture": "#4"},
				"down": {"uv": [9.5, 2.5, 8.5, 3], "texture": "#4"}
			}
		},
		{
			"from": [8.025, -7.31235, 12.30597],
			"to": [8.025, -5.31235, 18.30597],
			"rotation": {"angle": -22.5, "axis": "x", "origin": [8.025, -5.81235, 13.80597]},
			"faces": {
				"north": {"uv": [0, 0, 0, 0.5], "texture": "#4"},
				"east": {"uv": [7, 5.25, 8.5, 5.75], "texture": "#4"},
				"south": {"uv": [0, 0, 0, 0.5], "texture": "#4"},
				"west": {"uv": [7, 5.75, 8.5, 6.25], "texture": "#4"},
				"up": {"uv": [0, 1.5, 0, 0], "texture": "#4"},
				"down": {"uv": [0, 0, 0, 1.5], "texture": "#4"}
			}
		},
		{
			"from": [8, -13.47656, 11.21333],
			"to": [8, -7.47656, 13.21333],
			"rotation": {"angle": -22.5, "axis": "x", "origin": [8, -8.47656, 10.56333]},
			"faces": {
				"north": {"uv": [0, 0, 0, 1.5], "texture": "#4"},
				"east": {"uv": [6.75, 7.25, 7.25, 8.75], "texture": "#4"},
				"south": {"uv": [0, 0, 0, 1.5], "texture": "#4"},
				"west": {"uv": [7.25, 7.25, 7.75, 8.75], "texture": "#4"},
				"up": {"uv": [0, 0.5, 0, 0], "texture": "#4"},
				"down": {"uv": [0, 0, 0, 0.5], "texture": "#4"}
			}
		},
		{
			"from": [8, -11.22656, 7.81333],
			"to": [8, -6.22656, 10.81333],
			"rotation": {"angle": 0, "axis": "x", "origin": [8, -8.47656, 10.56333]},
			"faces": {
				"north": {"uv": [0, 0, 0, 1.25], "texture": "#4"},
				"east": {"uv": [0, 4.75, 0.75, 6], "texture": "#4"},
				"south": {"uv": [0, 0, 0, 1.25], "texture": "#4"},
				"west": {"uv": [0.75, 4.75, 1.5, 6], "texture": "#4"},
				"up": {"uv": [0, 0.75, 0, 0], "texture": "#4"},
				"down": {"uv": [0, 0, 0, 0.75], "texture": "#4"}
			}
		},
		{
			"from": [6.497, 13.22152, 4.98582],
			"to": [9.501, 16.22552, 8.98982],
			"rotation": {"angle": 45, "axis": "x", "origin": [7.9996, 13.85467, 7.19371]},
			"faces": {
				"north": {"uv": [1.5, 7.5, 2.25, 8.25], "texture": "#4"},
				"east": {"uv": [6.25, 3.75, 7.25, 4.5], "texture": "#4"},
				"south": {"uv": [0, 7.75, 0.75, 8.5], "texture": "#4"},
				"west": {"uv": [6.25, 4.5, 7.25, 5.25], "texture": "#4"},
				"up": {"uv": [5.75, 7.25, 5, 6.25], "texture": "#4"},
				"down": {"uv": [7, 5.25, 6.25, 6.25], "texture": "#4"}
			}
		},
		{
			"from": [7, 13.68471, 8.46068],
			"to": [9, 15.68471, 15.46068],
			"rotation": {"angle": -22.5, "axis": "x", "origin": [7.9996, 13.85467, 7.19371]},
			"faces": {
				"north": {"uv": [8, 8.75, 7.5, 9.25], "rotation": 180, "texture": "#4"},
				"east": {"uv": [0, 6, 0.5, 7.75], "rotation": 270, "texture": "#4"},
				"south": {"uv": [7.5, 9.25, 7, 8.75], "texture": "#4"},
				"west": {"uv": [0.5, 6, 1, 7.75], "rotation": 90, "texture": "#4"},
				"up": {"uv": [5.75, 4.5, 6.25, 6.25], "rotation": 180, "texture": "#4"},
				"down": {"uv": [6, 0, 6.5, 1.75], "texture": "#4"}
			}
		},
		{
			"from": [7, 13.68471, 16.46068],
			"to": [9, 15.68471, 17.46068],
			"rotation": {"angle": -22.5, "axis": "x", "origin": [7.9996, 13.85467, 7.19371]},
			"faces": {
				"north": {"uv": [9.25, 8.25, 8.75, 8.75], "rotation": 180, "texture": "#4"},
				"east": {"uv": [9, 6.5, 9.5, 6.75], "rotation": 270, "texture": "#4"},
				"south": {"uv": [8.5, 9.25, 8, 8.75], "texture": "#4"},
				"west": {"uv": [9, 7, 9.5, 7.25], "rotation": 90, "texture": "#4"},
				"up": {"uv": [9, 6.25, 9.5, 6.5], "rotation": 180, "texture": "#4"},
				"down": {"uv": [9, 6.75, 9.5, 7], "texture": "#4"}
			}
		},
		{
			"from": [6.5, 13.18471, 15.46068],
			"to": [9.5, 16.18471, 16.46068],
			"rotation": {"angle": -22.5, "axis": "x", "origin": [7.9996, 13.85467, 7.19371]},
			"faces": {
				"north": {"uv": [8.5, 3.5, 7.75, 4.25], "rotation": 180, "texture": "#4"},
				"east": {"uv": [1, 9, 1.75, 9.25], "rotation": 270, "texture": "#4"},
				"south": {"uv": [4.25, 8.5, 3.5, 7.75], "texture": "#4"},
				"west": {"uv": [5.5, 9, 6.25, 9.25], "rotation": 90, "texture": "#4"},
				"up": {"uv": [8.5, 6, 9.25, 6.25], "rotation": 180, "texture": "#4"},
				"down": {"uv": [3, 9, 3.75, 9.25], "texture": "#4"}
			}
		},
		{
			"from": [5.997, 13.61263, 6.6605],
			"to": [10.001, 15.61663, 8.6645],
			"rotation": {"angle": 0, "axis": "x", "origin": [7.9996, 13.85467, 7.19371]},
			"faces": {
				"north": {"uv": [3, 8.5, 4, 9], "texture": "#4"},
				"east": {"uv": [9, 0, 9.5, 0.5], "texture": "#4"},
				"south": {"uv": [8.5, 3, 9.5, 3.5], "texture": "#4"},
				"west": {"uv": [0.5, 9, 1, 9.5], "texture": "#4"},
				"up": {"uv": [9.5, 4, 8.5, 3.5], "texture": "#4"},
				"down": {"uv": [9.5, 4, 8.5, 4.5], "texture": "#4"}
			}
		},
		{
			"from": [8, 16.22656, 7.81333],
			"to": [8, 21.22656, 10.81333],
			"rotation": {"angle": 0, "axis": "x", "origin": [8, 18.47656, 10.56333]},
			"faces": {
				"north": {"uv": [0, 0, 0, 1.25], "texture": "#4"},
				"east": {"uv": [4.5, 3, 5.25, 4.25], "texture": "#4"},
				"south": {"uv": [0, 0, 0, 1.25], "texture": "#4"},
				"west": {"uv": [4.5, 4.25, 5.25, 5.5], "texture": "#4"},
				"up": {"uv": [0, 0.75, 0, 0], "texture": "#4"},
				"down": {"uv": [0, 0, 0, 0.75], "texture": "#4"}
			}
		},
		{
			"from": [8, 17.47656, 11.21333],
			"to": [8, 23.47656, 13.21333],
			"rotation": {"angle": 22.5, "axis": "x", "origin": [8, 18.47656, 10.56333]},
			"faces": {
				"north": {"uv": [0, 0, 0, 1.5], "texture": "#4"},
				"east": {"uv": [4.75, 7.25, 5.25, 8.75], "texture": "#4"},
				"south": {"uv": [0, 0, 0, 1.5], "texture": "#4"},
				"west": {"uv": [5.25, 7.25, 5.75, 8.75], "texture": "#4"},
				"up": {"uv": [0, 0.5, 0, 0], "texture": "#4"},
				"down": {"uv": [0, 0, 0, 0.5], "texture": "#4"}
			}
		},
		{
			"from": [8.025, 15.56235, 16.80597],
			"to": [8.025, 17.56235, 22.80597],
			"rotation": {"angle": 45, "axis": "x", "origin": [8.025, 21.81235, 15.80597]},
			"faces": {
				"north": {"uv": [0, 0, 0, 0.5], "texture": "#4"},
				"east": {"uv": [7.5, 0, 9, 0.5], "texture": "#4"},
				"south": {"uv": [0, 0, 0, 0.5], "texture": "#4"},
				"west": {"uv": [7.5, 6.25, 9, 6.75], "texture": "#4"},
				"up": {"uv": [0, 1.5, 0, 0], "texture": "#4"},
				"down": {"uv": [0, 0, 0, 1.5], "texture": "#4"}
			}
		},
		{
			"name": "bottom",
			"from": [7.998, -6.12301, 11.95241],
			"to": [7.998, 9.87699, 12.95241],
			"rotation": {"angle": 45, "axis": "x", "origin": [7.998, -6.12301, 12.45241]},
			"faces": {
				"north": {"uv": [0, 0, 0, 3.75], "texture": "#4"},
				"east": {"uv": [3.5, 3, 3.75, 6.75], "texture": "#4"},
				"south": {"uv": [0, 0, 0, 3.75], "texture": "#4"},
				"west": {"uv": [3.75, 3, 4, 6.75], "texture": "#4"},
				"up": {"uv": [0, 0.25, 0, 0], "texture": "#4"},
				"down": {"uv": [0, 0, 0, 0.25], "texture": "#4"}
			}
		},
		{
			"name": "top",
			"from": [7.999, 0.12301, 11.95241],
			"to": [7.999, 16.12301, 12.95241],
			"rotation": {"angle": -45, "axis": "x", "origin": [7.999, 16.12301, 12.45241]},
			"faces": {
				"north": {"uv": [0, 0, 0, 3.75], "texture": "#4"},
				"east": {"uv": [4, 3, 4.25, 6.75], "texture": "#4"},
				"south": {"uv": [0, 0, 0, 3.75], "texture": "#4"},
				"west": {"uv": [4.25, 3, 4.5, 6.75], "texture": "#4"},
				"up": {"uv": [0, 0.25, 0, 0], "texture": "#4"},
				"down": {"uv": [0, 0, 0, 0.25], "texture": "#4"}
			}
		}
	],
	"gui_light": "front",
	"display": {
		"thirdperson_righthand": {
			"translation": [0, 0.25, 3.25],
			"scale": [0.7, 0.7, 0.7]
		},
		"thirdperson_lefthand": {
			"translation": [0, 0.25, 3.25],
			"scale": [0.7, 0.7, 0.7]
		},
		"firstperson_righthand": {
			"rotation": [22.5, 3, 0],
			"translation": [0.75, 5, 2.25],
			"scale": [0.4, 0.4, 0.4]
		},
		"firstperson_lefthand": {
			"rotation": [22.5, 3, 0],
			"translation": [0.75, 5, 2.25],
			"scale": [0.4, 0.4, 0.4]
		},
		"ground": {
			"rotation": [45, 0, 0],
			"translation": [0, 10, 0],
			"scale": [0.5, 0.5, 0.5]
		},
		"gui": {
			"rotation": [90, 45, -90],
			"translation": [0.75, 2.25, 0],
			"scale": [0.6, 0.6, 0.6]
		},
		"fixed": {
			"rotation": [90, -45, 90],
			"translation": [-0.5, 2.75, -1.25],
			"scale": [0.7, 0.7, 0.7]
		}
	},
	"groups": [
		{
			"name": "bow",
			"origin": [8.01, 2.49, 11.51],
			"color": 0,
			"children": [
				{
					"name": "arrow",
					"origin": [7.5, 5, 23],
					"color": 0,
					"children": [0, 1, 2]
				},
				{
					"name": "handle",
					"origin": [7.5, -0.5, 5.5],
					"color": 0,
					"children": [3, 4, 5, 6, 7, 8]
				},
				{
					"name": "extra",
					"origin": [7.999, 14.73618, 7.33599],
					"color": 0,
					"children": [
						{
							"name": "bottom",
							"origin": [7.999, -4.7354, 7.33784],
							"color": 0,
							"children": [9, 10, 11, 12, 13, 14, 15, 16]
						},
						{
							"name": "top",
							"origin": [7.999, 14.73618, 7.33599],
							"color": 0,
							"children": [17, 18, 19, 20, 21, 22, 23, 24]
						}
					]
				},
				{
					"name": "gems",
					"origin": [8.025, -7.81235, 12.80597],
					"color": 0,
					"children": []
				},
				{
					"name": "string",
					"origin": [7.999, 17.87301, 11.45241],
					"color": 0,
					"children": [25, 26]
				}
			]
		}
	]
}