{
	"credit": "Made by Jeqo",
	"texture_size": [64, 64],
	"textures": {
		"0": "item/jeqo/gem_set/green_gem_axe"
	},
	"elements": [
		{
			"from": [7, -8.25, 7],
			"to": [9, 5.75, 9],
			"rotation": {"angle": 0, "axis": "y", "origin": [0, 21.75, 0]},
			"faces": {
				"north": {"uv": [0, 2, 0.5, 5.5], "texture": "#0"},
				"east": {"uv": [0.5, 2, 1, 5.5], "texture": "#0"},
				"south": {"uv": [1, 2, 1.5, 5.5], "texture": "#0"},
				"west": {"uv": [1.5, 2, 2, 5.5], "texture": "#0"},
				"up": {"uv": [8.5, 2.75, 8, 2.25], "texture": "#0"},
				"down": {"uv": [4.5, 8, 4, 8.5], "texture": "#0"}
			}
		},
		{
			"from": [6.75, -4.25, 6.75],
			"to": [9.25, 1.75, 9.25],
			"rotation": {"angle": 0, "axis": "y", "origin": [0, 21.75, 0]},
			"faces": {
				"north": {"uv": [0, 5.5, 0.75, 7], "texture": "#0"},
				"east": {"uv": [0.75, 5.5, 1.5, 7], "texture": "#0"},
				"south": {"uv": [1.5, 5.5, 2.25, 7], "texture": "#0"},
				"west": {"uv": [2.25, 5.5, 3, 7], "texture": "#0"},
				"up": {"uv": [6.75, 7.5, 6, 6.75], "texture": "#0"},
				"down": {"uv": [7.5, 6.75, 6.75, 7.5], "texture": "#0"}
			}
		},
		{
			"from": [6.5, -7.25, 6.5],
			"to": [9.5, -5.25, 9.5],
			"rotation": {"angle": 0, "axis": "y", "origin": [0, 19.75, 0]},
			"faces": {
				"north": {"uv": [7.75, 3.25, 8.5, 3.75], "texture": "#0"},
				"east": {"uv": [7.75, 3.75, 8.5, 4.25], "texture": "#0"},
				"south": {"uv": [7.75, 4.25, 8.5, 4.75], "texture": "#0"},
				"west": {"uv": [7.75, 4.75, 8.5, 5.25], "texture": "#0"},
				"up": {"uv": [0.75, 7.75, 0, 7], "texture": "#0"},
				"down": {"uv": [1.5, 7, 0.75, 7.75], "texture": "#0"}
			}
		},
		{
			"from": [6.5, -9.25, 6.5],
			"to": [9.5, -8.25, 9.5],
			"rotation": {"angle": 0, "axis": "y", "origin": [0, 16.75, 0]},
			"faces": {
				"north": {"uv": [6.25, 5.5, 7, 5.75], "texture": "#0"},
				"east": {"uv": [8.5, 3.5, 9.25, 3.75], "texture": "#0"},
				"south": {"uv": [8.5, 3.75, 9.25, 4], "texture": "#0"},
				"west": {"uv": [4, 8.5, 4.75, 8.75], "texture": "#0"},
				"up": {"uv": [2.25, 7.75, 1.5, 7], "texture": "#0"},
				"down": {"uv": [3, 7, 2.25, 7.75], "texture": "#0"}
			}
		},
		{
			"from": [7, -10.25, 7],
			"to": [9, -9.25, 9],
			"rotation": {"angle": 0, "axis": "y", "origin": [0, 15.75, 0]},
			"faces": {
				"north": {"uv": [8.5, 6, 9, 6.25], "texture": "#0"},
				"east": {"uv": [8.5, 6.75, 9, 7], "texture": "#0"},
				"south": {"uv": [8.5, 7, 9, 7.25], "texture": "#0"},
				"west": {"uv": [8.5, 7.25, 9, 7.5], "texture": "#0"},
				"up": {"uv": [5, 8.5, 4.5, 8], "texture": "#0"},
				"down": {"uv": [8.5, 5.25, 8, 5.75], "texture": "#0"}
			}
		},
		{
			"from": [6.5, 1.75, 6.5],
			"to": [9.5, 3.75, 9.5],
			"rotation": {"angle": 0, "axis": "y", "origin": [0, 21.75, 0]},
			"faces": {
				"north": {"uv": [5, 7.75, 5.75, 8.25], "texture": "#0"},
				"east": {"uv": [5.75, 7.75, 6.5, 8.25], "texture": "#0"},
				"south": {"uv": [7.5, 7.75, 8.25, 8.25], "texture": "#0"},
				"west": {"uv": [0, 8, 0.75, 8.5], "texture": "#0"},
				"up": {"uv": [7.75, 3.75, 7, 3], "texture": "#0"},
				"down": {"uv": [7.75, 3.75, 7, 4.5], "texture": "#0"}
			}
		},
		{
			"from": [6, 5.75, 7],
			"to": [10, 8.75, 9],
			"rotation": {"angle": 0, "axis": "y", "origin": [8, 7.75, 8.5]},
			"faces": {
				"north": {"uv": [4, 6.75, 5, 7.5], "texture": "#0"},
				"east": {"uv": [2.5, 7.75, 3, 8.5], "texture": "#0"},
				"south": {"uv": [5, 6.75, 6, 7.5], "texture": "#0"},
				"west": {"uv": [6.5, 7.75, 7, 8.5], "texture": "#0"},
				"up": {"uv": [3.75, 2, 2.75, 1.5], "texture": "#0"},
				"down": {"uv": [6.75, 3, 5.75, 3.5], "texture": "#0"}
			}
		},
		{
			"from": [6.5, 8.75, 7],
			"to": [9.5, 9.75, 9],
			"rotation": {"angle": 0, "axis": "y", "origin": [7.5, 11.75, 8.5]},
			"faces": {
				"north": {"uv": [8.5, 4, 9.25, 4.25], "texture": "#0"},
				"east": {"uv": [7.5, 8.5, 8, 8.75], "texture": "#0"},
				"south": {"uv": [8.5, 4.25, 9.25, 4.5], "texture": "#0"},
				"west": {"uv": [8.5, 7.5, 9, 7.75], "texture": "#0"},
				"up": {"uv": [8.75, 0.5, 8, 0], "texture": "#0"},
				"down": {"uv": [8.75, 0.5, 8, 1], "texture": "#0"}
			}
		},
		{
			"from": [7, 6.25, 6.5],
			"to": [9, 8.25, 9.5],
			"rotation": {"angle": -45, "axis": "z", "origin": [8, 7.25, 8]},
			"faces": {
				"north": {"uv": [8, 5.75, 8.5, 6.25], "texture": "#0"},
				"east": {"uv": [0.75, 8, 1.5, 8.5], "texture": "#0"},
				"south": {"uv": [8, 6.75, 8.5, 7.25], "texture": "#0"},
				"west": {"uv": [8, 1, 8.75, 1.5], "texture": "#0"},
				"up": {"uv": [2, 8.75, 1.5, 8], "texture": "#0"},
				"down": {"uv": [8.5, 1.5, 8, 2.25], "texture": "#0"}
			}
		},
		{
			"from": [5.5, 11.5, 7],
			"to": [9.5, 15.5, 9],
			"rotation": {"angle": -45, "axis": "z", "origin": [8, 13, 8]},
			"faces": {
				"north": {"uv": [4.75, 2.5, 5.75, 3.5], "texture": "#0"},
				"east": {"uv": [7, 5.5, 7.5, 6.5], "texture": "#0"},
				"south": {"uv": [3, 5.5, 4, 6.5], "texture": "#0"},
				"west": {"uv": [7.25, 4.5, 7.75, 5.5], "texture": "#0"},
				"up": {"uv": [4, 8, 3, 7.5], "texture": "#0"},
				"down": {"uv": [5, 7.5, 4, 8], "texture": "#0"}
			}
		},
		{
			"from": [7.25, 9.25, 7.025],
			"to": [9.25, 10.25, 8.975],
			"rotation": {"angle": -45, "axis": "z", "origin": [7.25, 12.25, 8]},
			"faces": {
				"north": {"uv": [8, 8.5, 8.5, 8.75], "texture": "#0"},
				"east": {"uv": [8.5, 8.25, 9, 8.5], "texture": "#0"},
				"south": {"uv": [8.5, 8.5, 9, 8.75], "texture": "#0"},
				"west": {"uv": [8.75, 0, 9.25, 0.25], "texture": "#0"},
				"up": {"uv": [8.5, 7.75, 8, 7.25], "texture": "#0"},
				"down": {"uv": [5.5, 8.25, 5, 8.75], "texture": "#0"}
			}
		},
		{
			"from": [6.75, 9.25, 7.025],
			"to": [8.75, 10.25, 8.975],
			"rotation": {"angle": 45, "axis": "z", "origin": [8.75, 12.25, 8]},
			"faces": {
				"north": {"uv": [8.75, 0.25, 9.25, 0.5], "texture": "#0"},
				"east": {"uv": [0.5, 8.75, 1, 9], "texture": "#0"},
				"south": {"uv": [8.75, 0.5, 9.25, 0.75], "texture": "#0"},
				"west": {"uv": [8.75, 0.75, 9.25, 1], "texture": "#0"},
				"up": {"uv": [6, 8.75, 5.5, 8.25], "texture": "#0"},
				"down": {"uv": [6.5, 8.25, 6, 8.75], "texture": "#0"}
			}
		},
		{
			"from": [-1, 4.75, 7.5],
			"to": [3, 8.75, 8.5],
			"rotation": {"angle": 22.5, "axis": "z", "origin": [-1, 8.75, 7.5]},
			"faces": {
				"north": {"uv": [5.75, 0, 6.75, 1], "texture": "#0"},
				"east": {"uv": [7, 8.25, 7.25, 9.25], "texture": "#0"},
				"south": {"uv": [5.75, 1, 6.75, 2], "texture": "#0"},
				"west": {"uv": [7.25, 8.25, 7.5, 9.25], "texture": "#0"},
				"up": {"uv": [9, 3, 8, 2.75], "texture": "#0"},
				"down": {"uv": [9, 6.25, 8, 6.5], "texture": "#0"}
			}
		},
		{
			"from": [-1, 8.75, 7.475],
			"to": [3.25, 13.75, 8.525],
			"rotation": {"angle": 0, "axis": "y", "origin": [-1, 13.75, 7.5]},
			"faces": {
				"north": {"uv": [4.25, 4.5, 5.25, 5.75], "texture": "#0"},
				"east": {"uv": [3, 8, 3.25, 9.25], "texture": "#0"},
				"south": {"uv": [4.75, 0, 5.75, 1.25], "texture": "#0"},
				"west": {"uv": [3.25, 8, 3.5, 9.25], "texture": "#0"},
				"up": {"uv": [8.5, 8.5, 7.5, 8.25], "texture": "#0"},
				"down": {"uv": [9.25, 7.75, 8.25, 8], "texture": "#0"}
			}
		},
		{
			"from": [2.65, 10.25, 7.525],
			"to": [6.65, 14.25, 8.475],
			"rotation": {"angle": 45, "axis": "z", "origin": [6.25, 10.25, 7]},
			"faces": {
				"north": {"uv": [5.75, 2, 6.75, 3], "texture": "#0"},
				"east": {"uv": [0, 8.5, 0.25, 9.5], "texture": "#0"},
				"south": {"uv": [4, 5.75, 5, 6.75], "texture": "#0"},
				"west": {"uv": [0.25, 8.5, 0.5, 9.5], "texture": "#0"},
				"up": {"uv": [9.25, 8.25, 8.25, 8], "texture": "#0"},
				"down": {"uv": [1.5, 8.5, 0.5, 8.75], "texture": "#0"}
			}
		},
		{
			"from": [-1.60896, 10.68853, 7.5],
			"to": [6.39104, 13.68853, 8.5],
			"rotation": {"angle": -22.5, "axis": "z", "origin": [6.39104, 10.68853, 7.5]},
			"faces": {
				"north": {"uv": [2, 2, 4, 2.75], "texture": "#0"},
				"east": {"uv": [8.5, 4.5, 8.75, 5.25], "texture": "#0"},
				"south": {"uv": [2.75, 0, 4.75, 0.75], "texture": "#0"},
				"west": {"uv": [4.75, 8.5, 5, 9.25], "texture": "#0"},
				"up": {"uv": [9, 6.75, 7, 6.5], "texture": "#0"},
				"down": {"uv": [7, 7.5, 5, 7.75], "texture": "#0"}
			}
		},
		{
			"from": [0.62677, 5.28456, 8],
			"to": [5.62677, 8.28456, 8],
			"rotation": {"angle": -22.5, "axis": "z", "origin": [0.20177, 5.10956, 8.5]},
			"faces": {
				"north": {"uv": [6.75, 0, 8, 0.75], "texture": "#0"},
				"east": {"uv": [0, 0, 0, 0.75], "texture": "#0"},
				"south": {"uv": [6.75, 0.75, 8, 1.5], "texture": "#0"},
				"west": {"uv": [0, 0, 0, 0.75], "texture": "#0"},
				"up": {"uv": [1.25, 0, 0, 0], "texture": "#0"},
				"down": {"uv": [1.25, 0, 0, 0], "texture": "#0"}
			}
		},
		{
			"from": [2.5, 9.75, 6.975],
			"to": [13.5, 13.75, 9.025],
			"rotation": {"angle": 0, "axis": "y", "origin": [9.5, 9.75, 8]},
			"faces": {
				"north": {"uv": [0, 0, 2.75, 1], "texture": "#0"},
				"east": {"uv": [7.5, 5.5, 8, 6.5], "texture": "#0"},
				"south": {"uv": [0, 1, 2.75, 2], "texture": "#0"},
				"west": {"uv": [7.5, 6.75, 8, 7.75], "texture": "#0"},
				"up": {"uv": [7, 4, 4.25, 3.5], "texture": "#0"},
				"down": {"uv": [7, 4, 4.25, 4.5], "texture": "#0"}
			}
		},
		{
			"from": [9.60896, 10.68853, 7.5],
			"to": [17.60896, 13.68853, 8.5],
			"rotation": {"angle": 22.5, "axis": "z", "origin": [9.60896, 10.68853, 7.5]},
			"faces": {
				"north": {"uv": [2.75, 0.75, 4.75, 1.5], "texture": "#0"},
				"east": {"uv": [8.5, 5.25, 8.75, 6], "texture": "#0"},
				"south": {"uv": [2, 2.75, 4, 3.5], "texture": "#0"},
				"west": {"uv": [6.5, 8.5, 6.75, 9.25], "texture": "#0"},
				"up": {"uv": [2, 8, 0, 7.75], "texture": "#0"},
				"down": {"uv": [9.75, 3, 7.75, 3.25], "texture": "#0"}
			}
		},
		{
			"from": [12.75, 8.75, 7.475],
			"to": [17, 13.75, 8.525],
			"rotation": {"angle": 0, "axis": "y", "origin": [17, 13.75, 7.5]},
			"faces": {
				"north": {"uv": [4.75, 1.25, 5.75, 2.5], "texture": "#0"},
				"east": {"uv": [3.5, 8, 3.75, 9.25], "texture": "#0"},
				"south": {"uv": [5.25, 4.5, 6.25, 5.75], "texture": "#0"},
				"west": {"uv": [3.75, 8, 4, 9.25], "texture": "#0"},
				"up": {"uv": [9.5, 1.75, 8.5, 1.5], "texture": "#0"},
				"down": {"uv": [9.5, 1.75, 8.5, 2], "texture": "#0"}
			}
		},
		{
			"from": [7.10896, 10.68853, 8],
			"to": [10.10896, 18.68853, 8],
			"rotation": {"angle": -22.5, "axis": "z", "origin": [9.60896, 10.68853, 7.5]},
			"faces": {
				"north": {"uv": [2, 3.5, 2.75, 5.5], "texture": "#0"},
				"east": {"uv": [0, 0, 0, 2], "texture": "#0"},
				"south": {"uv": [2.75, 3.5, 3.5, 5.5], "texture": "#0"},
				"west": {"uv": [0, 0, 0, 2], "texture": "#0"},
				"up": {"uv": [0.75, 0, 0, 0], "texture": "#0"},
				"down": {"uv": [0.75, 0, 0, 0], "texture": "#0"}
			}
		},
		{
			"from": [5.89104, 10.68853, 8],
			"to": [8.89104, 18.68853, 8],
			"rotation": {"angle": 22.5, "axis": "z", "origin": [6.39104, 10.68853, 7.5]},
			"faces": {
				"north": {"uv": [3.5, 3.5, 4.25, 5.5], "texture": "#0"},
				"east": {"uv": [0, 0, 0, 2], "texture": "#0"},
				"south": {"uv": [4, 1.5, 4.75, 3.5], "texture": "#0"},
				"west": {"uv": [0, 0, 0, 2], "texture": "#0"},
				"up": {"uv": [0.75, 0, 0, 0], "texture": "#0"},
				"down": {"uv": [0.75, 0, 0, 0], "texture": "#0"}
			}
		},
		{
			"from": [9.35, 10.25, 7.525],
			"to": [13.35, 14.25, 8.475],
			"rotation": {"angle": -45, "axis": "z", "origin": [9.75, 10.25, 7]},
			"faces": {
				"north": {"uv": [5, 5.75, 6, 6.75], "texture": "#0"},
				"east": {"uv": [2, 8.5, 2.25, 9.5], "texture": "#0"},
				"south": {"uv": [6, 5.75, 7, 6.75], "texture": "#0"},
				"west": {"uv": [2.25, 8.5, 2.5, 9.5], "texture": "#0"},
				"up": {"uv": [9.5, 2.25, 8.5, 2], "texture": "#0"},
				"down": {"uv": [9.5, 2.25, 8.5, 2.5], "texture": "#0"}
			}
		},
		{
			"from": [13, 4.75, 7.5],
			"to": [17, 8.75, 8.5],
			"rotation": {"angle": -22.5, "axis": "z", "origin": [17, 8.75, 7.5]},
			"faces": {
				"north": {"uv": [6.25, 4.5, 7.25, 5.5], "texture": "#0"},
				"east": {"uv": [2.5, 8.5, 2.75, 9.5], "texture": "#0"},
				"south": {"uv": [3, 6.5, 4, 7.5], "texture": "#0"},
				"west": {"uv": [2.75, 8.5, 3, 9.5], "texture": "#0"},
				"up": {"uv": [9.5, 2.75, 8.5, 2.5], "texture": "#0"},
				"down": {"uv": [9.5, 3.25, 8.5, 3.5], "texture": "#0"}
			}
		},
		{
			"from": [10.37323, 5.28456, 8],
			"to": [15.37323, 8.28456, 8],
			"rotation": {"angle": 22.5, "axis": "z", "origin": [15.79823, 5.10956, 8.5]},
			"faces": {
				"north": {"uv": [6.75, 1.5, 8, 2.25], "texture": "#0"},
				"east": {"uv": [0, 0, 0, 0.75], "texture": "#0"},
				"south": {"uv": [6.75, 2.25, 8, 3], "texture": "#0"},
				"west": {"uv": [0, 0, 0, 0.75], "texture": "#0"},
				"up": {"uv": [1.25, 0, 0, 0], "texture": "#0"},
				"down": {"uv": [1.25, 0, 0, 0], "texture": "#0"}
			}
		},
		{
			"from": [0.91582, 15.37519, 8],
			"to": [2.91582, 18.37519, 8],
			"rotation": {"angle": -45, "axis": "z", "origin": [1.91582, 16.87519, 8]},
			"faces": {
				"north": {"uv": [7, 7.5, 7.5, 8.25], "texture": "#0"},
				"east": {"uv": [0, 0, 0, 0.75], "texture": "#0"},
				"south": {"uv": [2, 7.75, 2.5, 8.5], "texture": "#0"},
				"west": {"uv": [0, 0, 0, 0.75], "texture": "#0"},
				"up": {"uv": [0.5, 0, 0, 0], "texture": "#0"},
				"down": {"uv": [0.5, 0, 0, 0], "texture": "#0"}
			}
		},
		{
			"from": [13.08418, 15.37519, 8],
			"to": [15.08418, 18.37519, 8],
			"rotation": {"angle": 45, "axis": "z", "origin": [14.08418, 16.87519, 8]},
			"faces": {
				"north": {"uv": [7.5, 7.5, 7, 8.25], "texture": "#0"},
				"east": {"uv": [0, 0, 0, 0.75], "texture": "#0"},
				"south": {"uv": [2.5, 7.75, 2, 8.5], "texture": "#0"},
				"west": {"uv": [0, 0, 0, 0.75], "texture": "#0"},
				"up": {"uv": [0, 0, 0.5, 0], "texture": "#0"},
				"down": {"uv": [0, 0, 0.5, 0], "texture": "#0"}
			}
		}
	],
	"gui_light": "front",
	"display": {
		"thirdperson_righthand": {
			"rotation": [0, -90, 0],
			"translation": [0, 4.75, 2],
			"scale": [0.7, 0.7, 0.7]
		},
		"thirdperson_lefthand": {
			"rotation": [0, -90, 0],
			"translation": [0, 4.75, 2],
			"scale": [0.7, 0.7, 0.7]
		},
		"firstperson_righthand": {
			"rotation": [5, 85, 0],
			"translation": [3, 3, 0.25],
			"scale": [0.4, 0.4, 0.4]
		},
		"firstperson_lefthand": {
			"rotation": [5, -85, 0],
			"translation": [3, 3, 0.25],
			"scale": [0.4, 0.4, 0.4]
		},
		"ground": {
			"rotation": [0, 0, -45],
			"translation": [2.5, 7, 0],
			"scale": [0.5, 0.5, 0.5]
		},
		"gui": {
			"rotation": [0, 0, -45],
			"translation": [0.75, 0.75, -0.75],
			"scale": [0.6, 0.6, 0.6]
		},
		"head": {
			"rotation": [0, 0, 45],
			"translation": [9.75, 7.5, 0.75],
			"scale": [0.6, 0.6, 0.6]
		},
		"fixed": {
			"rotation": [0, -180, -45],
			"translation": [-1, 0.75, -0.75],
			"scale": [0.7, 0.7, 0.7]
		}
	},
	"groups": [
		{
			"name": "axe",
			"origin": [14.08418, 16.87519, 8],
			"color": 0,
			"children": [0, 1, 2, 3, 4, 5, 6, 7, 8, 9, 10, 11, 12, 13, 14, 15, 16, 17, 18, 19, 20, 21, 22, 23, 24, 25, 26]
		}
	]
}