{
	"credit": "Made by Jeqo",
	"texture_size": [32, 32],
	"textures": {
		"0": "item/jeqo/gem_set/red_gem_hoe"
	},
	"elements": [
		{
			"from": [7, -6.2, 7],
			"to": [9, 7.8, 9],
			"rotation": {"angle": 0, "axis": "y", "origin": [16, 23.8, 16]},
			"faces": {
				"north": {"uv": [0, 0, 1, 7], "texture": "#0"},
				"east": {"uv": [1, 0, 2, 7], "texture": "#0"},
				"south": {"uv": [2, 0, 3, 7], "texture": "#0"},
				"west": {"uv": [3, 0, 4, 7], "texture": "#0"},
				"up": {"uv": [13.5, 5, 12.5, 4], "texture": "#0"},
				"down": {"uv": [13.5, 5, 12.5, 6], "texture": "#0"}
			}
		},
		{
			"from": [7, -8.2, 7],
			"to": [9, -7.2, 9],
			"rotation": {"angle": 0, "axis": "y", "origin": [16, 21.8, 16]},
			"faces": {
				"north": {"uv": [9, 6.5, 10, 7], "texture": "#0"},
				"east": {"uv": [10, 8, 11, 8.5], "texture": "#0"},
				"south": {"uv": [2, 10.5, 3, 11], "texture": "#0"},
				"west": {"uv": [10.5, 6, 11.5, 6.5], "texture": "#0"},
				"up": {"uv": [7, 13.5, 6, 12.5], "texture": "#0"},
				"down": {"uv": [8, 12.5, 7, 13.5], "texture": "#0"}
			}
		},
		{
			"from": [6.75, -3.2, 6.75],
			"to": [9.25, 3.8, 9.25],
			"rotation": {"angle": 0, "axis": "y", "origin": [16, 23.8, 16]},
			"faces": {
				"north": {"uv": [4, 0, 5.5, 3.5], "texture": "#0"},
				"east": {"uv": [4, 3.5, 5.5, 7], "texture": "#0"},
				"south": {"uv": [5.5, 0, 7, 3.5], "texture": "#0"},
				"west": {"uv": [5.5, 3.5, 7, 7], "texture": "#0"},
				"up": {"uv": [8, 10, 6.5, 8.5], "texture": "#0"},
				"down": {"uv": [10, 7, 8.5, 8.5], "texture": "#0"}
			}
		},
		{
			"from": [6.501, -5.199, 6.501],
			"to": [9.499, -3.201, 9.499],
			"rotation": {"angle": 0, "axis": "y", "origin": [16, 21.8, 16]},
			"faces": {
				"north": {"uv": [11, 1, 12.5, 2], "texture": "#0"},
				"east": {"uv": [2, 11, 3.5, 12], "texture": "#0"},
				"south": {"uv": [11, 2, 12.5, 3], "texture": "#0"},
				"west": {"uv": [11, 3, 12.5, 4], "texture": "#0"},
				"up": {"uv": [9.5, 10, 8, 8.5], "texture": "#0"},
				"down": {"uv": [10.5, 5, 9, 6.5], "texture": "#0"}
			}
		},
		{
			"from": [6.501, -7.199, 6.501],
			"to": [9.499, -6.201, 9.499],
			"rotation": {"angle": 0, "axis": "y", "origin": [16, 18.8, 16]},
			"faces": {
				"north": {"uv": [13.5, 2, 15, 2.5], "texture": "#0"},
				"east": {"uv": [13.5, 2.5, 15, 3], "texture": "#0"},
				"south": {"uv": [3, 13.5, 4.5, 14], "texture": "#0"},
				"west": {"uv": [13.5, 3, 15, 3.5], "texture": "#0"},
				"up": {"uv": [11, 1.5, 9.5, 0], "texture": "#0"},
				"down": {"uv": [11, 1.5, 9.5, 3], "texture": "#0"}
			}
		},
		{
			"from": [6.501, 3.801, 6.501],
			"to": [9.499, 5.799, 9.499],
			"rotation": {"angle": 0, "axis": "y", "origin": [16, 23.8, 16]},
			"faces": {
				"north": {"uv": [3.5, 11, 5, 12], "texture": "#0"},
				"east": {"uv": [11, 4, 12.5, 5], "texture": "#0"},
				"south": {"uv": [5, 11, 6.5, 12], "texture": "#0"},
				"west": {"uv": [8, 11, 9.5, 12], "texture": "#0"},
				"up": {"uv": [6.5, 11, 5, 9.5], "texture": "#0"},
				"down": {"uv": [11, 8.5, 9.5, 10], "texture": "#0"}
			}
		},
		{
			"from": [5.999, 7.749, 6.999],
			"to": [10.001, 10.751, 9.001],
			"rotation": {"angle": 0, "axis": "y", "origin": [8, 9.75, 7.5]},
			"faces": {
				"north": {"uv": [7, 5.5, 9, 7], "texture": "#0"},
				"east": {"uv": [11, 8, 12, 9.5], "texture": "#0"},
				"south": {"uv": [6.5, 7, 8.5, 8.5], "texture": "#0"},
				"west": {"uv": [9.5, 11, 10.5, 12.5], "texture": "#0"},
				"up": {"uv": [10, 11, 8, 10], "texture": "#0"},
				"down": {"uv": [12, 10, 10, 11], "texture": "#0"}
			}
		},
		{
			"from": [6.499, 10.749, 6.999],
			"to": [9.501, 14.751, 9.001],
			"rotation": {"angle": 0, "axis": "y", "origin": [8.5, 13.75, 7.5]},
			"faces": {
				"north": {"uv": [0, 8.5, 1.5, 10.5], "texture": "#0"},
				"east": {"uv": [0, 10.5, 1, 12.5], "texture": "#0"},
				"south": {"uv": [1.5, 8.5, 3, 10.5], "texture": "#0"},
				"west": {"uv": [1, 10.5, 2, 12.5], "texture": "#0"},
				"up": {"uv": [12, 12, 10.5, 11], "texture": "#0"},
				"down": {"uv": [13, 6, 11.5, 7], "texture": "#0"}
			}
		},
		{
			"from": [6.999, 8.249, 6.499],
			"to": [9.001, 10.251, 9.501],
			"rotation": {"angle": -45, "axis": "z", "origin": [8, 9.25, 8]},
			"faces": {
				"north": {"uv": [9.5, 12.5, 10.5, 13.5], "texture": "#0"},
				"east": {"uv": [6.5, 11.5, 8, 12.5], "texture": "#0"},
				"south": {"uv": [12.5, 12, 13.5, 13], "texture": "#0"},
				"west": {"uv": [11.5, 7, 13, 8], "texture": "#0"},
				"up": {"uv": [3, 13.5, 2, 12], "texture": "#0"},
				"down": {"uv": [4, 12, 3, 13.5], "texture": "#0"}
			}
		},
		{
			"from": [6.998, 13.548, 6.998],
			"to": [10.002, 16.552, 9.002],
			"rotation": {"angle": 45, "axis": "z", "origin": [8, 14.55, 8]},
			"faces": {
				"north": {"uv": [6.5, 10, 8, 11.5], "texture": "#0"},
				"east": {"uv": [4, 12, 5, 13.5], "texture": "#0"},
				"south": {"uv": [10, 6.5, 11.5, 8], "texture": "#0"},
				"west": {"uv": [5, 12, 6, 13.5], "texture": "#0"},
				"up": {"uv": [9.5, 13, 8, 12], "texture": "#0"},
				"down": {"uv": [13.5, 8, 12, 9], "texture": "#0"}
			}
		},
		{
			"from": [14.499, 13.249, 7.499],
			"to": [15.501, 14.251, 8.501],
			"rotation": {"angle": 0, "axis": "y", "origin": [14.5, 13.25, 8]},
			"faces": {
				"north": {"uv": [8.5, 5, 9, 5.5], "texture": "#0"},
				"east": {"uv": [6, 12, 6.5, 12.5], "texture": "#0"},
				"south": {"uv": [13.5, 5.5, 14, 6], "texture": "#0"},
				"west": {"uv": [13.5, 8, 14, 8.5], "texture": "#0"},
				"up": {"uv": [14, 9, 13.5, 8.5], "texture": "#0"},
				"down": {"uv": [10, 13.5, 9.5, 14], "texture": "#0"}
			}
		},
		{
			"from": [9.5, 12.25, 7],
			"to": [14.5, 15.25, 9],
			"rotation": {"angle": 0, "axis": "y", "origin": [7.49, 12.74, 8.01]},
			"faces": {
				"north": {"uv": [7, 1.5, 9.5, 3], "texture": "#0"},
				"east": {"uv": [12, 9, 13, 10.5], "texture": "#0"},
				"south": {"uv": [2.5, 7, 5, 8.5], "texture": "#0"},
				"west": {"uv": [10.5, 12, 11.5, 13.5], "texture": "#0"},
				"up": {"uv": [11, 4, 8.5, 3], "texture": "#0"},
				"down": {"uv": [11, 4, 8.5, 5], "texture": "#0"}
			}
		},
		{
			"from": [6.65154, 11.85231, 7.001],
			"to": [8.64954, 12.85031, 8.999],
			"rotation": {"angle": 45, "axis": "z", "origin": [8.65054, 14.85131, 8.011]},
			"faces": {
				"north": {"uv": [11, 9.5, 12, 10], "texture": "#0"},
				"east": {"uv": [13.5, 3.5, 14.5, 4], "texture": "#0"},
				"south": {"uv": [13.5, 4, 14.5, 4.5], "texture": "#0"},
				"west": {"uv": [4.5, 13.5, 5.5, 14], "texture": "#0"},
				"up": {"uv": [14, 1, 13, 0], "texture": "#0"},
				"down": {"uv": [14, 6, 13, 7], "texture": "#0"}
			}
		},
		{
			"from": [6.57013, 11.26132, 7.001],
			"to": [7.56813, 13.25932, 8.999],
			"rotation": {"angle": 45, "axis": "z", "origin": [6.5388, 11.37643, 8]},
			"faces": {
				"north": {"uv": [13.5, 4.5, 14, 5.5], "texture": "#0"},
				"east": {"uv": [13, 7, 14, 8], "texture": "#0"},
				"south": {"uv": [5.5, 13.5, 6, 14.5], "texture": "#0"},
				"west": {"uv": [8, 13, 9, 14], "texture": "#0"},
				"up": {"uv": [6.5, 14.5, 6, 13.5], "texture": "#0"},
				"down": {"uv": [7, 13.5, 6.5, 14.5], "texture": "#0"}
			}
		},
		{
			"from": [14.5, 12.75, 7.5],
			"to": [18.5, 14.75, 8.5],
			"rotation": {"angle": -22.5, "axis": "z", "origin": [14.5, 14.75, 8]},
			"faces": {
				"north": {"uv": [10.5, 5, 12.5, 6], "texture": "#0"},
				"east": {"uv": [7, 13.5, 7.5, 14.5], "texture": "#0"},
				"south": {"uv": [11, 0, 13, 1], "texture": "#0"},
				"west": {"uv": [7.5, 13.5, 8, 14.5], "texture": "#0"},
				"up": {"uv": [15, 9.5, 13, 9], "texture": "#0"},
				"down": {"uv": [15, 9.5, 13, 10], "texture": "#0"}
			}
		},
		{
			"from": [16.64706, 9.12157, 7.502],
			"to": [17.64506, 13.11957, 8.5],
			"rotation": {"angle": 22.5, "axis": "z", "origin": [18.19606, 13.22057, 8.001]},
			"faces": {
				"north": {"uv": [9, 13, 9.5, 15], "texture": "#0"},
				"east": {"uv": [13, 10, 13.5, 12], "texture": "#0"},
				"south": {"uv": [12.5, 13, 13, 15], "texture": "#0"},
				"west": {"uv": [13, 13, 13.5, 15], "texture": "#0"},
				"up": {"uv": [10.5, 14, 10, 13.5], "texture": "#0"},
				"down": {"uv": [14, 10, 13.5, 10.5], "texture": "#0"}
			}
		},
		{
			"from": [4.5, 12.25, 7],
			"to": [6.5, 15.25, 9],
			"rotation": {"angle": 0, "axis": "y", "origin": [7.49, 12.74, 8.01]},
			"faces": {
				"north": {"uv": [12, 10.5, 13, 12], "texture": "#0"},
				"east": {"uv": [11.5, 12, 12.5, 13.5], "texture": "#0"},
				"south": {"uv": [0, 12.5, 1, 14], "texture": "#0"},
				"west": {"uv": [1, 12.5, 2, 14], "texture": "#0"},
				"up": {"uv": [14.5, 2, 13.5, 1], "texture": "#0"},
				"down": {"uv": [3, 13.5, 2, 14.5], "texture": "#0"}
			}
		},
		{
			"from": [2.5, 11.25, 6.5],
			"to": [4.5, 16.25, 9.5],
			"rotation": {"angle": 0, "axis": "y", "origin": [7.49, 12.74, 8.01]},
			"faces": {
				"north": {"uv": [3, 8.5, 4, 11], "texture": "#0"},
				"east": {"uv": [7, 3, 8.5, 5.5], "texture": "#0"},
				"south": {"uv": [4, 8.5, 5, 11], "texture": "#0"},
				"west": {"uv": [5, 7, 6.5, 9.5], "texture": "#0"},
				"up": {"uv": [13.5, 2.5, 12.5, 1], "texture": "#0"},
				"down": {"uv": [13.5, 2.5, 12.5, 4], "texture": "#0"}
			}
		},
		{
			"from": [10.5, 14.25, 8],
			"to": [15.5, 17.25, 8],
			"rotation": {"angle": -22.5, "axis": "z", "origin": [13, 16.75, 8]},
			"faces": {
				"north": {"uv": [0, 7, 2.5, 8.5], "texture": "#0"},
				"east": {"uv": [0, 0, 0, 1.5], "texture": "#0"},
				"south": {"uv": [7, 0, 9.5, 1.5], "texture": "#0"},
				"west": {"uv": [0, 0, 0, 1.5], "texture": "#0"},
				"up": {"uv": [2.5, 0, 0, 0], "texture": "#0"},
				"down": {"uv": [2.5, 0, 0, 0], "texture": "#0"}
			}
		}
	],
	"gui_light": "front",
	"display": {
		"thirdperson_righthand": {
			"rotation": [0, 90, 0],
			"translation": [0, 3.5, 1.75],
			"scale": [0.7, 0.7, 0.7]
		},
		"thirdperson_lefthand": {
			"rotation": [0, -90, 0],
			"translation": [0, 3.5, 1.75],
			"scale": [0.7, 0.7, 0.7]
		},
		"firstperson_righthand": {
			"rotation": [5, 85, 0],
			"translation": [3, 3, 0.25],
			"scale": [0.4, 0.4, 0.4]
		},
		"firstperson_lefthand": {
			"rotation": [5, -85, 0],
			"translation": [3, 3, 0.25],
			"scale": [0.4, 0.4, 0.4]
		},
		"ground": {
			"rotation": [0, 0, -45],
			"translation": [2.5, 7, 0],
			"scale": [0.5, 0.5, 0.5]
		},
		"gui": {
			"rotation": [0, -180, 45],
			"translation": [1.25, 0, 0],
			"scale": [0.6, 0.6, 0.6]
		},
		"fixed": {
			"rotation": [0, 0, 45],
			"translation": [-1, 0, -0.75],
			"scale": [0.7, 0.7, 0.7]
		}
	},
	"groups": [
		{
			"name": "hoe",
			"origin": [13, 16.75, 8],
			"color": 0,
			"children": [0, 1, 2, 3, 4, 5, 6, 7, 8, 9, 10, 11, 12, 13, 14, 15, 16, 17, 18]
		}
	]
}