{
	"credit": "Made by Jeqo",
	"texture_size": [64, 64],
	"textures": {
		"0": "item/jeqo/gem_set/red_gem_rod"
	},
	"elements": [
		{
			"from": [7, -12.2, 7],
			"to": [9, -3.2, 9],
			"rotation": {"angle": 0, "axis": "y", "origin": [0, 17.8, 0]},
			"faces": {
				"north": {"uv": [3.75, 3.5, 4.25, 5.75], "texture": "#0"},
				"east": {"uv": [4.25, 3.5, 4.75, 5.75], "texture": "#0"},
				"south": {"uv": [4.5, 0, 5, 2.25], "texture": "#0"},
				"west": {"uv": [3, 4.5, 3.5, 6.75], "texture": "#0"},
				"up": {"uv": [3.5, 8.25, 3, 7.75], "texture": "#0"},
				"down": {"uv": [8.25, 3, 7.75, 3.5], "texture": "#0"}
			}
		},
		{
			"from": [6.75, -10.2, 6.75],
			"to": [9.25, -3.2, 9.25],
			"rotation": {"angle": 0, "axis": "y", "origin": [0, 17.8, 0]},
			"faces": {
				"north": {"uv": [0.5, 3, 1.25, 4.75], "texture": "#0"},
				"east": {"uv": [3, 2.75, 3.75, 4.5], "texture": "#0"},
				"south": {"uv": [3.5, 0, 4.25, 1.75], "texture": "#0"},
				"west": {"uv": [3.75, 1.75, 4.5, 3.5], "texture": "#0"},
				"up": {"uv": [7.25, 4.75, 6.5, 4], "texture": "#0"},
				"down": {"uv": [6.75, 6.5, 6, 7.25], "texture": "#0"}
			}
		},
		{
			"from": [7, -15.2, 7],
			"to": [9, -14.2, 9],
			"rotation": {"angle": 0, "axis": "y", "origin": [0, 16.8, 0]},
			"faces": {
				"north": {"uv": [5, 2, 5.5, 2.25], "texture": "#0"},
				"east": {"uv": [8.5, 0.5, 9, 0.75], "texture": "#0"},
				"south": {"uv": [8.5, 0.75, 9, 1], "texture": "#0"},
				"west": {"uv": [8.5, 1, 9, 1.25], "texture": "#0"},
				"up": {"uv": [8.25, 4, 7.75, 3.5], "texture": "#0"},
				"down": {"uv": [6, 7.75, 5.5, 8.25], "texture": "#0"}
			}
		},
		{
			"from": [7, 4.8, 7],
			"to": [9, 15.8, 9],
			"rotation": {"angle": 0, "axis": "y", "origin": [0, 36.8, 0]},
			"faces": {
				"north": {"uv": [1.5, 0, 2, 2.75], "texture": "#0"},
				"east": {"uv": [2, 0, 2.5, 2.75], "texture": "#0"},
				"south": {"uv": [2.5, 0, 3, 2.75], "texture": "#0"},
				"west": {"uv": [1.5, 2.75, 2, 5.5], "texture": "#0"},
				"up": {"uv": [7.25, 8.25, 6.75, 7.75], "texture": "#0"},
				"down": {"uv": [7.75, 7.75, 7.25, 8.25], "texture": "#0"}
			}
		},
		{
			"from": [8, 4.8, 5],
			"to": [8, 15.8, 6],
			"rotation": {"angle": 0, "axis": "y", "origin": [0, 36.8, -3]},
			"faces": {
				"north": {"uv": [0, 0, 0, 2.75], "texture": "#0"},
				"east": {"uv": [0.75, 5.75, 1, 8.5], "texture": "#0"},
				"south": {"uv": [0, 0, 0, 2.75], "texture": "#0"},
				"west": {"uv": [1, 5.75, 1.25, 8.5], "texture": "#0"},
				"up": {"uv": [0, 0.25, 0, 0], "texture": "#0"},
				"down": {"uv": [0, 0, 0, 0.25], "texture": "#0"}
			}
		},
		{
			"from": [7, 14.99865, 4.97136],
			"to": [9, 25.99865, 6.97136],
			"rotation": {"angle": -22.5, "axis": "x", "origin": [8, 20.49865, 5.97136]},
			"faces": {
				"north": {"uv": [2, 2.75, 2.5, 5.5], "texture": "#0"},
				"east": {"uv": [2.5, 2.75, 3, 5.5], "texture": "#0"},
				"south": {"uv": [0, 3, 0.5, 5.75], "texture": "#0"},
				"west": {"uv": [3, 0, 3.5, 2.75], "texture": "#0"},
				"up": {"uv": [8.25, 8.25, 7.75, 7.75], "texture": "#0"},
				"down": {"uv": [8.5, 4, 8, 4.5], "texture": "#0"}
			}
		},
		{
			"from": [6.5, 15.18791, 5.42284],
			"to": [9.5, 16.18791, 9.42284],
			"rotation": {"angle": -22.5, "axis": "x", "origin": [8, 15.68791, 7.42284]},
			"faces": {
				"north": {"uv": [8.25, 3.75, 9, 4], "texture": "#0"},
				"east": {"uv": [8, 4.5, 9, 4.75], "texture": "#0"},
				"south": {"uv": [7.25, 8.25, 8, 8.5], "texture": "#0"},
				"west": {"uv": [8, 4.75, 9, 5], "texture": "#0"},
				"up": {"uv": [6.25, 3, 5.5, 2], "texture": "#0"},
				"down": {"uv": [3, 5.5, 2.25, 6.5], "texture": "#0"}
			}
		},
		{
			"from": [6.5, 21.04611, -0.31741],
			"to": [9.5, 22.04611, 3.68259],
			"rotation": {"angle": -22.5, "axis": "x", "origin": [8, 29.54611, 1.68259]},
			"faces": {
				"north": {"uv": [8.25, 7.25, 9, 7.5], "texture": "#0"},
				"east": {"uv": [8, 5, 9, 5.25], "texture": "#0"},
				"south": {"uv": [8.25, 7.5, 9, 7.75], "texture": "#0"},
				"west": {"uv": [8, 5.25, 9, 5.5], "texture": "#0"},
				"up": {"uv": [0.75, 6.75, 0, 5.75], "texture": "#0"},
				"down": {"uv": [6.5, 3, 5.75, 4], "texture": "#0"}
			}
		},
		{
			"from": [7.5, 22.45824, -2.25576],
			"to": [8.5, 27.45824, -1.25576],
			"rotation": {"angle": -45, "axis": "x", "origin": [8.5, 30.6029, -1.75576]},
			"faces": {
				"north": {"uv": [4.25, 0, 4.5, 1.25], "texture": "#0"},
				"east": {"uv": [5, 7.5, 5.25, 8.75], "texture": "#0"},
				"south": {"uv": [5.25, 7.5, 5.5, 8.75], "texture": "#0"},
				"west": {"uv": [2.75, 7.75, 3, 9], "texture": "#0"},
				"up": {"uv": [4.5, 1.5, 4.25, 1.25], "texture": "#0"},
				"down": {"uv": [4.5, 1.5, 4.25, 1.75], "texture": "#0"}
			}
		},
		{
			"from": [8.001, 23.29973, -4.02532],
			"to": [8.001, 27.29973, -3.02532],
			"rotation": {"angle": -45, "axis": "x", "origin": [7.501, 30.44438, -2.52532]},
			"faces": {
				"north": {"uv": [0, 0, 0, 1], "texture": "#0"},
				"east": {"uv": [3.5, 1.75, 3.75, 2.75], "texture": "#0"},
				"south": {"uv": [0, 0, 0, 1], "texture": "#0"},
				"west": {"uv": [6, 8, 6.25, 9], "texture": "#0"},
				"up": {"uv": [0, 0.25, 0, 0], "texture": "#0"},
				"down": {"uv": [0, 0, 0, 0.25], "texture": "#0"}
			}
		},
		{
			"from": [8.001, 16.1467, 2.743],
			"to": [8.001, 26.1467, 3.743],
			"rotation": {"angle": -22.5, "axis": "x", "origin": [7.001, 21.6467, 5.743]},
			"faces": {
				"north": {"uv": [0, 0, 0, 2.5], "texture": "#0"},
				"east": {"uv": [4.5, 5.75, 4.75, 8.25], "texture": "#0"},
				"south": {"uv": [0, 0, 0, 2.5], "texture": "#0"},
				"west": {"uv": [4.75, 6.25, 5, 8.75], "texture": "#0"},
				"up": {"uv": [0, 0.25, 0, 0], "texture": "#0"},
				"down": {"uv": [0, 0, 0, 0.25], "texture": "#0"}
			}
		},
		{
			"from": [6.501, -12.199, 6.501],
			"to": [9.499, -10.201, 9.499],
			"rotation": {"angle": 0, "axis": "y", "origin": [0, 15.8, 0]},
			"faces": {
				"north": {"uv": [7.5, 7.25, 8.25, 7.75], "texture": "#0"},
				"east": {"uv": [7.75, 0, 8.5, 0.5], "texture": "#0"},
				"south": {"uv": [7.75, 0.5, 8.5, 1], "texture": "#0"},
				"west": {"uv": [7.75, 1, 8.5, 1.5], "texture": "#0"},
				"up": {"uv": [7.75, 1.5, 7, 0.75], "texture": "#0"},
				"down": {"uv": [2.25, 7, 1.5, 7.75], "texture": "#0"}
			}
		},
		{
			"from": [6.501, -3.199, 6.501],
			"to": [9.499, -1.201, 9.499],
			"rotation": {"angle": 0, "axis": "y", "origin": [0, 16.8, 0]},
			"faces": {
				"north": {"uv": [1.25, 7.75, 2, 8.25], "texture": "#0"},
				"east": {"uv": [2, 7.75, 2.75, 8.25], "texture": "#0"},
				"south": {"uv": [7.75, 2, 8.5, 2.5], "texture": "#0"},
				"west": {"uv": [7.75, 2.5, 8.5, 3], "texture": "#0"},
				"up": {"uv": [3, 7.75, 2.25, 7], "texture": "#0"},
				"down": {"uv": [7.5, 7, 6.75, 7.75], "texture": "#0"}
			}
		},
		{
			"from": [5.999, 0.799, 5.999],
			"to": [10.001, 4.801, 10.001],
			"rotation": {"angle": 0, "axis": "y", "origin": [8, 2.85, 8.5]},
			"faces": {
				"north": {"uv": [4.5, 2.25, 5.5, 3.25], "texture": "#0"},
				"east": {"uv": [4.75, 3.25, 5.75, 4.25], "texture": "#0"},
				"south": {"uv": [4.75, 4.25, 5.75, 5.25], "texture": "#0"},
				"west": {"uv": [5, 0, 6, 1], "texture": "#0"},
				"up": {"uv": [6, 2, 5, 1], "texture": "#0"},
				"down": {"uv": [5.75, 5.25, 4.75, 6.25], "texture": "#0"}
			}
		},
		{
			"from": [6.499, 7.799, 5.499],
			"to": [9.501, 8.801, 9.501],
			"rotation": {"angle": 0, "axis": "y", "origin": [8, 7.85, 8.5]},
			"faces": {
				"north": {"uv": [8.25, 7.75, 9, 8], "texture": "#0"},
				"east": {"uv": [8, 5.5, 9, 5.75], "texture": "#0"},
				"south": {"uv": [8, 8.25, 8.75, 8.5], "texture": "#0"},
				"west": {"uv": [1.25, 8.25, 2.25, 8.5], "texture": "#0"},
				"up": {"uv": [4.5, 6.75, 3.75, 5.75], "texture": "#0"},
				"down": {"uv": [6.5, 4, 5.75, 5], "texture": "#0"}
			}
		},
		{
			"from": [1.997, 0.17727, 6.5],
			"to": [5.999, 3.17927, 9.502],
			"rotation": {"angle": 45, "axis": "x", "origin": [4.498, 1.67827, 8.001]},
			"faces": {
				"north": {"uv": [5.75, 5, 6.75, 5.75], "texture": "#0"},
				"east": {"uv": [7.25, 4, 8, 4.75], "texture": "#0"},
				"south": {"uv": [5.75, 5.75, 6.75, 6.5], "texture": "#0"},
				"west": {"uv": [6, 7.25, 6.75, 8], "texture": "#0"},
				"up": {"uv": [7, 0.75, 6, 0], "texture": "#0"},
				"down": {"uv": [7, 0.75, 6, 1.5], "texture": "#0"}
			}
		},
		{
			"from": [-2.003, 2.17727, 6.5],
			"to": [1.999, 3.17927, 7.502],
			"rotation": {"angle": 45, "axis": "x", "origin": [0.498, 1.67827, 8.001]},
			"faces": {
				"north": {"uv": [8.25, 3, 9.25, 3.25], "texture": "#0"},
				"east": {"uv": [4.5, 3.25, 4.75, 3.5], "texture": "#0"},
				"south": {"uv": [8.25, 3.25, 9.25, 3.5], "texture": "#0"},
				"west": {"uv": [5.5, 3, 5.75, 3.25], "texture": "#0"},
				"up": {"uv": [9.25, 3.75, 8.25, 3.5], "texture": "#0"},
				"down": {"uv": [4.75, 8.25, 3.75, 8.5], "texture": "#0"}
			}
		},
		{
			"from": [6.999, 1.799, 5.499],
			"to": [9.001, 3.801, 10.501],
			"rotation": {"angle": 45, "axis": "z", "origin": [8, 2.8, 8]},
			"faces": {
				"north": {"uv": [6.25, 8, 6.75, 8.5], "texture": "#0"},
				"east": {"uv": [6.5, 3, 7.75, 3.5], "texture": "#0"},
				"south": {"uv": [0, 8.25, 0.5, 8.75], "texture": "#0"},
				"west": {"uv": [6.5, 3.5, 7.75, 4], "texture": "#0"},
				"up": {"uv": [5.5, 7.5, 5, 6.25], "texture": "#0"},
				"down": {"uv": [6, 6.5, 5.5, 7.75], "texture": "#0"}
			}
		},
		{
			"from": [6.499, 1.799, 6.999],
			"to": [10.501, 3.801, 9.001],
			"rotation": {"angle": 45, "axis": "x", "origin": [8, 2.8, 8]},
			"faces": {
				"north": {"uv": [7.5, 1.5, 8.5, 2], "texture": "#0"},
				"east": {"uv": [2.25, 8.25, 2.75, 8.75], "texture": "#0"},
				"south": {"uv": [7.5, 5.75, 8.5, 6.25], "texture": "#0"},
				"west": {"uv": [3, 8.25, 3.5, 8.75], "texture": "#0"},
				"up": {"uv": [8.5, 6.75, 7.5, 6.25], "texture": "#0"},
				"down": {"uv": [8.5, 6.75, 7.5, 7.25], "texture": "#0"}
			}
		},
		{
			"from": [6.501, -14.199, 6.501],
			"to": [9.499, -13.201, 9.499],
			"rotation": {"angle": 0, "axis": "y", "origin": [0, 15.8, 0]},
			"faces": {
				"north": {"uv": [8.25, 8, 9, 8.25], "texture": "#0"},
				"east": {"uv": [8.5, 0, 9.25, 0.25], "texture": "#0"},
				"south": {"uv": [8.5, 0.25, 9.25, 0.5], "texture": "#0"},
				"west": {"uv": [0.5, 8.5, 1.25, 8.75], "texture": "#0"},
				"up": {"uv": [0.75, 8.25, 0, 7.5], "texture": "#0"},
				"down": {"uv": [4.5, 7.5, 3.75, 8.25], "texture": "#0"}
			}
		},
		{
			"from": [7.001, -13.199, 7.001],
			"to": [8.999, -12.201, 8.999],
			"rotation": {"angle": 0, "axis": "y", "origin": [0, 16.8, 0]},
			"faces": {
				"north": {"uv": [1.25, 8.5, 1.75, 8.75], "texture": "#0"},
				"east": {"uv": [8.5, 1.25, 9, 1.5], "texture": "#0"},
				"south": {"uv": [8.5, 1.5, 9, 1.75], "texture": "#0"},
				"west": {"uv": [1.75, 8.5, 2.25, 8.75], "texture": "#0"},
				"up": {"uv": [6, 8.75, 5.5, 8.25], "texture": "#0"},
				"down": {"uv": [7.25, 8.25, 6.75, 8.75], "texture": "#0"}
			}
		},
		{
			"from": [4.999, -1.201, 4.999],
			"to": [11.001, 0.801, 11.001],
			"rotation": {"angle": 0, "axis": "y", "origin": [8, 3.85, 8.5]},
			"faces": {
				"north": {"uv": [6, 1.5, 7.5, 2], "texture": "#0"},
				"east": {"uv": [6.25, 2, 7.75, 2.5], "texture": "#0"},
				"south": {"uv": [6.25, 2.5, 7.75, 3], "texture": "#0"},
				"west": {"uv": [1.5, 6.5, 3, 7], "texture": "#0"},
				"up": {"uv": [1.5, 1.5, 0, 0], "texture": "#0"},
				"down": {"uv": [1.5, 1.5, 0, 3], "texture": "#0"}
			}
		},
		{
			"from": [9.25, 4.55, 8],
			"to": [11.25, 8.55, 8],
			"rotation": {"angle": -45, "axis": "z", "origin": [10, 6.8, 8]},
			"faces": {
				"north": {"uv": [3, 6.75, 3.5, 7.75], "texture": "#0"},
				"east": {"uv": [0, 0, 0, 1], "texture": "#0"},
				"south": {"uv": [7.5, 4.75, 8, 5.75], "texture": "#0"},
				"west": {"uv": [0, 0, 0, 1], "texture": "#0"},
				"up": {"uv": [0.5, 0, 0, 0], "texture": "#0"},
				"down": {"uv": [0.5, 0, 0, 0], "texture": "#0"}
			}
		},
		{
			"from": [10.25, 4.55, 7],
			"to": [10.25, 8.55, 9],
			"rotation": {"angle": -45, "axis": "z", "origin": [10, 6.8, 8]},
			"faces": {
				"north": {"uv": [0, 0, 0, 1], "texture": "#0"},
				"east": {"uv": [3, 6.75, 3.5, 7.75], "texture": "#0"},
				"south": {"uv": [0, 0, 0, 1], "texture": "#0"},
				"west": {"uv": [7.5, 4.75, 8, 5.75], "texture": "#0"},
				"up": {"uv": [0.5, 0, 0, 0], "rotation": 90, "texture": "#0"},
				"down": {"uv": [0.5, 0, 0, 0], "rotation": 270, "texture": "#0"}
			}
		},
		{
			"from": [5.75, 4.55, 7],
			"to": [5.75, 8.55, 9],
			"rotation": {"angle": 45, "axis": "z", "origin": [6, 6.8, 8]},
			"faces": {
				"north": {"uv": [0, 0, 0, 1], "texture": "#0"},
				"east": {"uv": [8, 4.75, 7.5, 5.75], "texture": "#0"},
				"south": {"uv": [0, 0, 0, 1], "texture": "#0"},
				"west": {"uv": [3.5, 6.75, 3, 7.75], "texture": "#0"},
				"up": {"uv": [0.5, 0, 0, 0], "rotation": 90, "texture": "#0"},
				"down": {"uv": [0.5, 0, 0, 0], "rotation": 270, "texture": "#0"}
			}
		},
		{
			"from": [4.75, 4.55, 8],
			"to": [6.75, 8.55, 8],
			"rotation": {"angle": 45, "axis": "z", "origin": [6, 6.8, 8]},
			"faces": {
				"north": {"uv": [3.5, 6.75, 3, 7.75], "texture": "#0"},
				"east": {"uv": [0, 0, 0, 1], "texture": "#0"},
				"south": {"uv": [8, 4.75, 7.5, 5.75], "texture": "#0"},
				"west": {"uv": [0, 0, 0, 1], "texture": "#0"},
				"up": {"uv": [0, 0, 0.5, 0], "texture": "#0"},
				"down": {"uv": [0, 0, 0.5, 0], "texture": "#0"}
			}
		}
	],
	"gui_light": "front",
	"display": {
		"thirdperson_righthand": {
			"rotation": [29.64, 2.31, 5.52],
			"translation": [-1, 7, 6],
			"scale": [0.7, 0.7, 0.7]
		},
		"thirdperson_lefthand": {
			"rotation": [29.64, 2.31, 5.52],
			"translation": [-1, 7, 6],
			"scale": [0.7, 0.7, 0.7]
		},
		"firstperson_righthand": {
			"rotation": [-20.71, 8.29, 2.92],
			"translation": [3, 2, 0],
			"scale": [0.35, 0.35, 0.35]
		},
		"firstperson_lefthand": {
			"rotation": [-20.71, 8.29, 2.92],
			"translation": [3, 2, 0],
			"scale": [0.35, 0.35, 0.35]
		},
		"ground": {
			"rotation": [-22.5, 0, 0],
			"translation": [0, 5, 0],
			"scale": [0.3, 0.3, 0.3]
		},
		"gui": {
			"rotation": [-90, -60, -90],
			"translation": [-0.75, 1.5, 0],
			"scale": [0.45, 0.45, 0.45]
		},
		"fixed": {
			"rotation": [-90, 60, 90],
			"translation": [1, 2, -1.5],
			"scale": [0.65, 0.65, 0.65]
		}
	},
	"groups": [
		{
			"name": "fishing_rod",
			"origin": [6, 6.8, 8],
			"color": 0,
			"children": [0, 1, 2, 3, 4, 5, 6, 7, 8, 9, 10, 11, 12, 13, 14, 15, 16, 17, 18, 19, 20, 21, 22, 23, 24, 25]
		}
	]
}