{
   "littleroom.turkey.gobble1":{
		 "sounds": [
			"littleroom/turkey/gobble1"
		 ]
	},
   "littleroom.turkey.gobble2":{
		 "sounds": [
			"littleroom/turkey/gobble2"
		 ]
	},
   "littleroom.turkey.impact":{
		 "sounds": [
			"littleroom/turkey/impact"
		 ]
	},
   "littleroom.turkey.jump":{
		 "sounds": [
			"littleroom/turkey/jump"
		 ]
	},
   "littleroom.turkey.lay_egg":{
		 "sounds": [
			"littleroom/turkey/lay_egg"
		 ]
	},
   "littleroom.turkey.missile_impact":{
		 "sounds": [
			"littleroom/turkey/missile_impact"
		 ]
	},
   "littleroom.turkey.missile_launch":{
		 "sounds": [
			"littleroom/turkey/missile_launch"
		 ]
	},
   "littleroom.turkey.robot_legs":{
		 "sounds": [
			"littleroom/turkey/robot_legs"
		 ]
	},
   "littleroom.turkey.woosh":{
		 "sounds": [
			"littleroom/turkey/woosh"
		 ]
	}
}
