{
  "parent": "minecraft:item/handheld",
  "textures": {
    "layer0": "minecraft:item/netherite_shovel"
  },
  "overrides": [
    { "predicate": { "custom_model_data": 1 }, "model": "yungwilder:independence_set/independence_shovel" },
      { "predicate": {"custom_model_data": 2001}, "model": "item/solar_shovel"},
        {"predicate":{"custom_model_data":5600},"model":"item/jeqo/gem_set/red_gem_shovel"},
        {"predicate":{"custom_model_data":5601},"model":"item/jeqo/gem_set/blue_gem_shovel"},
        {"predicate":{"custom_model_data":5602},"model":"item/jeqo/gem_set/green_gem_shovel"},
        {"predicate":{"custom_model_data":5603},"model":"item/jeqo/gem_set/purple_gem_shovel"},
        {"predicate":{"custom_model_data":5604},"model":"item/jeqo/gem_set/pink_gem_shovel"},
        { "predicate": {"custom_model_data": 10000}, "model": "custom/bat_shovel"},
        { "predicate": {"custom_model_data": 10001}, "model": "custom/leaf_shovel"}
]
}